fetched_on,zip_code,city,region,date,max_temp_f,min_temp_f,condition
2026-04-13,90045,Los Angeles,California,2026-04-13,70.2,51.4,Sunny
2026-04-13,90045,Los Angeles,California,2026-04-14,66.0,55.6,Sunny
2026-04-13,90045,Los Angeles,California,2026-04-15,61.9,56.1,Cloudy 
2026-04-13,90045,Los Angeles,California,2026-04-16,66.4,56.7,Mist
2026-04-13,90045,Los Angeles,California,2026-04-17,69.7,59.8,Sunny
2026-04-13,90045,Los Angeles,California,2026-04-18,69.0,63.7,Sunny
2026-04-13,90045,Los Angeles,California,2026-04-19,66.8,60.6,Patchy rain nearby
2026-04-13,10001,New York,New York,2026-04-13,85.5,46.0,Patchy rain nearby
2026-04-13,10001,New York,New York,2026-04-14,86.0,59.4,Sunny
2026-04-13,10001,New York,New York,2026-04-15,90.0,66.7,Sunny
2026-04-13,10001,New York,New York,2026-04-16,83.7,67.6,Overcast 
2026-04-13,10001,New York,New York,2026-04-17,78.6,65.5,Patchy rain nearby
2026-04-13,10001,New York,New York,2026-04-18,66.0,52.7,Overcast 
2026-04-13,10001,New York,New York,2026-04-19,69.3,52.7,Overcast 
2026-04-13,60601,Chicago,Illinois,2026-04-13,75.4,54.0,Patchy rain nearby
2026-04-13,60601,Chicago,Illinois,2026-04-14,68.2,59.5,Patchy rain nearby
2026-04-13,60601,Chicago,Illinois,2026-04-15,52.3,43.3,Heavy rain
2026-04-13,60601,Chicago,Illinois,2026-04-16,71.8,46.9,Moderate rain
2026-04-13,60601,Chicago,Illinois,2026-04-17,68.1,48.2,Patchy rain nearby
2026-04-13,60601,Chicago,Illinois,2026-04-18,65.7,50.6,Patchy rain nearby
2026-04-13,60601,Chicago,Illinois,2026-04-19,46.7,37.9,Partly Cloudy 
2026-04-13,98101,Seattle,Washington,2026-04-13,55.4,43.9,Patchy rain nearby
2026-04-13,98101,Seattle,Washington,2026-04-14,47.8,42.6,Heavy rain
2026-04-13,98101,Seattle,Washington,2026-04-15,44.1,38.8,Heavy rain
2026-04-13,98101,Seattle,Washington,2026-04-16,55.0,36.9,Patchy rain nearby
2026-04-13,98101,Seattle,Washington,2026-04-17,51.8,39.0,Patchy rain nearby
2026-04-13,98101,Seattle,Washington,2026-04-18,60.7,40.8,Patchy rain nearby
2026-04-13,98101,Seattle,Washington,2026-04-19,49.0,43.9,Patchy rain nearby
2026-04-13,33101,Miami,Florida,2026-04-13,81.9,67.5,Sunny
2026-04-13,33101,Miami,Florida,2026-04-14,76.3,70.3,Partly Cloudy 
2026-04-13,33101,Miami,Florida,2026-04-15,79.3,67.6,Partly Cloudy 
2026-04-13,33101,Miami,Florida,2026-04-16,80.2,69.8,Partly Cloudy 
2026-04-13,33101,Miami,Florida,2026-04-17,80.4,76.3,Patchy rain nearby
2026-04-13,33101,Miami,Florida,2026-04-18,80.8,76.2,Patchy rain nearby
2026-04-13,33101,Miami,Florida,2026-04-19,81.1,76.3,Partly Cloudy 
2026-04-13,77001,Houston,Texas,2026-04-13,86.2,70.5,Patchy rain nearby
2026-04-13,77001,Houston,Texas,2026-04-14,80.1,70.2,Overcast 
2026-04-13,77001,Houston,Texas,2026-04-15,81.3,69.6,Overcast 
2026-04-13,77001,Houston,Texas,2026-04-16,86.3,70.3,Partly Cloudy 
2026-04-13,77001,Houston,Texas,2026-04-17,86.3,69.4,Partly Cloudy 
2026-04-13,77001,Houston,Texas,2026-04-18,83.7,69.9,Patchy rain nearby
2026-04-13,77001,Houston,Texas,2026-04-19,82.4,67.2,Patchy rain nearby
2026-04-13,85001,Phoenix,Arizona,2026-04-13,84.0,63.1,Sunny
2026-04-13,85001,Phoenix,Arizona,2026-04-14,80.1,55.4,Sunny
2026-04-13,85001,Phoenix,Arizona,2026-04-15,86.5,57.0,Sunny
2026-04-13,85001,Phoenix,Arizona,2026-04-16,86.3,59.9,Sunny
2026-04-13,85001,Phoenix,Arizona,2026-04-17,79.9,61.4,Sunny
2026-04-13,85001,Phoenix,Arizona,2026-04-18,83.7,64.2,Partly Cloudy 
2026-04-13,85001,Phoenix,Arizona,2026-04-19,88.5,69.6,Sunny
2026-04-13,19101,Philadelphia,Pennsylvania,2026-04-13,89.4,50.7,Patchy rain nearby
2026-04-13,19101,Philadelphia,Pennsylvania,2026-04-14,88.3,60.1,Sunny
2026-04-13,19101,Philadelphia,Pennsylvania,2026-04-15,91.4,65.5,Sunny
2026-04-13,19101,Philadelphia,Pennsylvania,2026-04-16,86.2,66.6,Overcast 
2026-04-13,19101,Philadelphia,Pennsylvania,2026-04-17,80.2,66.4,Patchy rain nearby
2026-04-13,19101,Philadelphia,Pennsylvania,2026-04-18,78.0,61.4,Sunny
2026-04-13,19101,Philadelphia,Pennsylvania,2026-04-19,68.4,52.4,Patchy rain nearby
2026-04-13,78201,San Antonio,Texas,2026-04-13,92.7,71.4,Patchy rain nearby
2026-04-13,78201,San Antonio,Texas,2026-04-14,86.9,69.4,Overcast 
2026-04-13,78201,San Antonio,Texas,2026-04-15,86.0,69.4,Overcast 
2026-04-13,78201,San Antonio,Texas,2026-04-16,90.2,67.8,Overcast 
2026-04-13,78201,San Antonio,Texas,2026-04-17,88.7,67.3,Patchy rain nearby
2026-04-13,78201,San Antonio,Texas,2026-04-18,76.8,59.5,Patchy rain nearby
2026-04-13,78201,San Antonio,Texas,2026-04-19,71.4,58.3,Patchy rain nearby
2026-04-13,92101,San Diego,California,2026-04-13,67.5,56.1,Partly Cloudy 
2026-04-13,92101,San Diego,California,2026-04-14,67.8,59.2,Partly Cloudy 
2026-04-13,92101,San Diego,California,2026-04-15,66.9,57.2,Partly Cloudy 
2026-04-13,92101,San Diego,California,2026-04-16,65.0,57.7,Overcast 
2026-04-13,92101,San Diego,California,2026-04-17,70.5,58.4,Sunny
2026-04-13,92101,San Diego,California,2026-04-18,69.3,62.5,Overcast 
2026-04-13,92101,San Diego,California,2026-04-19,66.4,60.2,Partly Cloudy 
2026-04-13,75201,Dallas,Texas,2026-04-13,84.6,66.7,Overcast 
2026-04-13,75201,Dallas,Texas,2026-04-14,85.5,68.2,Overcast 
2026-04-13,75201,Dallas,Texas,2026-04-15,78.4,68.2,Overcast 
2026-04-13,75201,Dallas,Texas,2026-04-16,86.3,66.6,Overcast 
2026-04-13,75201,Dallas,Texas,2026-04-17,78.7,66.9,Patchy rain nearby
2026-04-13,75201,Dallas,Texas,2026-04-18,67.7,53.8,Patchy rain nearby
2026-04-13,75201,Dallas,Texas,2026-04-19,75.1,52.9,Sunny
2026-04-13,95101,San Jose,California,2026-04-13,68.2,51.3,Patchy rain nearby
2026-04-13,95101,San Jose,California,2026-04-14,62.6,45.8,Partly Cloudy 
2026-04-13,95101,San Jose,California,2026-04-15,63.0,48.2,Partly Cloudy 
2026-04-13,95101,San Jose,California,2026-04-16,65.9,45.2,Partly Cloudy 
2026-04-13,95101,San Jose,California,2026-04-17,69.4,42.0,Sunny
2026-04-13,95101,San Jose,California,2026-04-18,67.7,45.9,Partly Cloudy 
2026-04-13,95101,San Jose,California,2026-04-19,52.5,41.0,Patchy rain nearby
2026-04-13,78701,Austin,Texas,2026-04-13,89.2,70.5,Patchy rain nearby
2026-04-13,78701,Austin,Texas,2026-04-14,86.4,68.7,Overcast 
2026-04-13,78701,Austin,Texas,2026-04-15,86.5,68.5,Overcast 
2026-04-13,78701,Austin,Texas,2026-04-16,89.2,68.0,Overcast 
2026-04-13,78701,Austin,Texas,2026-04-17,89.6,66.9,Patchy rain nearby
2026-04-13,78701,Austin,Texas,2026-04-18,75.1,56.9,Moderate rain
2026-04-13,78701,Austin,Texas,2026-04-19,69.4,56.7,Patchy rain nearby
2026-04-13,30301,Atlanta,Georgia,2026-04-13,88.5,56.5,Sunny
2026-04-13,30301,Atlanta,Georgia,2026-04-14,85.5,62.1,Sunny
2026-04-13,30301,Atlanta,Georgia,2026-04-15,85.8,66.0,Sunny
2026-04-13,30301,Atlanta,Georgia,2026-04-16,85.5,63.0,Overcast 
2026-04-13,30301,Atlanta,Georgia,2026-04-17,89.3,64.5,Sunny
2026-04-13,30301,Atlanta,Georgia,2026-04-18,85.8,67.0,Sunny
2026-04-13,30301,Atlanta,Georgia,2026-04-19,77.1,64.2,Partly Cloudy 
2026-04-13,28201,Charlotte,North Carolina,2026-04-13,84.2,58.8,Sunny
2026-04-13,28201,Charlotte,North Carolina,2026-04-14,86.9,63.3,Sunny
2026-04-13,28201,Charlotte,North Carolina,2026-04-15,86.2,65.5,Sunny
2026-04-13,28201,Charlotte,North Carolina,2026-04-16,85.7,66.9,Overcast 
2026-04-13,28201,Charlotte,North Carolina,2026-04-17,87.9,62.1,Sunny
2026-04-13,28201,Charlotte,North Carolina,2026-04-18,89.5,66.6,Sunny
2026-04-13,28201,Charlotte,North Carolina,2026-04-19,83.9,61.7,Partly Cloudy 
2026-04-13,80201,Denver,Colorado,2026-04-13,72.3,44.8,Sunny
2026-04-13,80201,Denver,Colorado,2026-04-14,61.7,46.8,Partly Cloudy 
2026-04-13,80201,Denver,Colorado,2026-04-15,69.8,42.4,Sunny
2026-04-13,80201,Denver,Colorado,2026-04-16,72.2,42.4,Sunny
2026-04-13,80201,Denver,Colorado,2026-04-17,53.0,35.7,Patchy rain nearby
2026-04-13,80201,Denver,Colorado,2026-04-18,60.5,33.3,Sunny
2026-04-13,80201,Denver,Colorado,2026-04-19,67.2,39.3,Partly Cloudy 
2026-04-13,37201,Nashville,Tennessee,2026-04-13,81.9,69.8,Patchy rain nearby
2026-04-13,37201,Nashville,Tennessee,2026-04-14,88.3,65.1,Sunny
2026-04-13,37201,Nashville,Tennessee,2026-04-15,80.2,61.2,Sunny
2026-04-13,37201,Nashville,Tennessee,2026-04-16,79.2,64.9,Patchy rain nearby
2026-04-13,37201,Nashville,Tennessee,2026-04-17,86.0,62.4,Patchy rain nearby
2026-04-13,37201,Nashville,Tennessee,2026-04-18,81.3,57.9,Patchy rain nearby
2026-04-13,37201,Nashville,Tennessee,2026-04-19,69.7,52.7,Sunny
2026-04-13,97201,Portland,Oregon,2026-04-13,53.1,45.3,Patchy rain nearby
2026-04-13,97201,Portland,Oregon,2026-04-14,46.9,44.1,Moderate rain
2026-04-13,97201,Portland,Oregon,2026-04-15,44.4,38.5,Heavy rain
2026-04-13,97201,Portland,Oregon,2026-04-16,46.6,37.0,Patchy rain nearby
2026-04-13,97201,Portland,Oregon,2026-04-17,54.2,38.5,Patchy rain nearby
2026-04-13,97201,Portland,Oregon,2026-04-18,60.7,39.5,Patchy rain nearby
2026-04-13,97201,Portland,Oregon,2026-04-19,46.8,43.2,Patchy rain nearby
2026-04-13,89101,Las Vegas,Nevada,2026-04-13,69.6,53.4,Patchy rain nearby
2026-04-13,89101,Las Vegas,Nevada,2026-04-14,70.3,46.0,Sunny
2026-04-13,89101,Las Vegas,Nevada,2026-04-15,79.7,51.1,Sunny
2026-04-13,89101,Las Vegas,Nevada,2026-04-16,76.4,55.0,Partly Cloudy 
2026-04-13,89101,Las Vegas,Nevada,2026-04-17,65.9,44.1,Sunny
2026-04-13,89101,Las Vegas,Nevada,2026-04-18,70.3,48.8,Partly Cloudy 
2026-04-13,89101,Las Vegas,Nevada,2026-04-19,81.2,55.2,Sunny
2026-04-13,02101,Boston,Massachusetts,2026-04-13,77.9,41.2,Patchy rain nearby
2026-04-13,02101,Boston,Massachusetts,2026-04-14,68.7,58.1,Sunny
2026-04-13,02101,Boston,Massachusetts,2026-04-15,78.4,54.6,Moderate rain
2026-04-13,02101,Boston,Massachusetts,2026-04-16,59.5,43.7,Patchy rain nearby
2026-04-13,02101,Boston,Massachusetts,2026-04-17,77.9,52.2,Patchy rain nearby
2026-04-13,02101,Boston,Massachusetts,2026-04-18,51.3,46.2,Overcast 
2026-04-13,02101,Boston,Massachusetts,2026-04-19,59.8,48.6,Patchy rain nearby
2026-04-27,90045,Los Angeles,California,2026-04-27,65.3,52.5,Sunny
2026-04-27,10001,New York,New York,2026-04-27,71.1,41.0,Sunny
2026-04-27,60601,Chicago,Illinois,2026-04-27,60.8,52.3,Moderate rain
2026-04-27,98101,Seattle,Washington,2026-04-27,59.4,46.9,Overcast
2026-04-27,33101,Miami,Florida,2026-04-27,87.1,68.7,Sunny
2026-04-27,77001,Houston,Texas,2026-04-27,85.8,74.1,Overcast
2026-04-27,85001,Phoenix,Arizona,2026-04-27,84.4,56.7,Sunny
2026-04-27,19101,Philadelphia,Pennsylvania,2026-04-27,74.5,40.3,Sunny
2026-04-27,78201,San Antonio,Texas,2026-04-27,97.2,75.0,Patchy rain nearby
2026-04-27,92101,San Diego,California,2026-04-27,67.6,52.9,Patchy rain nearby
2026-04-27,75201,Dallas,Texas,2026-04-27,99.3,73.8,Overcast
2026-04-27,95101,San Jose,California,2026-04-27,69.1,45.9,Sunny
2026-04-27,78701,Austin,Texas,2026-04-27,93.6,73.8,Patchy rain nearby
2026-04-27,30301,Atlanta,Georgia,2026-04-27,84.6,61.3,Sunny
2026-04-27,28201,Charlotte,North Carolina,2026-04-27,78.4,50.9,Partly Cloudy
2026-04-27,80201,Denver,Colorado,2026-04-27,54.0,40.0,Patchy rain nearby
2026-04-27,37201,Nashville,Tennessee,2026-04-27,89.6,60.1,Sunny
2026-04-27,97201,Portland,Oregon,2026-04-27,64.2,43.7,Sunny
2026-04-27,89101,Las Vegas,Nevada,2026-04-27,80.6,49.8,Sunny
2026-04-27,02101,Boston,Massachusetts,2026-04-27,56.3,38.8,Sunny
2026-04-28,90045,Los Angeles,California,2026-04-28,68.7,48.9,Sunny
2026-04-28,10001,New York,New York,2026-04-28,65.1,44.1,Sunny
2026-04-28,60601,Chicago,Illinois,2026-04-28,59.9,47.8,Patchy rain nearby
2026-04-28,98101,Seattle,Washington,2026-04-28,56.5,45.0,Overcast
2026-04-28,33101,Miami,Florida,2026-04-28,88.5,71.6,Sunny
2026-04-28,77001,Houston,Texas,2026-04-28,90.3,75.2,Patchy rain nearby
2026-04-28,85001,Phoenix,Arizona,2026-04-28,90.7,54.5,Sunny
2026-04-28,19101,Philadelphia,Pennsylvania,2026-04-28,71.8,44.6,Patchy rain nearby
2026-04-28,78201,San Antonio,Texas,2026-04-28,95.0,75.9,Overcast
2026-04-28,92101,San Diego,California,2026-04-28,69.4,51.1,Sunny
2026-04-28,75201,Dallas,Texas,2026-04-28,90.3,70.5,Moderate rain
2026-04-28,95101,San Jose,California,2026-04-28,71.8,46.9,Sunny
2026-04-28,78701,Austin,Texas,2026-04-28,94.9,76.1,Patchy rain nearby
2026-04-28,30301,Atlanta,Georgia,2026-04-28,73.5,56.5,Moderate rain
2026-04-28,28201,Charlotte,North Carolina,2026-04-28,72.0,49.8,Patchy rain nearby
2026-04-28,80201,Denver,Colorado,2026-04-28,55.1,39.1,Patchy rain nearby
2026-04-28,37201,Nashville,Tennessee,2026-04-28,86.4,63.7,Heavy rain
2026-04-28,97201,Portland,Oregon,2026-04-28,62.0,46.7,Overcast
2026-04-28,89101,Las Vegas,Nevada,2026-04-28,82.6,49.8,Sunny
2026-04-28,02101,Boston,Massachusetts,2026-04-28,49.1,40.5,Partly Cloudy
2026-04-29,90045,Los Angeles,California,2026-04-29,70.7,49.1,Sunny
2026-04-29,10001,New York,New York,2026-04-29,62.1,49.6,Patchy rain nearby
2026-04-29,60601,Chicago,Illinois,2026-04-29,55.0,45.1,Patchy rain nearby
2026-04-29,98101,Seattle,Washington,2026-04-29,65.4,41.7,Sunny
2026-04-29,33101,Miami,Florida,2026-04-29,89.6,68.4,Sunny
2026-04-29,77001,Houston,Texas,2026-04-29,92.8,74.8,Overcast
2026-04-29,85001,Phoenix,Arizona,2026-04-29,94.6,57.2,Sunny
2026-04-29,19101,Philadelphia,Pennsylvania,2026-04-29,69.6,54.0,Moderate rain
2026-04-29,78201,San Antonio,Texas,2026-04-29,97.0,70.1,Heavy rain
2026-04-29,92101,San Diego,California,2026-04-29,71.2,52.0,Sunny
2026-04-29,75201,Dallas,Texas,2026-04-29,73.1,62.2,Moderate rain
2026-04-29,95101,San Jose,California,2026-04-29,77.7,48.2,Sunny
2026-04-29,78701,Austin,Texas,2026-04-29,82.0,70.7,Heavy rain
2026-04-29,30301,Atlanta,Georgia,2026-04-29,83.5,61.5,Moderate rain
2026-04-29,28201,Charlotte,North Carolina,2026-04-29,77.2,58.1,Patchy rain nearby
2026-04-29,80201,Denver,Colorado,2026-04-29,59.6,39.9,Patchy rain nearby
2026-04-29,37201,Nashville,Tennessee,2026-04-29,70.9,58.2,Moderate rain
2026-04-29,97201,Portland,Oregon,2026-04-29,68.1,41.7,Sunny
2026-04-29,89101,Las Vegas,Nevada,2026-04-29,87.8,53.6,Sunny
2026-04-29,02101,Boston,Massachusetts,2026-04-29,52.2,43.5,Overcast
2026-04-30,90045,Los Angeles,California,2026-04-30,68.5,54.3,Sunny
2026-04-30,10001,New York,New York,2026-04-30,59.3,48.0,Moderate rain
2026-04-30,60601,Chicago,Illinois,2026-04-30,54.1,42.3,Sunny
2026-04-30,98101,Seattle,Washington,2026-04-30,73.6,47.3,Sunny
2026-04-30,33101,Miami,Florida,2026-04-30,90.0,69.6,Sunny
2026-04-30,77001,Houston,Texas,2026-04-30,91.4,71.1,Patchy rain nearby
2026-04-30,85001,Phoenix,Arizona,2026-04-30,96.6,60.1,Sunny
2026-04-30,19101,Philadelphia,Pennsylvania,2026-04-30,68.9,48.6,Patchy rain nearby
2026-04-30,78201,San Antonio,Texas,2026-04-30,81.7,64.6,Patchy rain nearby
2026-04-30,92101,San Diego,California,2026-04-30,69.3,54.7,Partly Cloudy
2026-04-30,75201,Dallas,Texas,2026-04-30,67.1,58.1,Patchy rain nearby
2026-04-30,95101,San Jose,California,2026-04-30,77.6,48.0,Sunny
2026-04-30,78701,Austin,Texas,2026-04-30,73.0,62.1,Patchy rain nearby
2026-04-30,30301,Atlanta,Georgia,2026-04-30,75.9,59.7,Moderate rain
2026-04-30,28201,Charlotte,North Carolina,2026-04-30,75.2,56.5,Moderate rain
2026-04-30,80201,Denver,Colorado,2026-04-30,50.7,40.1,Moderate rain
2026-04-30,37201,Nashville,Tennessee,2026-04-30,67.5,50.7,Sunny
2026-04-30,97201,Portland,Oregon,2026-04-30,83.1,50.9,Sunny
2026-04-30,89101,Las Vegas,Nevada,2026-04-30,89.8,57.4,Sunny
2026-04-30,02101,Boston,Massachusetts,2026-04-30,53.3,44.4,Patchy rain nearby
2026-05-01,90045,Los Angeles,California,2026-05-01,69.3,55.4,Overcast
2026-05-01,10001,New York,New York,2026-05-01,69.1,41.9,Sunny
2026-05-01,60601,Chicago,Illinois,2026-05-01,49.6,40.6,Patchy rain nearby
2026-05-01,98101,Seattle,Washington,2026-05-01,71.8,50.0,Sunny
2026-05-01,33101,Miami,Florida,2026-05-01,89.6,68.2,Sunny
2026-05-01,77001,Houston,Texas,2026-05-01,66.2,54.8,Heavy rain
2026-05-01,85001,Phoenix,Arizona,2026-05-01,95.7,63.5,Sunny
2026-05-01,19101,Philadelphia,Pennsylvania,2026-05-01,71.2,43.7,Sunny
2026-05-01,78201,San Antonio,Texas,2026-05-01,65.3,54.9,Heavy rain
2026-05-01,92101,San Diego,California,2026-05-01,71.2,59.9,Cloudy
2026-05-01,75201,Dallas,Texas,2026-05-01,66.7,52.5,Moderate rain
2026-05-01,95101,San Jose,California,2026-05-01,79.1,51.8,Cloudy
2026-05-01,78701,Austin,Texas,2026-05-01,62.4,53.2,Heavy rain
2026-05-01,30301,Atlanta,Georgia,2026-05-01,75.9,55.8,Patchy rain nearby
2026-05-01,28201,Charlotte,North Carolina,2026-05-01,72.3,52.9,Patchy rain nearby
2026-05-01,80201,Denver,Colorado,2026-05-01,60.3,40.0,Patchy rain nearby
2026-05-01,37201,Nashville,Tennessee,2026-05-01,73.4,47.3,Sunny
2026-05-01,97201,Portland,Oregon,2026-05-01,77.5,52.3,Sunny
2026-05-01,89101,Las Vegas,Nevada,2026-05-01,86.0,61.2,Sunny
2026-05-01,02101,Boston,Massachusetts,2026-05-01,67.3,42.3,Sunny
2026-05-02,90045,Los Angeles,California,2026-05-02,66.5,56.5,Mist
2026-05-02,10001,New York,New York,2026-05-02,62.4,49.1,Patchy rain nearby
2026-05-02,60601,Chicago,Illinois,2026-05-02,52.7,39.2,Sunny
2026-05-02,98101,Seattle,Washington,2026-05-02,70.5,50.7,Sunny
2026-05-02,33101,Miami,Florida,2026-05-02,93.9,75.6,Sunny
2026-05-02,77001,Houston,Texas,2026-05-02,75.3,54.3,Sunny
2026-05-02,85001,Phoenix,Arizona,2026-05-02,98.6,64.6,Sunny
2026-05-02,19101,Philadelphia,Pennsylvania,2026-05-02,64.4,49.6,Sunny
2026-05-02,78201,San Antonio,Texas,2026-05-02,73.4,50.9,Sunny
2026-05-02,92101,San Diego,California,2026-05-02,71.2,59.7,Overcast
2026-05-02,75201,Dallas,Texas,2026-05-02,80.8,51.8,Sunny
2026-05-02,95101,San Jose,California,2026-05-02,71.0,50.8,Overcast
2026-05-02,78701,Austin,Texas,2026-05-02,74.1,49.6,Sunny
2026-05-02,30301,Atlanta,Georgia,2026-05-02,73.6,54.1,Patchy rain nearby
2026-05-02,28201,Charlotte,North Carolina,2026-05-02,67.6,49.8,Patchy rain nearby
2026-05-02,80201,Denver,Colorado,2026-05-02,69.4,42.1,Sunny
2026-05-02,37201,Nashville,Tennessee,2026-05-02,67.1,45.5,Patchy rain nearby
2026-05-02,97201,Portland,Oregon,2026-05-02,78.3,50.7,Patchy rain nearby
2026-05-02,89101,Las Vegas,Nevada,2026-05-02,93.2,57.9,Sunny
2026-05-02,02101,Boston,Massachusetts,2026-05-02,60.1,43.3,Patchy rain nearby
2026-05-03,90045,Los Angeles,California,2026-05-03,64.0,57.4,Patchy rain nearby
2026-05-03,10001,New York,New York,2026-05-03,64.4,39.4,Sunny
2026-05-03,60601,Chicago,Illinois,2026-05-03,64.2,46.2,Sunny
2026-05-03,98101,Seattle,Washington,2026-05-03,82.6,54.0,Sunny
2026-05-03,33101,Miami,Florida,2026-05-03,84.7,72.3,Heavy rain
2026-05-03,77001,Houston,Texas,2026-05-03,81.0,56.8,Sunny
2026-05-03,85001,Phoenix,Arizona,2026-05-03,101.8,72.9,Sunny
2026-05-03,19101,Philadelphia,Pennsylvania,2026-05-03,64.0,41.4,Sunny
2026-05-03,78201,San Antonio,Texas,2026-05-03,83.5,55.6,Sunny
2026-05-03,92101,San Diego,California,2026-05-03,67.5,60.3,Patchy rain nearby
2026-05-03,75201,Dallas,Texas,2026-05-03,87.1,55.6,Sunny
2026-05-03,95101,San Jose,California,2026-05-03,70.8,50.0,Overcast
2026-05-03,78701,Austin,Texas,2026-05-03,83.3,55.2,Sunny
2026-05-03,30301,Atlanta,Georgia,2026-05-03,75.4,44.2,Sunny
2026-05-03,28201,Charlotte,North Carolina,2026-05-03,73.4,40.3,Sunny
2026-05-03,80201,Denver,Colorado,2026-05-03,74.2,49.9,Partly Cloudy
2026-05-03,37201,Nashville,Tennessee,2026-05-03,73.6,41.9,Sunny
2026-05-03,97201,Portland,Oregon,2026-05-03,93.6,55.6,Sunny
2026-05-03,89101,Las Vegas,Nevada,2026-05-03,93.4,62.1,Sunny
2026-05-03,02101,Boston,Massachusetts,2026-05-03,56.1,42.3,Overcast
2026-05-04,90045,Los Angeles,California,2026-05-04,66.6,56.7,Patchy rain nearby
2026-05-04,10001,New York,New York,2026-05-04,77.9,43.5,Sunny
2026-05-04,60601,Chicago,Illinois,2026-05-04,75.9,52.5,Patchy rain nearby
2026-05-04,98101,Seattle,Washington,2026-05-04,81.1,54.3,Sunny
2026-05-04,33101,Miami,Florida,2026-05-04,89.6,72.1,Patchy rain nearby
2026-05-04,77001,Houston,Texas,2026-05-04,85.8,59.0,Sunny
2026-05-04,85001,Phoenix,Arizona,2026-05-04,84.9,66.6,Sunny
2026-05-04,19101,Philadelphia,Pennsylvania,2026-05-04,75.7,44.2,Sunny
2026-05-04,78201,San Antonio,Texas,2026-05-04,87.4,60.1,Sunny
2026-05-04,92101,San Diego,California,2026-05-04,65.3,56.1,Patchy rain nearby
2026-05-04,75201,Dallas,Texas,2026-05-04,86.7,59.9,Sunny
2026-05-04,95101,San Jose,California,2026-05-04,64.4,49.3,Overcast
2026-05-04,78701,Austin,Texas,2026-05-04,83.6,58.8,Sunny
2026-05-04,30301,Atlanta,Georgia,2026-05-04,83.3,45.3,Sunny
2026-05-04,28201,Charlotte,North Carolina,2026-05-04,83.1,45.1,Sunny
2026-05-04,80201,Denver,Colorado,2026-05-04,70.7,49.2,Patchy rain nearby
2026-05-04,37201,Nashville,Tennessee,2026-05-04,85.6,50.0,Sunny
2026-05-04,97201,Portland,Oregon,2026-05-04,82.8,56.3,Sunny
2026-05-04,89101,Las Vegas,Nevada,2026-05-04,84.7,56.6,Sunny
2026-05-04,02101,Boston,Massachusetts,2026-05-04,75.4,39.2,Sunny
2026-05-05,90045,Los Angeles,California,2026-05-05,66.9,51.8,Sunny
2026-05-05,10001,New York,New York,2026-05-05,90.3,53.8,Patchy rain nearby
2026-05-05,60601,Chicago,Illinois,2026-05-05,60.6,48.6,Patchy rain nearby
2026-05-05,98101,Seattle,Washington,2026-05-05,77.2,54.1,Partly Cloudy
2026-05-05,33101,Miami,Florida,2026-05-05,90.9,70.9,Patchy rain nearby
2026-05-05,77001,Houston,Texas,2026-05-05,84.8,68.4,Patchy rain nearby
2026-05-05,85001,Phoenix,Arizona,2026-05-05,77.0,62.6,Partly Cloudy
2026-05-05,19101,Philadelphia,Pennsylvania,2026-05-05,90.0,57.2,Sunny
2026-05-05,78201,San Antonio,Texas,2026-05-05,92.9,69.3,Overcast
2026-05-05,92101,San Diego,California,2026-05-05,66.9,57.6,Patchy rain nearby
2026-05-05,75201,Dallas,Texas,2026-05-05,96.4,68.5,Moderate rain
2026-05-05,95101,San Jose,California,2026-05-05,60.9,52.8,Patchy rain nearby
2026-05-05,78701,Austin,Texas,2026-05-05,90.0,68.9,Overcast
2026-05-05,30301,Atlanta,Georgia,2026-05-05,85.6,50.5,Sunny
2026-05-05,28201,Charlotte,North Carolina,2026-05-05,86.2,52.5,Sunny
2026-05-05,80201,Denver,Colorado,2026-05-05,43.5,34.6,Moderate rain
2026-05-05,37201,Nashville,Tennessee,2026-05-05,84.0,58.6,Patchy rain nearby
2026-05-05,97201,Portland,Oregon,2026-05-05,75.3,50.9,Sunny
2026-05-05,89101,Las Vegas,Nevada,2026-05-05,76.1,52.2,Sunny
2026-05-05,02101,Boston,Massachusetts,2026-05-05,85.8,50.2,Sunny
2026-05-06,90045,Los Angeles,California,2026-05-06,70.5,48.9,Sunny
2026-05-06,10001,New York,New York,2026-05-06,80.2,58.4,Patchy rain nearby
2026-05-06,60601,Chicago,Illinois,2026-05-06,59.9,47.3,Sunny
2026-05-06,98101,Seattle,Washington,2026-05-06,69.8,50.4,Partly Cloudy
2026-05-06,33101,Miami,Florida,2026-05-06,90.5,73.0,Sunny
2026-05-06,77001,Houston,Texas,2026-05-06,86.8,75.0,Patchy rain nearby
2026-05-06,85001,Phoenix,Arizona,2026-05-06,89.2,55.6,Sunny
2026-05-06,19101,Philadelphia,Pennsylvania,2026-05-06,78.1,59.8,Patchy rain nearby
2026-05-06,78201,San Antonio,Texas,2026-05-06,91.4,74.1,Partly Cloudy
2026-05-06,92101,San Diego,California,2026-05-06,72.0,51.6,Sunny
2026-05-06,75201,Dallas,Texas,2026-05-06,77.7,56.7,Patchy rain nearby
2026-05-06,95101,San Jose,California,2026-05-06,75.7,52.7,Cloudy
2026-05-06,78701,Austin,Texas,2026-05-06,85.6,71.4,Moderate rain
2026-05-06,30301,Atlanta,Georgia,2026-05-06,82.7,62.1,Patchy rain nearby
2026-05-06,28201,Charlotte,North Carolina,2026-05-06,87.8,60.4,Heavy rain
2026-05-06,80201,Denver,Colorado,2026-05-06,34.9,29.3,Heavy snow
2026-05-06,37201,Nashville,Tennessee,2026-05-06,57.9,53.7,Heavy rain
2026-05-06,97201,Portland,Oregon,2026-05-06,74.3,53.3,Overcast
2026-05-06,89101,Las Vegas,Nevada,2026-05-06,90.1,53.4,Sunny
2026-05-06,02101,Boston,Massachusetts,2026-05-06,79.0,56.7,Moderate rain
2026-05-07,90045,Los Angeles,California,2026-05-07,69.8,54.1,Sunny
2026-05-07,90045,Los Angeles,California,2026-05-08,69.5,61.9,Sunny
2026-05-07,90045,Los Angeles,California,2026-05-09,71.4,62.4,Sunny
2026-05-07,10001,New York,New York,2026-05-07,69.4,50.0,Patchy rain nearby
2026-05-07,10001,New York,New York,2026-05-08,63.2,48.6,Sunny
2026-05-07,10001,New York,New York,2026-05-09,56.7,52.5,Heavy rain
2026-05-07,60601,Chicago,Illinois,2026-05-07,60.1,41.5,Patchy rain nearby
2026-05-07,60601,Chicago,Illinois,2026-05-08,55.7,45.1,Moderate rain
2026-05-07,60601,Chicago,Illinois,2026-05-09,67.1,45.5,Patchy rain nearby
2026-05-07,98101,Seattle,Washington,2026-05-07,69.8,46.8,Partly Cloudy
2026-05-07,98101,Seattle,Washington,2026-05-08,69.2,48.1,Sunny
2026-05-07,98101,Seattle,Washington,2026-05-09,72.2,44.9,Partly Cloudy
2026-05-07,33101,Miami,Florida,2026-05-07,91.4,73.0,Sunny
2026-05-07,33101,Miami,Florida,2026-05-08,85.9,79.3,Sunny
2026-05-07,33101,Miami,Florida,2026-05-09,84.5,80.0,Sunny
2026-05-07,77001,Houston,Texas,2026-05-07,78.5,63.9,Patchy rain nearby
2026-05-07,77001,Houston,Texas,2026-05-08,86.3,71.7,Moderate rain
2026-05-07,77001,Houston,Texas,2026-05-09,85.1,69.3,Heavy rain
2026-05-07,85001,Phoenix,Arizona,2026-05-07,100.8,59.7,Sunny
2026-05-07,85001,Phoenix,Arizona,2026-05-08,99.8,73.5,Sunny
2026-05-07,85001,Phoenix,Arizona,2026-05-09,101.5,77.5,Sunny
2026-05-07,19101,Philadelphia,Pennsylvania,2026-05-07,69.1,51.6,Patchy rain nearby
2026-05-07,19101,Philadelphia,Pennsylvania,2026-05-08,63.9,47.1,Patchy rain nearby
2026-05-07,19101,Philadelphia,Pennsylvania,2026-05-09,59.7,50.8,Moderate rain
2026-05-07,78201,San Antonio,Texas,2026-05-07,81.9,61.9,Patchy rain nearby
2026-05-07,78201,San Antonio,Texas,2026-05-08,87.8,66.4,Moderate rain
2026-05-07,78201,San Antonio,Texas,2026-05-09,81.6,64.2,Moderate rain
2026-05-07,92101,San Diego,California,2026-05-07,71.1,55.4,Sunny
2026-05-07,92101,San Diego,California,2026-05-08,69.9,61.1,Sunny
2026-05-07,92101,San Diego,California,2026-05-09,71.0,61.6,Sunny
2026-05-07,75201,Dallas,Texas,2026-05-07,82.4,55.4,Partly Cloudy
2026-05-07,75201,Dallas,Texas,2026-05-08,86.5,62.2,Patchy rain nearby
2026-05-07,75201,Dallas,Texas,2026-05-09,86.7,70.0,Patchy rain nearby
2026-05-07,95101,San Jose,California,2026-05-07,78.5,50.4,Partly Cloudy
2026-05-07,95101,San Jose,California,2026-05-08,77.5,46.8,Sunny
2026-05-07,95101,San Jose,California,2026-05-09,81.1,48.4,Sunny
2026-05-07,78701,Austin,Texas,2026-05-07,75.3,59.7,Patchy rain nearby
2026-05-07,78701,Austin,Texas,2026-05-08,86.5,64.4,Patchy rain nearby
2026-05-07,78701,Austin,Texas,2026-05-09,81.8,66.5,Patchy rain nearby
2026-05-07,30301,Atlanta,Georgia,2026-05-07,75.4,63.7,Heavy rain
2026-05-07,30301,Atlanta,Georgia,2026-05-08,72.9,56.2,Overcast
2026-05-07,30301,Atlanta,Georgia,2026-05-09,82.9,58.5,Patchy rain nearby
2026-05-07,28201,Charlotte,North Carolina,2026-05-07,72.0,56.8,Heavy rain
2026-05-07,28201,Charlotte,North Carolina,2026-05-08,69.8,49.2,Sunny
2026-05-07,28201,Charlotte,North Carolina,2026-05-09,81.2,53.7,Sunny
2026-05-07,80201,Denver,Colorado,2026-05-07,65.8,32.5,Patchy rain nearby
2026-05-07,80201,Denver,Colorado,2026-05-08,70.9,45.3,Sunny
2026-05-07,80201,Denver,Colorado,2026-05-09,74.7,51.9,Sunny
2026-05-07,37201,Nashville,Tennessee,2026-05-07,69.8,49.8,Sunny
2026-05-07,37201,Nashville,Tennessee,2026-05-08,72.2,46.7,Sunny
2026-05-07,37201,Nashville,Tennessee,2026-05-09,80.0,53.8,Patchy rain nearby
2026-05-07,97201,Portland,Oregon,2026-05-07,70.8,46.8,Sunny
2026-05-07,97201,Portland,Oregon,2026-05-08,70.2,49.2,Sunny
2026-05-07,97201,Portland,Oregon,2026-05-09,75.2,47.2,Partly Cloudy
2026-05-07,89101,Las Vegas,Nevada,2026-05-07,97.9,60.6,Sunny
2026-05-07,89101,Las Vegas,Nevada,2026-05-08,97.5,68.2,Sunny
2026-05-07,89101,Las Vegas,Nevada,2026-05-09,97.5,68.1,Sunny
2026-05-07,02101,Boston,Massachusetts,2026-05-07,68.5,50.5,Patchy rain nearby
2026-05-07,02101,Boston,Massachusetts,2026-05-08,62.3,46.0,Sunny
2026-05-07,02101,Boston,Massachusetts,2026-05-09,58.5,46.4,Moderate rain
2026-05-08,90045,Los Angeles,California,2026-05-08,69.6,58.5,Partly Cloudy
2026-05-08,90045,Los Angeles,California,2026-05-09,72.2,62.7,Sunny
2026-05-08,90045,Los Angeles,California,2026-05-10,75.6,63.3,Sunny
2026-05-08,10001,New York,New York,2026-05-08,65.1,46.4,Patchy rain nearby
2026-05-08,10001,New York,New York,2026-05-09,62.7,53.9,Moderate rain
2026-05-08,10001,New York,New York,2026-05-10,74.8,54.5,Partly Cloudy
2026-05-08,60601,Chicago,Illinois,2026-05-08,58.8,46.6,Patchy rain nearby
2026-05-08,60601,Chicago,Illinois,2026-05-09,69.4,50.0,Patchy rain nearby
2026-05-08,60601,Chicago,Illinois,2026-05-10,54.6,47.0,Partly Cloudy
2026-05-08,98101,Seattle,Washington,2026-05-08,68.9,47.1,Sunny
2026-05-08,98101,Seattle,Washington,2026-05-09,71.9,45.4,Partly Cloudy
2026-05-08,98101,Seattle,Washington,2026-05-10,70.0,47.4,Partly Cloudy
2026-05-08,33101,Miami,Florida,2026-05-08,95.0,70.2,Sunny
2026-05-08,33101,Miami,Florida,2026-05-09,85.2,80.2,Sunny
2026-05-08,33101,Miami,Florida,2026-05-10,85.2,80.9,Patchy rain nearby
2026-05-08,77001,Houston,Texas,2026-05-08,81.8,66.4,Patchy rain nearby
2026-05-08,77001,Houston,Texas,2026-05-09,85.7,69.8,Moderate rain
2026-05-08,77001,Houston,Texas,2026-05-10,94.1,71.7,Patchy rain nearby
2026-05-08,85001,Phoenix,Arizona,2026-05-08,104.7,64.0,Sunny
2026-05-08,85001,Phoenix,Arizona,2026-05-09,101.3,77.6,Sunny
2026-05-08,85001,Phoenix,Arizona,2026-05-10,103.1,80.6,Sunny
2026-05-08,19101,Philadelphia,Pennsylvania,2026-05-08,67.8,46.8,Sunny
2026-05-08,19101,Philadelphia,Pennsylvania,2026-05-09,63.6,51.3,Patchy rain nearby
2026-05-08,19101,Philadelphia,Pennsylvania,2026-05-10,78.1,53.3,Patchy rain nearby
2026-05-08,78201,San Antonio,Texas,2026-05-08,80.7,61.7,Moderate rain
2026-05-08,78201,San Antonio,Texas,2026-05-09,89.6,63.4,Patchy rain nearby
2026-05-08,78201,San Antonio,Texas,2026-05-10,94.1,68.6,Patchy rain nearby
2026-05-08,92101,San Diego,California,2026-05-08,72.3,59.9,Partly Cloudy
2026-05-08,92101,San Diego,California,2026-05-09,72.0,61.8,Sunny
2026-05-08,92101,San Diego,California,2026-05-10,73.7,63.2,Sunny
2026-05-08,75201,Dallas,Texas,2026-05-08,79.5,57.2,Patchy rain nearby
2026-05-08,75201,Dallas,Texas,2026-05-09,84.9,66.3,Moderate rain
2026-05-08,75201,Dallas,Texas,2026-05-10,79.8,67.1,Patchy rain nearby
2026-05-08,95101,San Jose,California,2026-05-08,77.0,51.4,Cloudy
2026-05-08,95101,San Jose,California,2026-05-09,83.0,49.1,Sunny
2026-05-08,95101,San Jose,California,2026-05-10,87.3,49.8,Sunny
2026-05-08,78701,Austin,Texas,2026-05-08,79.0,60.1,Patchy rain nearby
2026-05-08,78701,Austin,Texas,2026-05-09,89.2,62.9,Sunny
2026-05-08,78701,Austin,Texas,2026-05-10,92.1,67.7,Moderate rain
2026-05-08,30301,Atlanta,Georgia,2026-05-08,78.8,52.3,Sunny
2026-05-08,30301,Atlanta,Georgia,2026-05-09,66.8,59.6,Moderate rain
2026-05-08,30301,Atlanta,Georgia,2026-05-10,80.6,63.9,Moderate rain
2026-05-08,28201,Charlotte,North Carolina,2026-05-08,73.0,49.5,Sunny
2026-05-08,28201,Charlotte,North Carolina,2026-05-09,67.8,55.2,Patchy rain nearby
2026-05-08,28201,Charlotte,North Carolina,2026-05-10,76.7,62.4,Patchy rain nearby
2026-05-08,80201,Denver,Colorado,2026-05-08,67.7,46.8,Sunny
2026-05-08,80201,Denver,Colorado,2026-05-09,76.4,50.5,Sunny
2026-05-08,80201,Denver,Colorado,2026-05-10,71.9,45.5,Sunny
2026-05-08,37201,Nashville,Tennessee,2026-05-08,77.0,45.0,Sunny
2026-05-08,37201,Nashville,Tennessee,2026-05-09,74.4,53.3,Patchy rain nearby
2026-05-08,37201,Nashville,Tennessee,2026-05-10,79.9,56.4,Patchy rain nearby
2026-05-08,97201,Portland,Oregon,2026-05-08,70.2,48.4,Sunny
2026-05-08,97201,Portland,Oregon,2026-05-09,74.6,47.0,Partly Cloudy
2026-05-08,97201,Portland,Oregon,2026-05-10,72.4,49.7,Partly Cloudy
2026-05-08,89101,Las Vegas,Nevada,2026-05-08,105.4,65.1,Sunny
2026-05-08,89101,Las Vegas,Nevada,2026-05-09,97.8,68.0,Sunny
2026-05-08,89101,Las Vegas,Nevada,2026-05-10,99.8,68.5,Sunny
2026-05-08,02101,Boston,Massachusetts,2026-05-08,59.9,40.6,Partly Cloudy
2026-05-08,02101,Boston,Massachusetts,2026-05-09,59.4,44.2,Moderate rain
2026-05-08,02101,Boston,Massachusetts,2026-05-10,71.0,53.4,Patchy rain nearby
2026-05-09,90045,Los Angeles,California,2026-05-09,71.6,58.8,Cloudy
2026-05-09,90045,Los Angeles,California,2026-05-10,74.6,62.9,Sunny
2026-05-09,90045,Los Angeles,California,2026-05-11,77.2,65.0,Sunny
2026-05-09,10001,New York,New York,2026-05-09,70.5,51.4,Patchy rain nearby
2026-05-09,10001,New York,New York,2026-05-10,73.9,53.5,Patchy rain nearby
2026-05-09,10001,New York,New York,2026-05-11,54.7,48.3,Heavy rain
2026-05-09,60601,Chicago,Illinois,2026-05-09,68.4,50.9,Sunny
2026-05-09,60601,Chicago,Illinois,2026-05-10,54.6,47.7,Sunny
2026-05-09,60601,Chicago,Illinois,2026-05-11,51.3,44.4,Sunny
2026-05-09,98101,Seattle,Washington,2026-05-09,70.5,46.4,Partly Cloudy
2026-05-09,98101,Seattle,Washington,2026-05-10,70.8,47.9,Partly Cloudy
2026-05-09,98101,Seattle,Washington,2026-05-11,67.8,49.4,Sunny
2026-05-09,33101,Miami,Florida,2026-05-09,93.4,74.7,Sunny
2026-05-09,33101,Miami,Florida,2026-05-10,85.7,81.5,Patchy rain nearby
2026-05-09,33101,Miami,Florida,2026-05-11,86.0,80.9,Patchy rain nearby
2026-05-09,77001,Houston,Texas,2026-05-09,91.9,71.6,Patchy rain nearby
2026-05-09,77001,Houston,Texas,2026-05-10,92.2,72.6,Patchy rain nearby
2026-05-09,77001,Houston,Texas,2026-05-11,85.9,69.1,Patchy rain nearby
2026-05-09,85001,Phoenix,Arizona,2026-05-09,108.0,70.0,Sunny
2026-05-09,85001,Phoenix,Arizona,2026-05-10,102.7,80.5,Sunny
2026-05-09,85001,Phoenix,Arizona,2026-05-11,105.0,82.4,Sunny
2026-05-09,19101,Philadelphia,Pennsylvania,2026-05-09,73.8,54.9,Patchy rain nearby
2026-05-09,19101,Philadelphia,Pennsylvania,2026-05-10,79.8,53.9,Patchy rain nearby
2026-05-09,19101,Philadelphia,Pennsylvania,2026-05-11,57.8,52.0,Heavy rain
2026-05-09,78201,San Antonio,Texas,2026-05-09,96.1,71.4,Patchy rain nearby
2026-05-09,78201,San Antonio,Texas,2026-05-10,92.7,67.9,Patchy rain nearby
2026-05-09,78201,San Antonio,Texas,2026-05-11,83.0,66.1,Patchy rain nearby
2026-05-09,92101,San Diego,California,2026-05-09,72.1,59.4,Partly Cloudy
2026-05-09,92101,San Diego,California,2026-05-10,72.4,62.4,Sunny
2026-05-09,92101,San Diego,California,2026-05-11,73.6,64.2,Sunny
2026-05-09,75201,Dallas,Texas,2026-05-09,96.8,67.6,Sunny
2026-05-09,75201,Dallas,Texas,2026-05-10,92.4,67.7,Heavy rain
2026-05-09,75201,Dallas,Texas,2026-05-11,72.8,60.9,Patchy rain nearby
2026-05-09,95101,San Jose,California,2026-05-09,82.1,48.6,Sunny
2026-05-09,95101,San Jose,California,2026-05-10,87.6,49.8,Sunny
2026-05-09,95101,San Jose,California,2026-05-11,93.2,56.6,Sunny
2026-05-09,78701,Austin,Texas,2026-05-09,95.7,71.8,Cloudy
2026-05-09,78701,Austin,Texas,2026-05-10,92.3,67.6,Moderate rain
2026-05-09,78701,Austin,Texas,2026-05-11,79.2,67.1,Overcast
2026-05-09,30301,Atlanta,Georgia,2026-05-09,77.5,58.6,Patchy rain nearby
2026-05-09,30301,Atlanta,Georgia,2026-05-10,80.2,62.4,Moderate rain
2026-05-09,30301,Atlanta,Georgia,2026-05-11,71.6,61.3,Moderate rain
2026-05-09,28201,Charlotte,North Carolina,2026-05-09,82.0,53.6,Patchy rain nearby
2026-05-09,28201,Charlotte,North Carolina,2026-05-10,83.4,61.9,Patchy rain nearby
2026-05-09,28201,Charlotte,North Carolina,2026-05-11,74.0,61.0,Patchy rain nearby
2026-05-09,80201,Denver,Colorado,2026-05-09,76.7,50.9,Sunny
2026-05-09,80201,Denver,Colorado,2026-05-10,71.0,45.7,Sunny
2026-05-09,80201,Denver,Colorado,2026-05-11,85.8,53.2,Sunny
2026-05-09,37201,Nashville,Tennessee,2026-05-09,84.9,54.3,Patchy rain nearby
2026-05-09,37201,Nashville,Tennessee,2026-05-10,83.2,58.3,Moderate rain
2026-05-09,37201,Nashville,Tennessee,2026-05-11,66.7,51.5,Partly Cloudy
2026-05-09,97201,Portland,Oregon,2026-05-09,74.3,48.6,Sunny
2026-05-09,97201,Portland,Oregon,2026-05-10,72.9,49.9,Partly Cloudy
2026-05-09,97201,Portland,Oregon,2026-05-11,74.8,46.7,Sunny
2026-05-09,89101,Las Vegas,Nevada,2026-05-09,106.0,69.4,Sunny
2026-05-09,89101,Las Vegas,Nevada,2026-05-10,98.5,68.2,Sunny
2026-05-09,89101,Las Vegas,Nevada,2026-05-11,101.6,69.1,Sunny
2026-05-09,02101,Boston,Massachusetts,2026-05-09,58.6,40.5,Patchy rain nearby
2026-05-09,02101,Boston,Massachusetts,2026-05-10,71.8,50.9,Patchy rain nearby
2026-05-09,02101,Boston,Massachusetts,2026-05-11,52.0,46.5,Heavy rain
2026-05-10,90045,Los Angeles,California,2026-05-10,73.7,56.5,Partly Cloudy
2026-05-10,90045,Los Angeles,California,2026-05-11,76.9,63.9,Sunny
2026-05-10,90045,Los Angeles,California,2026-05-12,72.3,63.8,Sunny
2026-05-10,10001,New York,New York,2026-05-10,76.8,50.7,Patchy rain nearby
2026-05-10,10001,New York,New York,2026-05-11,58.9,50.2,Patchy rain nearby
2026-05-10,10001,New York,New York,2026-05-12,66.7,46.5,Sunny
2026-05-10,60601,Chicago,Illinois,2026-05-10,57.9,48.8,Sunny
2026-05-10,60601,Chicago,Illinois,2026-05-11,51.8,45.8,Sunny
2026-05-10,60601,Chicago,Illinois,2026-05-12,61.4,45.7,Patchy rain nearby
2026-05-10,98101,Seattle,Washington,2026-05-10,71.6,50.0,Sunny
2026-05-10,98101,Seattle,Washington,2026-05-11,69.5,47.9,Partly Cloudy
2026-05-10,98101,Seattle,Washington,2026-05-12,76.2,48.2,Sunny
2026-05-10,33101,Miami,Florida,2026-05-10,93.6,78.1,Sunny
2026-05-10,33101,Miami,Florida,2026-05-11,85.5,81.4,Sunny
2026-05-10,33101,Miami,Florida,2026-05-12,86.6,81.0,Patchy rain nearby
2026-05-10,77001,Houston,Texas,2026-05-10,90.3,73.9,Overcast
2026-05-10,77001,Houston,Texas,2026-05-11,82.6,69.3,Moderate rain
2026-05-10,77001,Houston,Texas,2026-05-12,83.6,63.6,Sunny
2026-05-10,85001,Phoenix,Arizona,2026-05-10,111.0,70.2,Sunny
2026-05-10,85001,Phoenix,Arizona,2026-05-11,105.7,82.3,Sunny
2026-05-10,85001,Phoenix,Arizona,2026-05-12,103.2,83.5,Sunny
2026-05-10,19101,Philadelphia,Pennsylvania,2026-05-10,83.1,48.7,Moderate rain
2026-05-10,19101,Philadelphia,Pennsylvania,2026-05-11,57.6,49.7,Moderate rain
2026-05-10,19101,Philadelphia,Pennsylvania,2026-05-12,65.1,44.4,Sunny
2026-05-10,78201,San Antonio,Texas,2026-05-10,94.8,69.1,Moderate rain
2026-05-10,78201,San Antonio,Texas,2026-05-11,82.8,65.5,Patchy rain nearby
2026-05-10,78201,San Antonio,Texas,2026-05-12,82.1,61.8,Sunny
2026-05-10,92101,San Diego,California,2026-05-10,71.6,57.0,Partly Cloudy
2026-05-10,92101,San Diego,California,2026-05-11,74.0,64.5,Sunny
2026-05-10,92101,San Diego,California,2026-05-12,73.2,63.8,Sunny
2026-05-10,75201,Dallas,Texas,2026-05-10,85.6,66.7,Moderate rain
2026-05-10,75201,Dallas,Texas,2026-05-11,75.9,63.0,Patchy rain nearby
2026-05-10,75201,Dallas,Texas,2026-05-12,79.4,60.1,Sunny
2026-05-10,95101,San Jose,California,2026-05-10,85.9,53.6,Partly Cloudy
2026-05-10,95101,San Jose,California,2026-05-11,92.3,54.7,Sunny
2026-05-10,95101,San Jose,California,2026-05-12,87.4,56.4,Sunny
2026-05-10,78701,Austin,Texas,2026-05-10,93.2,68.1,Moderate rain
2026-05-10,78701,Austin,Texas,2026-05-11,77.8,65.1,Partly Cloudy
2026-05-10,78701,Austin,Texas,2026-05-12,82.3,61.2,Sunny
2026-05-10,30301,Atlanta,Georgia,2026-05-10,86.0,56.7,Patchy rain nearby
2026-05-10,30301,Atlanta,Georgia,2026-05-11,75.4,62.7,Moderate rain
2026-05-10,30301,Atlanta,Georgia,2026-05-12,77.3,59.6,Patchy rain nearby
2026-05-10,28201,Charlotte,North Carolina,2026-05-10,88.2,57.6,Sunny
2026-05-10,28201,Charlotte,North Carolina,2026-05-11,70.3,59.8,Patchy rain nearby
2026-05-10,28201,Charlotte,North Carolina,2026-05-12,70.3,52.2,Sunny
2026-05-10,80201,Denver,Colorado,2026-05-10,69.7,45.2,Sunny
2026-05-10,80201,Denver,Colorado,2026-05-11,84.0,52.1,Sunny
2026-05-10,80201,Denver,Colorado,2026-05-12,78.4,55.4,Sunny
2026-05-10,37201,Nashville,Tennessee,2026-05-10,90.3,54.5,Patchy rain nearby
2026-05-10,37201,Nashville,Tennessee,2026-05-11,64.9,52.9,Patchy rain nearby
2026-05-10,37201,Nashville,Tennessee,2026-05-12,69.6,45.8,Sunny
2026-05-10,97201,Portland,Oregon,2026-05-10,72.3,53.6,Sunny
2026-05-10,97201,Portland,Oregon,2026-05-11,76.2,46.9,Sunny
2026-05-10,97201,Portland,Oregon,2026-05-12,85.0,50.5,Sunny
2026-05-10,89101,Las Vegas,Nevada,2026-05-10,105.4,70.7,Sunny
2026-05-10,89101,Las Vegas,Nevada,2026-05-11,102.2,68.9,Sunny
2026-05-10,89101,Las Vegas,Nevada,2026-05-12,99.8,71.4,Sunny
2026-05-10,02101,Boston,Massachusetts,2026-05-10,73.2,48.6,Patchy rain nearby
2026-05-10,02101,Boston,Massachusetts,2026-05-11,56.1,49.0,Patchy rain nearby
2026-05-10,02101,Boston,Massachusetts,2026-05-12,61.0,43.4,Sunny
2026-05-11,90045,Los Angeles,California,2026-05-11,75.9,58.1,Partly Cloudy
2026-05-11,90045,Los Angeles,California,2026-05-12,70.6,63.0,Sunny
2026-05-11,90045,Los Angeles,California,2026-05-13,70.7,61.7,Sunny
2026-05-11,10001,New York,New York,2026-05-11,70.7,52.7,Sunny
2026-05-11,10001,New York,New York,2026-05-12,66.9,47.3,Patchy rain nearby
2026-05-11,10001,New York,New York,2026-05-13,62.5,52.3,Patchy rain nearby
2026-05-11,60601,Chicago,Illinois,2026-05-11,55.4,47.7,Sunny
2026-05-11,60601,Chicago,Illinois,2026-05-12,68.3,47.2,Patchy rain nearby
2026-05-11,60601,Chicago,Illinois,2026-05-13,59.5,51.3,Sunny
2026-05-11,98101,Seattle,Washington,2026-05-11,68.5,48.6,Sunny
2026-05-11,98101,Seattle,Washington,2026-05-12,78.2,47.8,Sunny
2026-05-11,98101,Seattle,Washington,2026-05-13,83.5,54.7,Sunny
2026-05-11,33101,Miami,Florida,2026-05-11,93.4,78.3,Sunny
2026-05-11,33101,Miami,Florida,2026-05-12,85.5,80.9,Moderate rain
2026-05-11,33101,Miami,Florida,2026-05-13,86.4,79.4,Patchy rain nearby
2026-05-11,77001,Houston,Texas,2026-05-11,87.4,70.2,Moderate rain
2026-05-11,77001,Houston,Texas,2026-05-12,88.0,68.0,Sunny
2026-05-11,77001,Houston,Texas,2026-05-13,92.5,71.3,Sunny
2026-05-11,85001,Phoenix,Arizona,2026-05-11,114.1,70.9,Sunny
2026-05-11,85001,Phoenix,Arizona,2026-05-12,104.1,83.1,Sunny
2026-05-11,85001,Phoenix,Arizona,2026-05-13,101.0,83.6,Sunny
2026-05-11,19101,Philadelphia,Pennsylvania,2026-05-11,73.0,48.9,Patchy rain nearby
2026-05-11,19101,Philadelphia,Pennsylvania,2026-05-12,67.9,45.6,Sunny
2026-05-11,19101,Philadelphia,Pennsylvania,2026-05-13,69.0,49.1,Moderate rain
2026-05-11,78201,San Antonio,Texas,2026-05-11,83.2,66.7,Moderate rain
2026-05-11,78201,San Antonio,Texas,2026-05-12,87.0,64.8,Sunny
2026-05-11,78201,San Antonio,Texas,2026-05-13,89.1,66.0,Sunny
2026-05-11,92101,San Diego,California,2026-05-11,73.3,58.1,Partly Cloudy
2026-05-11,92101,San Diego,California,2026-05-12,71.0,63.7,Sunny
2026-05-11,92101,San Diego,California,2026-05-13,72.7,63.0,Sunny
2026-05-11,75201,Dallas,Texas,2026-05-11,77.5,60.6,Patchy rain nearby
2026-05-11,75201,Dallas,Texas,2026-05-12,81.8,61.1,Sunny
2026-05-11,75201,Dallas,Texas,2026-05-13,87.0,65.5,Sunny
2026-05-11,95101,San Jose,California,2026-05-11,91.7,51.3,Sunny
2026-05-11,95101,San Jose,California,2026-05-12,89.3,55.9,Sunny
2026-05-11,95101,San Jose,California,2026-05-13,75.7,52.3,Sunny
2026-05-11,78701,Austin,Texas,2026-05-11,81.3,65.7,Moderate rain
2026-05-11,78701,Austin,Texas,2026-05-12,85.9,64.6,Sunny
2026-05-11,78701,Austin,Texas,2026-05-13,89.5,65.6,Sunny
2026-05-11,30301,Atlanta,Georgia,2026-05-11,84.7,60.8,Sunny
2026-05-11,30301,Atlanta,Georgia,2026-05-12,80.9,63.4,Partly Cloudy
2026-05-11,30301,Atlanta,Georgia,2026-05-13,82.8,59.9,Partly Cloudy
2026-05-11,28201,Charlotte,North Carolina,2026-05-11,74.1,57.7,Patchy rain nearby
2026-05-11,28201,Charlotte,North Carolina,2026-05-12,73.5,52.4,Partly Cloudy
2026-05-11,28201,Charlotte,North Carolina,2026-05-13,79.2,53.6,Patchy rain nearby
2026-05-11,80201,Denver,Colorado,2026-05-11,84.7,51.2,Sunny
2026-05-11,80201,Denver,Colorado,2026-05-12,77.5,57.0,Sunny
2026-05-11,80201,Denver,Colorado,2026-05-13,85.3,55.2,Patchy rain nearby
2026-05-11,37201,Nashville,Tennessee,2026-05-11,77.5,54.9,Patchy rain nearby
2026-05-11,37201,Nashville,Tennessee,2026-05-12,76.2,48.8,Sunny
2026-05-11,37201,Nashville,Tennessee,2026-05-13,77.1,53.3,Patchy rain nearby
2026-05-11,97201,Portland,Oregon,2026-05-11,81.9,49.3,Sunny
2026-05-11,97201,Portland,Oregon,2026-05-12,83.7,52.0,Sunny
2026-05-11,97201,Portland,Oregon,2026-05-13,81.5,59.1,Patchy rain nearby
2026-05-11,89101,Las Vegas,Nevada,2026-05-11,108.7,70.3,Sunny
2026-05-11,89101,Las Vegas,Nevada,2026-05-12,102.2,72.0,Sunny
2026-05-11,89101,Las Vegas,Nevada,2026-05-13,94.1,69.2,Sunny
2026-05-11,02101,Boston,Massachusetts,2026-05-11,68.0,48.0,Sunny
2026-05-11,02101,Boston,Massachusetts,2026-05-12,62.8,46.0,Sunny
2026-05-11,02101,Boston,Massachusetts,2026-05-13,62.8,46.9,Partly Cloudy
2026-05-12,90045,Los Angeles,California,2026-05-12,68.6,55.8,Patchy rain nearby
2026-05-12,90045,Los Angeles,California,2026-05-13,67.0,60.9,Sunny
2026-05-12,90045,Los Angeles,California,2026-05-14,68.1,60.7,Patchy rain nearby
2026-05-12,10001,New York,New York,2026-05-12,72.0,41.9,Sunny
2026-05-12,10001,New York,New York,2026-05-13,65.0,53.7,Moderate rain
2026-05-12,10001,New York,New York,2026-05-14,67.1,50.8,Moderate rain
2026-05-12,60601,Chicago,Illinois,2026-05-12,75.0,44.8,Patchy rain nearby
2026-05-12,60601,Chicago,Illinois,2026-05-13,52.0,48.8,Patchy rain nearby
2026-05-12,60601,Chicago,Illinois,2026-05-14,50.1,44.7,Sunny
2026-05-12,98101,Seattle,Washington,2026-05-12,82.8,50.7,Sunny
2026-05-12,98101,Seattle,Washington,2026-05-13,70.5,52.1,Sunny
2026-05-12,98101,Seattle,Washington,2026-05-14,66.2,48.7,Patchy rain nearby
2026-05-12,33101,Miami,Florida,2026-05-12,89.6,77.2,Moderate rain
2026-05-12,33101,Miami,Florida,2026-05-13,83.9,77.0,Heavy rain
2026-05-12,33101,Miami,Florida,2026-05-14,85.9,79.0,Patchy rain nearby
2026-05-12,77001,Houston,Texas,2026-05-12,88.0,66.2,Sunny
2026-05-12,77001,Houston,Texas,2026-05-13,92.2,72.6,Sunny
2026-05-12,77001,Houston,Texas,2026-05-14,90.9,73.1,Sunny
2026-05-12,85001,Phoenix,Arizona,2026-05-12,111.0,73.6,Sunny
2026-05-12,85001,Phoenix,Arizona,2026-05-13,98.6,82.3,Sunny
2026-05-12,85001,Phoenix,Arizona,2026-05-14,93.8,75.1,Sunny
2026-05-12,19101,Philadelphia,Pennsylvania,2026-05-12,73.9,43.3,Sunny
2026-05-12,19101,Philadelphia,Pennsylvania,2026-05-13,70.9,51.6,Moderate rain
2026-05-12,19101,Philadelphia,Pennsylvania,2026-05-14,59.5,51.3,Moderate rain
2026-05-12,78201,San Antonio,Texas,2026-05-12,93.7,63.9,Sunny
2026-05-12,78201,San Antonio,Texas,2026-05-13,90.1,67.8,Sunny
2026-05-12,78201,San Antonio,Texas,2026-05-14,90.1,66.8,Sunny
2026-05-12,92101,San Diego,California,2026-05-12,69.3,60.1,Patchy rain nearby
2026-05-12,92101,San Diego,California,2026-05-13,69.4,62.2,Patchy rain nearby
2026-05-12,92101,San Diego,California,2026-05-14,65.6,61.1,Sunny
2026-05-12,75201,Dallas,Texas,2026-05-12,89.1,59.2,Sunny
2026-05-12,75201,Dallas,Texas,2026-05-13,88.6,67.4,Sunny
2026-05-12,75201,Dallas,Texas,2026-05-14,90.1,69.6,Sunny
2026-05-12,95101,San Jose,California,2026-05-12,85.6,52.0,Partly Cloudy
2026-05-12,95101,San Jose,California,2026-05-13,67.5,48.2,Patchy rain nearby
2026-05-12,95101,San Jose,California,2026-05-14,75.1,47.1,Sunny
2026-05-12,78701,Austin,Texas,2026-05-12,87.8,63.0,Sunny
2026-05-12,78701,Austin,Texas,2026-05-13,88.8,67.1,Sunny
2026-05-12,78701,Austin,Texas,2026-05-14,89.0,67.4,Sunny
2026-05-12,30301,Atlanta,Georgia,2026-05-12,80.5,59.7,Sunny
2026-05-12,30301,Atlanta,Georgia,2026-05-13,84.3,63.0,Patchy rain nearby
2026-05-12,30301,Atlanta,Georgia,2026-05-14,72.5,54.7,Sunny
2026-05-12,28201,Charlotte,North Carolina,2026-05-12,79.9,46.6,Sunny
2026-05-12,28201,Charlotte,North Carolina,2026-05-13,80.2,54.2,Patchy rain nearby
2026-05-12,28201,Charlotte,North Carolina,2026-05-14,69.0,50.3,Sunny
2026-05-12,80201,Denver,Colorado,2026-05-12,77.8,55.3,Sunny
2026-05-12,80201,Denver,Colorado,2026-05-13,87.8,57.0,Patchy rain nearby
2026-05-12,80201,Denver,Colorado,2026-05-14,84.2,59.1,Patchy rain nearby
2026-05-12,37201,Nashville,Tennessee,2026-05-12,85.5,48.9,Sunny
2026-05-12,37201,Nashville,Tennessee,2026-05-13,76.4,56.2,Patchy rain nearby
2026-05-12,37201,Nashville,Tennessee,2026-05-14,67.5,46.0,Sunny
2026-05-12,97201,Portland,Oregon,2026-05-12,86.2,57.0,Sunny
2026-05-12,97201,Portland,Oregon,2026-05-13,68.4,51.3,Patchy rain nearby
2026-05-12,97201,Portland,Oregon,2026-05-14,67.7,44.6,Partly Cloudy
2026-05-12,89101,Las Vegas,Nevada,2026-05-12,109.8,71.8,Sunny
2026-05-12,89101,Las Vegas,Nevada,2026-05-13,91.4,66.2,Sunny
2026-05-12,89101,Las Vegas,Nevada,2026-05-14,85.8,58.0,Sunny
2026-05-12,02101,Boston,Massachusetts,2026-05-12,64.4,41.4,Sunny
2026-05-12,02101,Boston,Massachusetts,2026-05-13,59.4,46.1,Patchy rain nearby
2026-05-12,02101,Boston,Massachusetts,2026-05-14,58.4,53.9,Moderate rain
2026-05-13,90045,Los Angeles,California,2026-05-13,69.6,55.9,Overcast
2026-05-13,90045,Los Angeles,California,2026-05-14,69.5,60.3,Sunny
2026-05-13,90045,Los Angeles,California,2026-05-15,68.5,61.0,Sunny
2026-05-13,10001,New York,New York,2026-05-13,79.7,50.0,Patchy rain nearby
2026-05-13,10001,New York,New York,2026-05-14,68.6,54.5,Patchy rain nearby
2026-05-13,10001,New York,New York,2026-05-15,66.0,52.3,Patchy rain nearby
2026-05-13,60601,Chicago,Illinois,2026-05-13,54.7,46.8,Partly Cloudy
2026-05-13,60601,Chicago,Illinois,2026-05-14,56.2,44.5,Sunny
2026-05-13,60601,Chicago,Illinois,2026-05-15,68.8,50.2,Patchy rain nearby
2026-05-13,98101,Seattle,Washington,2026-05-13,57.7,50.9,Moderate rain
2026-05-13,98101,Seattle,Washington,2026-05-14,62.3,47.1,Patchy rain nearby
2026-05-13,98101,Seattle,Washington,2026-05-15,55.9,43.8,Patchy rain nearby
2026-05-13,33101,Miami,Florida,2026-05-13,96.6,76.1,Sunny
2026-05-13,33101,Miami,Florida,2026-05-14,88.9,76.1,Sunny
2026-05-13,33101,Miami,Florida,2026-05-15,84.7,78.5,Sunny
2026-05-13,77001,Houston,Texas,2026-05-13,92.1,66.6,Sunny
2026-05-13,77001,Houston,Texas,2026-05-14,91.5,71.8,Sunny
2026-05-13,77001,Houston,Texas,2026-05-15,90.2,71.5,Sunny
2026-05-13,85001,Phoenix,Arizona,2026-05-13,103.1,76.6,Sunny
2026-05-13,85001,Phoenix,Arizona,2026-05-14,95.9,76.9,Sunny
2026-05-13,85001,Phoenix,Arizona,2026-05-15,97.0,77.3,Sunny
2026-05-13,19101,Philadelphia,Pennsylvania,2026-05-13,82.8,53.6,Moderate rain
2026-05-13,19101,Philadelphia,Pennsylvania,2026-05-14,62.8,49.9,Patchy rain nearby
2026-05-13,19101,Philadelphia,Pennsylvania,2026-05-15,65.8,48.4,Patchy rain nearby
2026-05-13,78201,San Antonio,Texas,2026-05-13,95.7,65.3,Sunny
2026-05-13,78201,San Antonio,Texas,2026-05-14,91.7,64.8,Sunny
2026-05-13,78201,San Antonio,Texas,2026-05-15,90.7,67.8,Overcast
2026-05-13,92101,San Diego,California,2026-05-13,70.5,57.9,Cloudy
2026-05-13,92101,San Diego,California,2026-05-14,68.5,60.7,Sunny
2026-05-13,92101,San Diego,California,2026-05-15,68.1,61.2,Sunny
2026-05-13,75201,Dallas,Texas,2026-05-13,95.0,62.8,Sunny
2026-05-13,75201,Dallas,Texas,2026-05-14,89.6,68.1,Sunny
2026-05-13,75201,Dallas,Texas,2026-05-15,89.8,70.9,Sunny
2026-05-13,95101,San Jose,California,2026-05-13,73.8,49.6,Partly Cloudy
2026-05-13,95101,San Jose,California,2026-05-14,84.0,48.5,Sunny
2026-05-13,95101,San Jose,California,2026-05-15,81.5,50.4,Sunny
2026-05-13,78701,Austin,Texas,2026-05-13,93.4,64.4,Sunny
2026-05-13,78701,Austin,Texas,2026-05-14,90.1,65.8,Sunny
2026-05-13,78701,Austin,Texas,2026-05-15,91.7,68.1,Overcast
2026-05-13,30301,Atlanta,Georgia,2026-05-13,82.8,52.3,Sunny
2026-05-13,30301,Atlanta,Georgia,2026-05-14,74.4,55.2,Sunny
2026-05-13,30301,Atlanta,Georgia,2026-05-15,81.3,53.0,Sunny
2026-05-13,28201,Charlotte,North Carolina,2026-05-13,83.7,47.5,Patchy rain nearby
2026-05-13,28201,Charlotte,North Carolina,2026-05-14,70.1,52.2,Sunny
2026-05-13,28201,Charlotte,North Carolina,2026-05-15,76.2,46.5,Sunny
2026-05-13,80201,Denver,Colorado,2026-05-13,88.6,56.8,Patchy rain nearby
2026-05-13,80201,Denver,Colorado,2026-05-14,83.9,61.1,Patchy rain nearby
2026-05-13,80201,Denver,Colorado,2026-05-15,80.7,54.3,Sunny
2026-05-13,37201,Nashville,Tennessee,2026-05-13,87.4,56.7,Sunny
2026-05-13,37201,Nashville,Tennessee,2026-05-14,67.9,47.6,Sunny
2026-05-13,37201,Nashville,Tennessee,2026-05-15,78.2,49.8,Patchy rain nearby
2026-05-13,97201,Portland,Oregon,2026-05-13,64.3,49.9,Patchy rain nearby
2026-05-13,97201,Portland,Oregon,2026-05-14,64.7,45.6,Patchy rain nearby
2026-05-13,97201,Portland,Oregon,2026-05-15,58.8,44.2,Patchy rain nearby
2026-05-13,89101,Las Vegas,Nevada,2026-05-13,101.3,72.5,Sunny
2026-05-13,89101,Las Vegas,Nevada,2026-05-14,94.0,62.6,Sunny
2026-05-13,89101,Las Vegas,Nevada,2026-05-15,97.2,65.9,Sunny
2026-05-13,02101,Boston,Massachusetts,2026-05-13,70.7,44.1,Patchy rain nearby
2026-05-13,02101,Boston,Massachusetts,2026-05-14,59.1,51.8,Moderate rain
2026-05-13,02101,Boston,Massachusetts,2026-05-15,51.2,49.3,Patchy rain nearby
2026-05-14,90045,Los Angeles,California,2026-05-14,68.9,51.8,Sunny
2026-05-14,90045,Los Angeles,California,2026-05-15,68.2,60.6,Sunny
2026-05-14,90045,Los Angeles,California,2026-05-16,69.0,61.0,Sunny
2026-05-14,10001,New York,New York,2026-05-14,68.4,54.5,Patchy rain nearby
2026-05-14,10001,New York,New York,2026-05-15,67.0,51.8,Partly Cloudy
2026-05-14,10001,New York,New York,2026-05-16,77.0,52.9,Sunny
2026-05-14,60601,Chicago,Illinois,2026-05-14,59.2,45.5,Sunny
2026-05-14,60601,Chicago,Illinois,2026-05-15,65.8,50.7,Moderate rain
2026-05-14,60601,Chicago,Illinois,2026-05-16,75.6,59.0,Moderate rain
2026-05-14,98101,Seattle,Washington,2026-05-14,63.0,47.3,Partly Cloudy
2026-05-14,98101,Seattle,Washington,2026-05-15,56.2,45.0,Patchy rain nearby
2026-05-14,98101,Seattle,Washington,2026-05-16,54.4,40.6,Moderate rain
2026-05-14,33101,Miami,Florida,2026-05-14,95.7,73.4,Sunny
2026-05-14,33101,Miami,Florida,2026-05-15,86.7,76.7,Sunny
2026-05-14,33101,Miami,Florida,2026-05-16,86.3,81.1,Patchy rain nearby
2026-05-14,77001,Houston,Texas,2026-05-14,94.8,68.2,Sunny
2026-05-14,77001,Houston,Texas,2026-05-15,89.8,71.0,Sunny
2026-05-14,77001,Houston,Texas,2026-05-16,83.6,72.2,Patchy rain nearby
2026-05-14,85001,Phoenix,Arizona,2026-05-14,103.1,69.3,Sunny
2026-05-14,85001,Phoenix,Arizona,2026-05-15,95.0,76.6,Sunny
2026-05-14,85001,Phoenix,Arizona,2026-05-16,98.3,76.6,Sunny
2026-05-14,19101,Philadelphia,Pennsylvania,2026-05-14,63.7,52.9,Patchy rain nearby
2026-05-14,19101,Philadelphia,Pennsylvania,2026-05-15,63.2,49.0,Cloudy
2026-05-14,19101,Philadelphia,Pennsylvania,2026-05-16,79.2,50.6,Sunny
2026-05-14,78201,San Antonio,Texas,2026-05-14,93.2,65.8,Sunny
2026-05-14,78201,San Antonio,Texas,2026-05-15,91.5,66.6,Sunny
2026-05-14,78201,San Antonio,Texas,2026-05-16,92.4,67.6,Partly Cloudy
2026-05-14,92101,San Diego,California,2026-05-14,71.8,56.5,Partly Cloudy
2026-05-14,92101,San Diego,California,2026-05-15,67.9,61.1,Sunny
2026-05-14,92101,San Diego,California,2026-05-16,67.7,61.1,Partly Cloudy
2026-05-14,75201,Dallas,Texas,2026-05-14,92.5,67.6,Sunny
2026-05-14,75201,Dallas,Texas,2026-05-15,90.1,70.0,Sunny
2026-05-14,75201,Dallas,Texas,2026-05-16,90.3,69.2,Sunny
2026-05-14,95101,San Jose,California,2026-05-14,83.4,50.0,Sunny
2026-05-14,95101,San Jose,California,2026-05-15,80.7,48.4,Sunny
2026-05-14,95101,San Jose,California,2026-05-16,71.2,48.9,Sunny
2026-05-14,78701,Austin,Texas,2026-05-14,91.2,66.4,Sunny
2026-05-14,78701,Austin,Texas,2026-05-15,91.5,66.6,Partly Cloudy
2026-05-14,78701,Austin,Texas,2026-05-16,91.1,67.5,Partly Cloudy
2026-05-14,30301,Atlanta,Georgia,2026-05-14,79.7,56.1,Sunny
2026-05-14,30301,Atlanta,Georgia,2026-05-15,81.5,52.9,Sunny
2026-05-14,30301,Atlanta,Georgia,2026-05-16,87.0,61.4,Partly Cloudy
2026-05-14,28201,Charlotte,North Carolina,2026-05-14,74.7,53.9,Sunny
2026-05-14,28201,Charlotte,North Carolina,2026-05-15,76.6,47.1,Sunny
2026-05-14,28201,Charlotte,North Carolina,2026-05-16,86.2,55.9,Sunny
2026-05-14,80201,Denver,Colorado,2026-05-14,85.4,60.7,Patchy rain nearby
2026-05-14,80201,Denver,Colorado,2026-05-15,81.6,54.1,Sunny
2026-05-14,80201,Denver,Colorado,2026-05-16,72.1,53.7,Patchy rain nearby
2026-05-14,37201,Nashville,Tennessee,2026-05-14,75.7,51.8,Sunny
2026-05-14,37201,Nashville,Tennessee,2026-05-15,78.7,49.6,Patchy rain nearby
2026-05-14,37201,Nashville,Tennessee,2026-05-16,83.9,59.5,Moderate rain
2026-05-14,97201,Portland,Oregon,2026-05-14,65.8,49.5,Patchy rain nearby
2026-05-14,97201,Portland,Oregon,2026-05-15,63.0,44.8,Patchy rain nearby
2026-05-14,97201,Portland,Oregon,2026-05-16,56.8,42.2,Patchy rain nearby
2026-05-14,89101,Las Vegas,Nevada,2026-05-14,101.8,67.8,Sunny
2026-05-14,89101,Las Vegas,Nevada,2026-05-15,96.6,66.1,Sunny
2026-05-14,89101,Las Vegas,Nevada,2026-05-16,92.6,62.9,Sunny
2026-05-14,02101,Boston,Massachusetts,2026-05-14,59.4,50.5,Moderate rain
2026-05-14,02101,Boston,Massachusetts,2026-05-15,50.7,47.8,Patchy rain nearby
2026-05-14,02101,Boston,Massachusetts,2026-05-16,74.7,46.7,Sunny
2026-05-15,90045,Los Angeles,California,2026-05-15,68.0,56.8,Partly Cloudy
2026-05-15,90045,Los Angeles,California,2026-05-16,67.6,61.1,Sunny
2026-05-15,90045,Los Angeles,California,2026-05-17,69.0,60.9,Sunny
2026-05-15,10001,New York,New York,2026-05-15,68.2,45.9,Partly Cloudy
2026-05-15,10001,New York,New York,2026-05-16,74.5,54.6,Sunny
2026-05-15,10001,New York,New York,2026-05-17,79.4,61.7,Patchy rain nearby
2026-05-15,60601,Chicago,Illinois,2026-05-15,70.2,53.2,Patchy rain nearby
2026-05-15,60601,Chicago,Illinois,2026-05-16,76.1,59.2,Heavy rain
2026-05-15,60601,Chicago,Illinois,2026-05-17,76.1,60.9,Moderate rain
2026-05-15,98101,Seattle,Washington,2026-05-15,53.4,44.5,Patchy rain nearby
2026-05-15,98101,Seattle,Washington,2026-05-16,55.9,41.6,Moderate rain
2026-05-15,98101,Seattle,Washington,2026-05-17,60.8,43.5,Patchy rain nearby
2026-05-15,33101,Miami,Florida,2026-05-15,89.8,73.8,Sunny
2026-05-15,33101,Miami,Florida,2026-05-16,85.7,81.0,Sunny
2026-05-15,33101,Miami,Florida,2026-05-17,83.8,80.9,Moderate rain
2026-05-15,77001,Houston,Texas,2026-05-15,88.7,68.4,Sunny
2026-05-15,77001,Houston,Texas,2026-05-16,88.9,72.6,Patchy rain nearby
2026-05-15,77001,Houston,Texas,2026-05-17,91.2,75.4,Patchy rain nearby
2026-05-15,85001,Phoenix,Arizona,2026-05-15,103.3,70.5,Sunny
2026-05-15,85001,Phoenix,Arizona,2026-05-16,97.1,77.0,Sunny
2026-05-15,85001,Phoenix,Arizona,2026-05-17,92.5,74.1,Sunny
2026-05-15,19101,Philadelphia,Pennsylvania,2026-05-15,67.1,46.6,Sunny
2026-05-15,19101,Philadelphia,Pennsylvania,2026-05-16,78.1,50.3,Sunny
2026-05-15,19101,Philadelphia,Pennsylvania,2026-05-17,83.1,60.7,Moderate rain
2026-05-15,78201,San Antonio,Texas,2026-05-15,91.2,67.8,Sunny
2026-05-15,78201,San Antonio,Texas,2026-05-16,91.8,67.6,Partly Cloudy
2026-05-15,78201,San Antonio,Texas,2026-05-17,92.1,73.2,Patchy rain nearby
2026-05-15,92101,San Diego,California,2026-05-15,70.5,59.9,Patchy rain nearby
2026-05-15,92101,San Diego,California,2026-05-16,67.4,61.6,Patchy rain nearby
2026-05-15,92101,San Diego,California,2026-05-17,67.4,61.0,Patchy rain nearby
2026-05-15,75201,Dallas,Texas,2026-05-15,96.3,70.5,Sunny
2026-05-15,75201,Dallas,Texas,2026-05-16,90.9,69.9,Sunny
2026-05-15,75201,Dallas,Texas,2026-05-17,91.1,72.5,Thundery outbreaks in nearby
2026-05-15,95101,San Jose,California,2026-05-15,80.1,50.0,Sunny
2026-05-15,95101,San Jose,California,2026-05-16,73.6,45.1,Sunny
2026-05-15,95101,San Jose,California,2026-05-17,77.8,46.1,Sunny
2026-05-15,78701,Austin,Texas,2026-05-15,95.0,67.8,Sunny
2026-05-15,78701,Austin,Texas,2026-05-16,91.0,68.1,Partly Cloudy
2026-05-15,78701,Austin,Texas,2026-05-17,90.9,73.4,Patchy rain nearby
2026-05-15,30301,Atlanta,Georgia,2026-05-15,84.6,48.7,Sunny
2026-05-15,30301,Atlanta,Georgia,2026-05-16,87.8,60.3,Sunny
2026-05-15,30301,Atlanta,Georgia,2026-05-17,89.7,65.6,Patchy rain nearby
2026-05-15,28201,Charlotte,North Carolina,2026-05-15,82.0,46.2,Sunny
2026-05-15,28201,Charlotte,North Carolina,2026-05-16,85.6,55.4,Sunny
2026-05-15,28201,Charlotte,North Carolina,2026-05-17,89.9,63.7,Partly Cloudy
2026-05-15,80201,Denver,Colorado,2026-05-15,80.2,55.6,Patchy rain nearby
2026-05-15,80201,Denver,Colorado,2026-05-16,74.9,54.8,Patchy rain nearby
2026-05-15,80201,Denver,Colorado,2026-05-17,70.9,47.0,Patchy rain nearby
2026-05-15,37201,Nashville,Tennessee,2026-05-15,87.1,47.5,Sunny
2026-05-15,37201,Nashville,Tennessee,2026-05-16,82.2,63.2,Moderate rain
2026-05-15,37201,Nashville,Tennessee,2026-05-17,86.7,62.5,Sunny
2026-05-15,97201,Portland,Oregon,2026-05-15,60.9,45.9,Patchy rain nearby
2026-05-15,97201,Portland,Oregon,2026-05-16,54.5,43.0,Moderate rain
2026-05-15,97201,Portland,Oregon,2026-05-17,62.0,41.7,Patchy rain nearby
2026-05-15,89101,Las Vegas,Nevada,2026-05-15,102.4,67.1,Sunny
2026-05-15,89101,Las Vegas,Nevada,2026-05-16,90.9,62.9,Sunny
2026-05-15,89101,Las Vegas,Nevada,2026-05-17,91.2,63.8,Sunny
2026-05-15,02101,Boston,Massachusetts,2026-05-15,59.4,49.6,Overcast
2026-05-15,02101,Boston,Massachusetts,2026-05-16,74.6,49.6,Partly Cloudy
2026-05-15,02101,Boston,Massachusetts,2026-05-17,82.0,58.3,Patchy rain nearby
2026-05-16,90045,Los Angeles,California,2026-05-16,66.6,57.7,Overcast
2026-05-16,90045,Los Angeles,California,2026-05-17,68.5,61.2,Sunny
2026-05-16,90045,Los Angeles,California,2026-05-18,71.4,62.3,Sunny
2026-05-16,10001,New York,New York,2026-05-16,86.2,50.4,Sunny
2026-05-16,10001,New York,New York,2026-05-17,81.6,64.3,Sunny
2026-05-16,10001,New York,New York,2026-05-18,77.2,65.4,Sunny
2026-05-16,60601,Chicago,Illinois,2026-05-16,81.1,59.4,Patchy rain nearby
2026-05-16,60601,Chicago,Illinois,2026-05-17,75.1,60.6,Patchy rain nearby
2026-05-16,60601,Chicago,Illinois,2026-05-18,74.0,65.6,Heavy rain
2026-05-16,98101,Seattle,Washington,2026-05-16,55.3,42.5,Moderate rain
2026-05-16,98101,Seattle,Washington,2026-05-17,60.2,41.9,Patchy rain nearby
2026-05-16,98101,Seattle,Washington,2026-05-18,66.6,44.0,Partly Cloudy
2026-05-16,33101,Miami,Florida,2026-05-16,88.0,72.5,Patchy rain nearby
2026-05-16,33101,Miami,Florida,2026-05-17,84.0,80.6,Moderate rain
2026-05-16,33101,Miami,Florida,2026-05-18,85.1,81.4,Patchy rain nearby
2026-05-16,77001,Houston,Texas,2026-05-16,87.4,71.1,Partly Cloudy
2026-05-16,77001,Houston,Texas,2026-05-17,91.8,75.7,Patchy rain nearby
2026-05-16,77001,Houston,Texas,2026-05-18,88.2,77.7,Patchy rain nearby
2026-05-16,85001,Phoenix,Arizona,2026-05-16,99.7,69.3,Sunny
2026-05-16,85001,Phoenix,Arizona,2026-05-17,89.9,72.5,Sunny
2026-05-16,85001,Phoenix,Arizona,2026-05-18,87.7,68.4,Sunny
2026-05-16,19101,Philadelphia,Pennsylvania,2026-05-16,81.7,50.4,Sunny
2026-05-16,19101,Philadelphia,Pennsylvania,2026-05-17,81.2,64.0,Patchy rain nearby
2026-05-16,19101,Philadelphia,Pennsylvania,2026-05-18,91.9,64.7,Patchy rain nearby
2026-05-16,78201,San Antonio,Texas,2026-05-16,90.9,70.2,Sunny
2026-05-16,78201,San Antonio,Texas,2026-05-17,91.2,74.9,Patchy rain nearby
2026-05-16,78201,San Antonio,Texas,2026-05-18,95.8,75.8,Patchy rain nearby
2026-05-16,92101,San Diego,California,2026-05-16,70.3,61.2,Patchy rain nearby
2026-05-16,92101,San Diego,California,2026-05-17,67.1,61.3,Patchy rain nearby
2026-05-16,92101,San Diego,California,2026-05-18,69.0,61.5,Sunny
2026-05-16,75201,Dallas,Texas,2026-05-16,92.3,70.7,Sunny
2026-05-16,75201,Dallas,Texas,2026-05-17,90.8,73.0,Patchy rain nearby
2026-05-16,75201,Dallas,Texas,2026-05-18,89.0,75.7,Patchy rain nearby
2026-05-16,95101,San Jose,California,2026-05-16,74.1,49.3,Sunny
2026-05-16,95101,San Jose,California,2026-05-17,77.1,45.0,Sunny
2026-05-16,95101,San Jose,California,2026-05-18,83.5,50.3,Sunny
2026-05-16,78701,Austin,Texas,2026-05-16,90.6,70.2,Sunny
2026-05-16,78701,Austin,Texas,2026-05-17,91.5,74.0,Patchy rain nearby
2026-05-16,78701,Austin,Texas,2026-05-18,93.0,76.4,Patchy rain nearby
2026-05-16,30301,Atlanta,Georgia,2026-05-16,91.6,54.0,Sunny
2026-05-16,30301,Atlanta,Georgia,2026-05-17,90.0,66.9,Patchy rain nearby
2026-05-16,30301,Atlanta,Georgia,2026-05-18,87.5,65.0,Patchy rain nearby
2026-05-16,28201,Charlotte,North Carolina,2026-05-16,90.3,52.2,Sunny
2026-05-16,28201,Charlotte,North Carolina,2026-05-17,89.5,62.9,Partly Cloudy
2026-05-16,28201,Charlotte,North Carolina,2026-05-18,89.9,64.8,Sunny
2026-05-16,80201,Denver,Colorado,2026-05-16,79.5,52.9,Patchy rain nearby
2026-05-16,80201,Denver,Colorado,2026-05-17,68.2,45.8,Moderate rain
2026-05-16,80201,Denver,Colorado,2026-05-18,37.9,32.9,Moderate rain
2026-05-16,37201,Nashville,Tennessee,2026-05-16,90.7,65.7,Sunny
2026-05-16,37201,Nashville,Tennessee,2026-05-17,88.1,61.9,Sunny
2026-05-16,37201,Nashville,Tennessee,2026-05-18,88.0,64.6,Sunny
2026-05-16,97201,Portland,Oregon,2026-05-16,55.6,44.0,Moderate rain
2026-05-16,97201,Portland,Oregon,2026-05-17,64.6,40.7,Patchy rain nearby
2026-05-16,97201,Portland,Oregon,2026-05-18,68.6,42.7,Sunny
2026-05-16,89101,Las Vegas,Nevada,2026-05-16,100.4,69.4,Sunny
2026-05-16,89101,Las Vegas,Nevada,2026-05-17,88.9,63.4,Sunny
2026-05-16,89101,Las Vegas,Nevada,2026-05-18,78.2,52.7,Sunny
2026-05-16,02101,Boston,Massachusetts,2026-05-16,81.5,46.0,Sunny
2026-05-16,02101,Boston,Massachusetts,2026-05-17,82.1,59.1,Patchy rain nearby
2026-05-16,02101,Boston,Massachusetts,2026-05-18,71.8,55.7,Sunny
2026-05-17,90045,Los Angeles,California,2026-05-17,68.2,54.0,Partly Cloudy
2026-05-17,90045,Los Angeles,California,2026-05-18,68.7,60.8,Sunny
2026-05-17,90045,Los Angeles,California,2026-05-19,70.3,61.4,Sunny
2026-05-17,10001,New York,New York,2026-05-17,94.6,62.8,Sunny
2026-05-17,10001,New York,New York,2026-05-18,82.2,68.3,Patchy rain nearby
2026-05-17,10001,New York,New York,2026-05-19,93.0,68.2,Sunny
2026-05-17,60601,Chicago,Illinois,2026-05-17,80.6,58.1,Sunny
2026-05-17,60601,Chicago,Illinois,2026-05-18,77.8,65.8,Patchy rain nearby
2026-05-17,60601,Chicago,Illinois,2026-05-19,75.5,59.1,Moderate rain
2026-05-17,98101,Seattle,Washington,2026-05-17,63.9,41.2,Sunny
2026-05-17,98101,Seattle,Washington,2026-05-18,65.4,44.7,Cloudy
2026-05-17,98101,Seattle,Washington,2026-05-19,64.0,50.5,Patchy rain nearby
2026-05-17,33101,Miami,Florida,2026-05-17,87.8,78.1,Patchy rain nearby
2026-05-17,33101,Miami,Florida,2026-05-18,84.2,80.4,Patchy rain nearby
2026-05-17,33101,Miami,Florida,2026-05-19,83.7,80.2,Moderate rain
2026-05-17,77001,Houston,Texas,2026-05-17,89.3,75.7,Patchy rain nearby
2026-05-17,77001,Houston,Texas,2026-05-18,90.9,77.9,Patchy rain nearby
2026-05-17,77001,Houston,Texas,2026-05-19,91.8,76.6,Patchy rain nearby
2026-05-17,85001,Phoenix,Arizona,2026-05-17,96.6,68.5,Sunny
2026-05-17,85001,Phoenix,Arizona,2026-05-18,84.9,65.5,Sunny
2026-05-17,85001,Phoenix,Arizona,2026-05-19,87.1,69.1,Sunny
2026-05-17,19101,Philadelphia,Pennsylvania,2026-05-17,96.6,64.9,Sunny
2026-05-17,19101,Philadelphia,Pennsylvania,2026-05-18,91.5,64.9,Patchy rain nearby
2026-05-17,19101,Philadelphia,Pennsylvania,2026-05-19,92.9,67.6,Sunny
2026-05-17,78201,San Antonio,Texas,2026-05-17,93.4,75.6,Patchy rain nearby
2026-05-17,78201,San Antonio,Texas,2026-05-18,92.8,74.6,Patchy rain nearby
2026-05-17,78201,San Antonio,Texas,2026-05-19,96.7,76.6,Patchy rain nearby
2026-05-17,92101,San Diego,California,2026-05-17,67.8,60.6,Patchy rain nearby
2026-05-17,92101,San Diego,California,2026-05-18,67.4,60.6,Patchy rain nearby
2026-05-17,92101,San Diego,California,2026-05-19,70.0,61.7,Sunny
2026-05-17,75201,Dallas,Texas,2026-05-17,89.8,73.6,Patchy rain nearby
2026-05-17,75201,Dallas,Texas,2026-05-18,93.3,75.0,Patchy rain nearby
2026-05-17,75201,Dallas,Texas,2026-05-19,91.1,75.4,Patchy rain nearby
2026-05-17,95101,San Jose,California,2026-05-17,77.9,47.1,Sunny
2026-05-17,95101,San Jose,California,2026-05-18,81.9,56.3,Sunny
2026-05-17,95101,San Jose,California,2026-05-19,87.8,53.1,Sunny
2026-05-17,78701,Austin,Texas,2026-05-17,92.3,75.2,Patchy rain nearby
2026-05-17,78701,Austin,Texas,2026-05-18,91.9,75.6,Patchy rain nearby
2026-05-17,78701,Austin,Texas,2026-05-19,94.5,75.9,Patchy rain nearby
2026-05-17,30301,Atlanta,Georgia,2026-05-17,93.9,63.7,Moderate rain
2026-05-17,30301,Atlanta,Georgia,2026-05-18,86.7,62.2,Patchy rain nearby
2026-05-17,30301,Atlanta,Georgia,2026-05-19,87.5,66.1,Sunny
2026-05-17,28201,Charlotte,North Carolina,2026-05-17,93.6,62.4,Sunny
2026-05-17,28201,Charlotte,North Carolina,2026-05-18,90.0,66.0,Sunny
2026-05-17,28201,Charlotte,North Carolina,2026-05-19,90.1,62.8,Sunny
2026-05-17,80201,Denver,Colorado,2026-05-17,68.8,46.7,Moderate rain
2026-05-17,80201,Denver,Colorado,2026-05-18,49.0,35.2,Moderate rain
2026-05-17,80201,Denver,Colorado,2026-05-19,43.7,34.4,Moderate rain
2026-05-17,37201,Nashville,Tennessee,2026-05-17,95.9,63.0,Sunny
2026-05-17,37201,Nashville,Tennessee,2026-05-18,87.7,66.4,Sunny
2026-05-17,37201,Nashville,Tennessee,2026-05-19,77.5,64.9,Heavy rain
2026-05-17,97201,Portland,Oregon,2026-05-17,64.0,41.5,Sunny
2026-05-17,97201,Portland,Oregon,2026-05-18,69.5,45.2,Partly Cloudy
2026-05-17,97201,Portland,Oregon,2026-05-19,66.2,47.4,Patchy rain nearby
2026-05-17,89101,Las Vegas,Nevada,2026-05-17,96.6,62.3,Sunny
2026-05-17,89101,Las Vegas,Nevada,2026-05-18,78.3,52.8,Sunny
2026-05-17,89101,Las Vegas,Nevada,2026-05-19,83.0,55.3,Sunny
2026-05-17,02101,Boston,Massachusetts,2026-05-17,92.8,61.3,Sunny
2026-05-17,02101,Boston,Massachusetts,2026-05-18,70.6,54.9,Partly Cloudy
2026-05-17,02101,Boston,Massachusetts,2026-05-19,92.6,59.9,Sunny
2026-05-18,90045,Los Angeles,California,2026-05-18,74.7,54.1,Sunny
2026-05-18,90045,Los Angeles,California,2026-05-19,69.6,61.3,Sunny
2026-05-18,90045,Los Angeles,California,2026-05-20,70.0,61.6,Sunny
2026-05-18,10001,New York,New York,2026-05-18,93.0,66.6,Patchy rain nearby
2026-05-18,10001,New York,New York,2026-05-19,91.6,67.5,Patchy rain nearby
2026-05-18,10001,New York,New York,2026-05-20,90.2,65.5,Patchy rain nearby
2026-05-18,60601,Chicago,Illinois,2026-05-18,76.0,55.0,Moderate rain
2026-05-18,60601,Chicago,Illinois,2026-05-19,73.6,57.1,Patchy rain nearby
2026-05-18,60601,Chicago,Illinois,2026-05-20,51.6,47.1,Sunny
2026-05-18,98101,Seattle,Washington,2026-05-18,67.4,45.7,Sunny
2026-05-18,98101,Seattle,Washington,2026-05-19,61.3,47.8,Patchy rain nearby
2026-05-18,98101,Seattle,Washington,2026-05-20,67.1,46.7,Partly Cloudy
2026-05-18,33101,Miami,Florida,2026-05-18,88.7,76.3,Moderate rain
2026-05-18,33101,Miami,Florida,2026-05-19,84.3,80.7,Patchy rain nearby
2026-05-18,33101,Miami,Florida,2026-05-20,84.2,80.6,Patchy rain nearby
2026-05-18,77001,Houston,Texas,2026-05-18,91.9,75.9,Patchy rain nearby
2026-05-18,77001,Houston,Texas,2026-05-19,88.6,76.8,Patchy rain nearby
2026-05-18,77001,Houston,Texas,2026-05-20,83.3,74.7,Heavy rain
2026-05-18,85001,Phoenix,Arizona,2026-05-18,92.1,65.8,Sunny
2026-05-18,85001,Phoenix,Arizona,2026-05-19,87.9,70.4,Sunny
2026-05-18,85001,Phoenix,Arizona,2026-05-20,91.5,76.1,Sunny
2026-05-18,19101,Philadelphia,Pennsylvania,2026-05-18,101.5,65.5,Patchy rain nearby
2026-05-18,19101,Philadelphia,Pennsylvania,2026-05-19,93.8,68.2,Sunny
2026-05-18,19101,Philadelphia,Pennsylvania,2026-05-20,89.8,65.4,Patchy rain nearby
2026-05-18,78201,San Antonio,Texas,2026-05-18,95.3,76.3,Patchy rain nearby
2026-05-18,78201,San Antonio,Texas,2026-05-19,90.9,74.9,Patchy rain nearby
2026-05-18,78201,San Antonio,Texas,2026-05-20,86.7,71.2,Moderate rain
2026-05-18,92101,San Diego,California,2026-05-18,70.3,57.9,Patchy rain nearby
2026-05-18,92101,San Diego,California,2026-05-19,69.1,61.8,Sunny
2026-05-18,92101,San Diego,California,2026-05-20,70.4,63.1,Sunny
2026-05-18,75201,Dallas,Texas,2026-05-18,90.7,76.3,Patchy rain nearby
2026-05-18,75201,Dallas,Texas,2026-05-19,88.4,70.5,Moderate rain
2026-05-18,75201,Dallas,Texas,2026-05-20,86.1,67.7,Patchy rain nearby
2026-05-18,95101,San Jose,California,2026-05-18,87.3,55.0,Sunny
2026-05-18,95101,San Jose,California,2026-05-19,87.5,52.2,Sunny
2026-05-18,95101,San Jose,California,2026-05-20,89.6,56.3,Sunny
2026-05-18,78701,Austin,Texas,2026-05-18,90.3,73.0,Patchy rain nearby
2026-05-18,78701,Austin,Texas,2026-05-19,91.8,74.7,Moderate rain
2026-05-18,78701,Austin,Texas,2026-05-20,84.8,69.0,Patchy rain nearby
2026-05-18,30301,Atlanta,Georgia,2026-05-18,95.0,64.2,Sunny
2026-05-18,30301,Atlanta,Georgia,2026-05-19,89.5,66.5,Sunny
2026-05-18,30301,Atlanta,Georgia,2026-05-20,89.4,68.1,Patchy rain nearby
2026-05-18,28201,Charlotte,North Carolina,2026-05-18,96.4,66.7,Sunny
2026-05-18,28201,Charlotte,North Carolina,2026-05-19,90.1,62.8,Sunny
2026-05-18,28201,Charlotte,North Carolina,2026-05-20,92.2,65.0,Sunny
2026-05-18,80201,Denver,Colorado,2026-05-18,51.9,32.4,Heavy rain
2026-05-18,80201,Denver,Colorado,2026-05-19,51.0,30.8,Patchy rain nearby
2026-05-18,80201,Denver,Colorado,2026-05-20,65.6,41.3,Patchy rain nearby
2026-05-18,37201,Nashville,Tennessee,2026-05-18,96.3,66.7,Sunny
2026-05-18,37201,Nashville,Tennessee,2026-05-19,87.5,69.1,Patchy rain nearby
2026-05-18,37201,Nashville,Tennessee,2026-05-20,78.1,66.2,Moderate rain
2026-05-18,97201,Portland,Oregon,2026-05-18,69.1,46.2,Sunny
2026-05-18,97201,Portland,Oregon,2026-05-19,61.5,45.1,Patchy rain nearby
2026-05-18,97201,Portland,Oregon,2026-05-20,69.7,42.8,Partly Cloudy
2026-05-18,89101,Las Vegas,Nevada,2026-05-18,81.7,55.8,Sunny
2026-05-18,89101,Las Vegas,Nevada,2026-05-19,82.1,55.3,Sunny
2026-05-18,89101,Las Vegas,Nevada,2026-05-20,87.0,58.7,Sunny
2026-05-18,02101,Boston,Massachusetts,2026-05-18,67.3,56.1,Sunny
2026-05-18,02101,Boston,Massachusetts,2026-05-19,93.0,58.3,Patchy rain nearby
2026-05-18,02101,Boston,Massachusetts,2026-05-20,91.6,62.4,Moderate rain
2026-05-19,90045,Los Angeles,California,2026-05-19,72.9,54.5,Sunny
2026-05-19,90045,Los Angeles,California,2026-05-20,71.8,62.1,Sunny
2026-05-19,90045,Los Angeles,California,2026-05-21,71.2,62.7,Sunny
2026-05-19,10001,New York,New York,2026-05-19,103.6,69.8,Patchy rain nearby
2026-05-19,10001,New York,New York,2026-05-20,91.9,67.7,Patchy rain nearby
2026-05-19,10001,New York,New York,2026-05-21,68.3,60.0,Partly Cloudy
2026-05-19,60601,Chicago,Illinois,2026-05-19,75.0,56.0,Patchy rain nearby
2026-05-19,60601,Chicago,Illinois,2026-05-20,51.6,48.2,Sunny
2026-05-19,60601,Chicago,Illinois,2026-05-21,58.2,48.4,Sunny
2026-05-19,98101,Seattle,Washington,2026-05-19,63.1,48.4,Partly Cloudy
2026-05-19,98101,Seattle,Washington,2026-05-20,65.7,46.0,Cloudy
2026-05-19,98101,Seattle,Washington,2026-05-21,73.6,45.9,Sunny
2026-05-19,33101,Miami,Florida,2026-05-19,83.8,73.8,Heavy rain
2026-05-19,33101,Miami,Florida,2026-05-20,84.3,80.1,Patchy rain nearby
2026-05-19,33101,Miami,Florida,2026-05-21,83.6,81.0,Patchy rain nearby
2026-05-19,77001,Houston,Texas,2026-05-19,87.6,76.3,Patchy rain nearby
2026-05-19,77001,Houston,Texas,2026-05-20,89.4,76.5,Moderate rain
2026-05-19,77001,Houston,Texas,2026-05-21,87.4,74.7,Patchy rain nearby
2026-05-19,85001,Phoenix,Arizona,2026-05-19,97.7,61.3,Sunny
2026-05-19,85001,Phoenix,Arizona,2026-05-20,91.6,75.7,Sunny
2026-05-19,85001,Phoenix,Arizona,2026-05-21,92.4,73.6,Sunny
2026-05-19,19101,Philadelphia,Pennsylvania,2026-05-19,100.2,71.1,Sunny
2026-05-19,19101,Philadelphia,Pennsylvania,2026-05-20,90.1,68.4,Moderate rain
2026-05-19,19101,Philadelphia,Pennsylvania,2026-05-21,59.5,53.6,Patchy rain nearby
2026-05-19,78201,San Antonio,Texas,2026-05-19,90.0,75.6,Patchy rain nearby
2026-05-19,78201,San Antonio,Texas,2026-05-20,88.0,73.7,Heavy rain
2026-05-19,78201,San Antonio,Texas,2026-05-21,81.4,69.5,Moderate rain
2026-05-19,92101,San Diego,California,2026-05-19,75.0,53.6,Sunny
2026-05-19,92101,San Diego,California,2026-05-20,71.3,62.9,Sunny
2026-05-19,92101,San Diego,California,2026-05-21,70.6,62.9,Sunny
2026-05-19,75201,Dallas,Texas,2026-05-19,87.4,67.8,Heavy rain
2026-05-19,75201,Dallas,Texas,2026-05-20,75.0,67.6,Moderate rain
2026-05-19,75201,Dallas,Texas,2026-05-21,76.9,68.7,Moderate rain
2026-05-19,95101,San Jose,California,2026-05-19,90.3,55.6,Sunny
2026-05-19,95101,San Jose,California,2026-05-20,87.8,54.9,Sunny
2026-05-19,95101,San Jose,California,2026-05-21,87.3,51.8,Sunny
2026-05-19,78701,Austin,Texas,2026-05-19,89.8,74.7,Patchy rain nearby
2026-05-19,78701,Austin,Texas,2026-05-20,84.4,69.9,Heavy rain
2026-05-19,78701,Austin,Texas,2026-05-21,77.5,67.3,Patchy rain nearby
2026-05-19,30301,Atlanta,Georgia,2026-05-19,96.4,64.9,Sunny
2026-05-19,30301,Atlanta,Georgia,2026-05-20,93.2,70.3,Partly Cloudy
2026-05-19,30301,Atlanta,Georgia,2026-05-21,91.9,68.4,Patchy rain nearby
2026-05-19,28201,Charlotte,North Carolina,2026-05-19,98.2,66.0,Sunny
2026-05-19,28201,Charlotte,North Carolina,2026-05-20,89.7,66.0,Sunny
2026-05-19,28201,Charlotte,North Carolina,2026-05-21,90.2,66.6,Patchy rain nearby
2026-05-19,80201,Denver,Colorado,2026-05-19,53.9,33.8,Patchy rain nearby
2026-05-19,80201,Denver,Colorado,2026-05-20,61.6,42.3,Moderate rain
2026-05-19,80201,Denver,Colorado,2026-05-21,71.1,47.8,Patchy rain nearby
2026-05-19,37201,Nashville,Tennessee,2026-05-19,93.2,73.6,Sunny
2026-05-19,37201,Nashville,Tennessee,2026-05-20,72.5,66.0,Moderate rain
2026-05-19,37201,Nashville,Tennessee,2026-05-21,74.5,64.3,Moderate rain
2026-05-19,97201,Portland,Oregon,2026-05-19,66.2,48.0,Partly Cloudy
2026-05-19,97201,Portland,Oregon,2026-05-20,69.5,44.5,Partly Cloudy
2026-05-19,97201,Portland,Oregon,2026-05-21,78.0,46.8,Sunny
2026-05-19,89101,Las Vegas,Nevada,2026-05-19,86.4,57.9,Sunny
2026-05-19,89101,Las Vegas,Nevada,2026-05-20,85.8,57.2,Sunny
2026-05-19,89101,Las Vegas,Nevada,2026-05-21,93.2,61.8,Sunny
2026-05-19,02101,Boston,Massachusetts,2026-05-19,100.9,61.5,Patchy rain nearby
2026-05-19,02101,Boston,Massachusetts,2026-05-20,90.0,65.5,Patchy rain nearby
2026-05-19,02101,Boston,Massachusetts,2026-05-21,65.4,53.1,Sunny
2026-05-20,90045,Los Angeles,California,2026-05-20,71.8,62.1,Sunny
2026-05-20,90045,Los Angeles,California,2026-05-21,71.2,62.7,Sunny
2026-05-20,90045,Los Angeles,California,2026-05-22,68.0,60.3,Sunny
2026-05-20,10001,New York,New York,2026-05-20,91.9,67.7,Patchy rain nearby
2026-05-20,10001,New York,New York,2026-05-21,68.3,60.0,Partly Cloudy
2026-05-20,10001,New York,New York,2026-05-22,65.3,55.2,Sunny
2026-05-20,60601,Chicago,Illinois,2026-05-20,51.6,48.2,Sunny
2026-05-20,60601,Chicago,Illinois,2026-05-21,58.2,48.4,Sunny
2026-05-20,60601,Chicago,Illinois,2026-05-22,55.8,50.4,Patchy rain nearby
2026-05-20,98101,Seattle,Washington,2026-05-20,65.7,46.0,Cloudy
2026-05-20,98101,Seattle,Washington,2026-05-21,73.6,45.9,Sunny
2026-05-20,98101,Seattle,Washington,2026-05-22,75.1,47.7,Sunny
2026-05-20,33101,Miami,Florida,2026-05-20,84.3,80.1,Patchy rain nearby
2026-05-20,33101,Miami,Florida,2026-05-21,83.6,81.0,Patchy rain nearby
2026-05-20,33101,Miami,Florida,2026-05-22,84.1,80.1,Patchy rain nearby
2026-05-20,77001,Houston,Texas,2026-05-20,89.4,76.5,Moderate rain
2026-05-20,77001,Houston,Texas,2026-05-21,87.4,74.7,Patchy rain nearby
2026-05-20,77001,Houston,Texas,2026-05-22,84.2,73.1,Moderate rain
2026-05-20,85001,Phoenix,Arizona,2026-05-20,91.6,75.7,Sunny
2026-05-20,85001,Phoenix,Arizona,2026-05-21,92.4,73.6,Sunny
2026-05-20,85001,Phoenix,Arizona,2026-05-22,94.0,74.7,Sunny
2026-05-20,19101,Philadelphia,Pennsylvania,2026-05-20,90.1,68.4,Moderate rain
2026-05-20,19101,Philadelphia,Pennsylvania,2026-05-21,59.5,53.6,Patchy rain nearby
2026-05-20,19101,Philadelphia,Pennsylvania,2026-05-22,58.9,50.4,Patchy rain nearby
2026-05-20,78201,San Antonio,Texas,2026-05-20,88.0,73.7,Heavy rain
2026-05-20,78201,San Antonio,Texas,2026-05-21,81.4,69.5,Moderate rain
2026-05-20,78201,San Antonio,Texas,2026-05-22,89.4,67.2,Patchy rain nearby
2026-05-20,92101,San Diego,California,2026-05-20,71.3,62.9,Sunny
2026-05-20,92101,San Diego,California,2026-05-21,70.6,62.9,Sunny
2026-05-20,92101,San Diego,California,2026-05-22,68.5,61.5,Sunny
2026-05-20,75201,Dallas,Texas,2026-05-20,75.0,67.6,Moderate rain
2026-05-20,75201,Dallas,Texas,2026-05-21,76.9,68.7,Moderate rain
2026-05-20,75201,Dallas,Texas,2026-05-22,84.2,67.8,Patchy rain nearby
2026-05-20,95101,San Jose,California,2026-05-20,87.8,54.9,Sunny
2026-05-20,95101,San Jose,California,2026-05-21,87.3,51.8,Sunny
2026-05-20,95101,San Jose,California,2026-05-22,85.2,52.3,Sunny
2026-05-20,78701,Austin,Texas,2026-05-20,84.4,69.9,Heavy rain
2026-05-20,78701,Austin,Texas,2026-05-21,77.5,67.3,Patchy rain nearby
2026-05-20,78701,Austin,Texas,2026-05-22,85.8,67.9,Patchy rain nearby
2026-05-20,30301,Atlanta,Georgia,2026-05-20,93.2,70.3,Partly Cloudy
2026-05-20,30301,Atlanta,Georgia,2026-05-21,91.9,68.4,Patchy rain nearby
2026-05-20,30301,Atlanta,Georgia,2026-05-22,84.3,68.0,Heavy rain
2026-05-20,28201,Charlotte,North Carolina,2026-05-20,89.7,66.0,Sunny
2026-05-20,28201,Charlotte,North Carolina,2026-05-21,90.2,66.6,Patchy rain nearby
2026-05-20,28201,Charlotte,North Carolina,2026-05-22,77.1,58.9,Patchy rain nearby
2026-05-20,80201,Denver,Colorado,2026-05-20,61.6,42.3,Moderate rain
2026-05-20,80201,Denver,Colorado,2026-05-21,71.1,47.8,Patchy rain nearby
2026-05-20,80201,Denver,Colorado,2026-05-22,68.9,45.5,Patchy rain nearby
2026-05-20,37201,Nashville,Tennessee,2026-05-20,72.5,66.0,Moderate rain
2026-05-20,37201,Nashville,Tennessee,2026-05-21,74.5,64.3,Moderate rain
2026-05-20,37201,Nashville,Tennessee,2026-05-22,76.6,63.6,Moderate rain
2026-05-20,97201,Portland,Oregon,2026-05-20,69.5,44.5,Partly Cloudy
2026-05-20,97201,Portland,Oregon,2026-05-21,78.0,46.8,Sunny
2026-05-20,97201,Portland,Oregon,2026-05-22,76.0,48.3,Sunny
2026-05-20,89101,Las Vegas,Nevada,2026-05-20,85.8,57.2,Sunny
2026-05-20,89101,Las Vegas,Nevada,2026-05-21,93.2,61.8,Sunny
2026-05-20,89101,Las Vegas,Nevada,2026-05-22,93.2,66.7,Partly Cloudy
2026-05-20,02101,Boston,Massachusetts,2026-05-20,90.0,65.5,Patchy rain nearby
2026-05-20,02101,Boston,Massachusetts,2026-05-21,65.4,53.1,Sunny
2026-05-20,02101,Boston,Massachusetts,2026-05-22,65.1,47.8,Sunny
2026-05-21,90045,Los Angeles,California,2026-05-21,71.2,62.7,Sunny
2026-05-21,90045,Los Angeles,California,2026-05-22,68.0,60.3,Sunny
2026-05-21,90045,Los Angeles,California,2026-05-23,67.8,59.2,Sunny
2026-05-21,10001,New York,New York,2026-05-21,68.3,60.0,Partly Cloudy
2026-05-21,10001,New York,New York,2026-05-22,65.3,55.2,Sunny
2026-05-21,10001,New York,New York,2026-05-23,53.8,52.2,Moderate rain
2026-05-21,60601,Chicago,Illinois,2026-05-21,58.2,48.4,Sunny
2026-05-21,60601,Chicago,Illinois,2026-05-22,55.8,50.4,Patchy rain nearby
2026-05-21,60601,Chicago,Illinois,2026-05-23,62.0,51.8,Patchy rain nearby
2026-05-21,98101,Seattle,Washington,2026-05-21,73.6,45.9,Sunny
2026-05-21,98101,Seattle,Washington,2026-05-22,75.1,47.7,Sunny
2026-05-21,98101,Seattle,Washington,2026-05-23,68.6,50.2,Partly Cloudy
2026-05-21,77001,Houston,Texas,2026-05-21,87.4,74.7,Patchy rain nearby
2026-05-21,77001,Houston,Texas,2026-05-22,84.2,73.1,Moderate rain
2026-05-21,77001,Houston,Texas,2026-05-23,89.2,74.1,Moderate rain
2026-05-21,85001,Phoenix,Arizona,2026-05-21,92.4,73.6,Sunny
2026-05-21,85001,Phoenix,Arizona,2026-05-22,94.0,74.7,Sunny
2026-05-21,85001,Phoenix,Arizona,2026-05-23,94.8,75.0,Sunny
2026-05-21,19101,Philadelphia,Pennsylvania,2026-05-21,59.5,53.6,Patchy rain nearby
2026-05-21,19101,Philadelphia,Pennsylvania,2026-05-22,58.9,50.4,Patchy rain nearby
2026-05-21,19101,Philadelphia,Pennsylvania,2026-05-23,52.2,49.3,Heavy rain
2026-05-21,92101,San Diego,California,2026-05-21,70.6,62.9,Sunny
2026-05-21,92101,San Diego,California,2026-05-22,68.5,61.5,Sunny
2026-05-21,92101,San Diego,California,2026-05-23,68.6,61.3,Sunny
2026-05-21,75201,Dallas,Texas,2026-05-21,76.9,68.7,Moderate rain
2026-05-21,75201,Dallas,Texas,2026-05-22,84.2,67.8,Patchy rain nearby
2026-05-21,75201,Dallas,Texas,2026-05-23,82.6,69.9,Patchy rain nearby
2026-05-21,95101,San Jose,California,2026-05-21,87.3,51.8,Sunny
2026-05-21,95101,San Jose,California,2026-05-22,85.2,52.3,Sunny
2026-05-21,95101,San Jose,California,2026-05-23,82.6,49.0,Sunny
2026-05-21,78701,Austin,Texas,2026-05-21,77.5,67.3,Patchy rain nearby
2026-05-21,78701,Austin,Texas,2026-05-22,85.8,67.9,Patchy rain nearby
2026-05-21,78701,Austin,Texas,2026-05-23,77.3,66.3,Moderate rain
2026-05-21,30301,Atlanta,Georgia,2026-05-21,91.9,68.4,Patchy rain nearby
2026-05-21,30301,Atlanta,Georgia,2026-05-22,84.3,68.0,Heavy rain
2026-05-21,30301,Atlanta,Georgia,2026-05-23,84.1,66.6,Moderate rain
2026-05-21,80201,Denver,Colorado,2026-05-21,71.1,47.8,Patchy rain nearby
2026-05-21,80201,Denver,Colorado,2026-05-22,68.9,45.5,Patchy rain nearby
2026-05-21,80201,Denver,Colorado,2026-05-23,73.4,47.3,Sunny
2026-05-21,37201,Nashville,Tennessee,2026-05-21,74.5,64.3,Moderate rain
2026-05-21,37201,Nashville,Tennessee,2026-05-22,76.6,63.6,Moderate rain
2026-05-21,37201,Nashville,Tennessee,2026-05-23,74.4,66.6,Moderate rain
2026-05-21,97201,Portland,Oregon,2026-05-21,78.0,46.8,Sunny
2026-05-21,97201,Portland,Oregon,2026-05-22,76.0,48.3,Sunny
2026-05-21,97201,Portland,Oregon,2026-05-23,73.8,48.8,Sunny
2026-05-21,89101,Las Vegas,Nevada,2026-05-21,93.2,61.8,Sunny
2026-05-21,89101,Las Vegas,Nevada,2026-05-22,93.2,66.7,Partly Cloudy
2026-05-21,89101,Las Vegas,Nevada,2026-05-23,94.2,63.9,Sunny
2026-05-21,02101,Boston,Massachusetts,2026-05-21,65.4,53.1,Sunny
2026-05-21,02101,Boston,Massachusetts,2026-05-22,65.1,47.8,Sunny
2026-05-21,02101,Boston,Massachusetts,2026-05-23,61.0,51.2,Sunny
2026-05-22,90045,Los Angeles,California,2026-05-22,68.6,57.0,Patchy rain nearby
2026-05-22,90045,Los Angeles,California,2026-05-23,69.7,60.4,Sunny
2026-05-22,90045,Los Angeles,California,2026-05-24,68.5,60.0,Sunny
2026-05-22,10001,New York,New York,2026-05-22,74.8,51.8,Sunny
2026-05-22,10001,New York,New York,2026-05-23,53.1,49.8,Moderate rain
2026-05-22,10001,New York,New York,2026-05-24,53.7,50.5,Heavy rain
2026-05-22,60601,Chicago,Illinois,2026-05-22,59.3,52.2,Sunny
2026-05-22,60601,Chicago,Illinois,2026-05-23,57.0,53.7,Patchy rain nearby
2026-05-22,60601,Chicago,Illinois,2026-05-24,65.8,52.9,Partly Cloudy
2026-05-22,98101,Seattle,Washington,2026-05-22,74.7,51.6,Sunny
2026-05-22,98101,Seattle,Washington,2026-05-23,73.4,48.0,Partly Cloudy
2026-05-22,98101,Seattle,Washington,2026-05-24,69.1,45.1,Partly Cloudy
2026-05-22,33101,Miami,Florida,2026-05-22,88.0,77.0,Sunny
2026-05-22,33101,Miami,Florida,2026-05-23,84.5,81.0,Patchy rain nearby
2026-05-22,33101,Miami,Florida,2026-05-24,84.7,81.2,Patchy rain nearby
2026-05-22,77001,Houston,Texas,2026-05-22,89.6,69.3,Patchy rain nearby
2026-05-22,77001,Houston,Texas,2026-05-23,87.2,69.4,Heavy rain
2026-05-22,77001,Houston,Texas,2026-05-24,82.2,70.4,Moderate rain
2026-05-22,85001,Phoenix,Arizona,2026-05-22,101.3,65.8,Sunny
2026-05-22,85001,Phoenix,Arizona,2026-05-23,94.9,76.0,Sunny
2026-05-22,85001,Phoenix,Arizona,2026-05-24,96.8,76.2,Sunny
2026-05-22,19101,Philadelphia,Pennsylvania,2026-05-22,71.1,51.9,Patchy rain nearby
2026-05-22,19101,Philadelphia,Pennsylvania,2026-05-23,49.9,48.5,Heavy rain
2026-05-22,19101,Philadelphia,Pennsylvania,2026-05-24,56.8,50.7,Heavy rain
2026-05-22,78201,San Antonio,Texas,2026-05-22,89.2,66.7,Patchy rain nearby
2026-05-22,78201,San Antonio,Texas,2026-05-23,76.8,68.2,Moderate rain
2026-05-22,78201,San Antonio,Texas,2026-05-24,86.8,66.7,Patchy rain nearby
2026-05-22,92101,San Diego,California,2026-05-22,70.9,59.2,Partly Cloudy
2026-05-22,92101,San Diego,California,2026-05-23,71.5,62.6,Sunny
2026-05-22,92101,San Diego,California,2026-05-24,70.7,62.7,Sunny
2026-05-22,75201,Dallas,Texas,2026-05-22,87.1,68.2,Moderate rain
2026-05-22,75201,Dallas,Texas,2026-05-23,87.3,66.4,Moderate rain
2026-05-22,75201,Dallas,Texas,2026-05-24,82.2,69.5,Patchy rain nearby
2026-05-22,95101,San Jose,California,2026-05-22,85.3,53.2,Sunny
2026-05-22,95101,San Jose,California,2026-05-23,82.8,49.2,Sunny
2026-05-22,95101,San Jose,California,2026-05-24,80.7,46.6,Sunny
2026-05-22,78701,Austin,Texas,2026-05-22,92.8,63.5,Patchy rain nearby
2026-05-22,78701,Austin,Texas,2026-05-23,77.9,67.6,Moderate rain
2026-05-22,78701,Austin,Texas,2026-05-24,87.4,65.0,Patchy rain nearby
2026-05-22,30301,Atlanta,Georgia,2026-05-22,88.7,66.9,Patchy rain nearby
2026-05-22,30301,Atlanta,Georgia,2026-05-23,78.9,67.0,Moderate rain
2026-05-22,30301,Atlanta,Georgia,2026-05-24,83.8,66.4,Moderate rain
2026-05-22,28201,Charlotte,North Carolina,2026-05-22,84.0,62.8,Patchy rain nearby
2026-05-22,28201,Charlotte,North Carolina,2026-05-23,72.9,60.6,Moderate rain
2026-05-22,28201,Charlotte,North Carolina,2026-05-24,81.6,65.7,Moderate rain
2026-05-22,80201,Denver,Colorado,2026-05-22,65.5,42.6,Moderate rain
2026-05-22,80201,Denver,Colorado,2026-05-23,74.1,46.1,Patchy rain nearby
2026-05-22,80201,Denver,Colorado,2026-05-24,81.5,54.5,Patchy rain nearby
2026-05-22,37201,Nashville,Tennessee,2026-05-22,78.6,67.6,Moderate rain
2026-05-22,37201,Nashville,Tennessee,2026-05-23,77.7,65.8,Heavy rain
2026-05-22,37201,Nashville,Tennessee,2026-05-24,82.7,63.8,Moderate rain
2026-05-22,97201,Portland,Oregon,2026-05-22,82.2,54.7,Sunny
2026-05-22,97201,Portland,Oregon,2026-05-23,76.4,48.5,Sunny
2026-05-22,97201,Portland,Oregon,2026-05-24,74.7,45.8,Overcast
2026-05-22,89101,Las Vegas,Nevada,2026-05-22,101.3,65.1,Sunny
2026-05-22,89101,Las Vegas,Nevada,2026-05-23,93.8,64.2,Sunny
2026-05-22,89101,Las Vegas,Nevada,2026-05-24,94.7,64.2,Sunny
2026-05-22,02101,Boston,Massachusetts,2026-05-22,63.1,45.7,Sunny
2026-05-22,02101,Boston,Massachusetts,2026-05-23,62.1,51.8,Partly Cloudy
2026-05-22,02101,Boston,Massachusetts,2026-05-24,56.3,47.6,Moderate rain
2026-05-23,90045,Los Angeles,California,2026-05-23,67.2,58.3,Patchy rain nearby
2026-05-23,90045,Los Angeles,California,2026-05-24,67.0,59.4,Sunny
2026-05-23,90045,Los Angeles,California,2026-05-25,65.6,59.5,Sunny
2026-05-23,10001,New York,New York,2026-05-23,59.5,50.6,Moderate rain
2026-05-23,10001,New York,New York,2026-05-24,56.2,51.9,Moderate rain
2026-05-23,10001,New York,New York,2026-05-25,67.4,55.7,Moderate rain
2026-05-23,60601,Chicago,Illinois,2026-05-23,61.0,53.8,Overcast
2026-05-23,60601,Chicago,Illinois,2026-05-24,63.6,54.9,Moderate rain
2026-05-23,60601,Chicago,Illinois,2026-05-25,71.4,56.5,Patchy rain nearby
2026-05-23,98101,Seattle,Washington,2026-05-23,72.0,52.0,Sunny
2026-05-23,98101,Seattle,Washington,2026-05-24,73.4,46.8,Partly Cloudy
2026-05-23,98101,Seattle,Washington,2026-05-25,57.9,47.6,Moderate rain
2026-05-23,33101,Miami,Florida,2026-05-23,87.4,77.5,Patchy rain nearby
2026-05-23,33101,Miami,Florida,2026-05-24,84.9,81.1,Patchy rain nearby
2026-05-23,33101,Miami,Florida,2026-05-25,84.9,80.8,Patchy rain nearby
2026-05-23,77001,Houston,Texas,2026-05-23,82.9,74.3,Heavy rain
2026-05-23,77001,Houston,Texas,2026-05-24,88.8,71.9,Moderate rain
2026-05-23,77001,Houston,Texas,2026-05-25,92.3,72.1,Patchy rain nearby
2026-05-23,85001,Phoenix,Arizona,2026-05-23,102.0,67.5,Sunny
2026-05-23,85001,Phoenix,Arizona,2026-05-24,97.1,76.1,Sunny
2026-05-23,85001,Phoenix,Arizona,2026-05-25,95.1,78.1,Sunny
2026-05-23,19101,Philadelphia,Pennsylvania,2026-05-23,54.7,50.9,Moderate rain
2026-05-23,19101,Philadelphia,Pennsylvania,2026-05-24,59.0,53.0,Patchy rain nearby
2026-05-23,19101,Philadelphia,Pennsylvania,2026-05-25,66.2,56.8,Moderate rain
2026-05-23,78201,San Antonio,Texas,2026-05-23,90.1,71.5,Patchy rain nearby
2026-05-23,78201,San Antonio,Texas,2026-05-24,89.0,66.9,Sunny
2026-05-23,78201,San Antonio,Texas,2026-05-25,87.3,69.5,Moderate rain
2026-05-23,92101,San Diego,California,2026-05-23,71.8,60.1,Cloudy
2026-05-23,92101,San Diego,California,2026-05-24,69.5,62.1,Sunny
2026-05-23,92101,San Diego,California,2026-05-25,68.1,61.3,Partly Cloudy
2026-05-23,75201,Dallas,Texas,2026-05-23,92.7,69.8,Moderate rain
2026-05-23,75201,Dallas,Texas,2026-05-24,88.2,67.7,Patchy rain nearby
2026-05-23,75201,Dallas,Texas,2026-05-25,88.2,70.9,Patchy rain nearby
2026-05-23,95101,San Jose,California,2026-05-23,82.1,52.3,Sunny
2026-05-23,95101,San Jose,California,2026-05-24,79.8,47.8,Sunny
2026-05-23,95101,San Jose,California,2026-05-25,76.9,47.5,Sunny
2026-05-23,78701,Austin,Texas,2026-05-23,93.9,72.0,Patchy rain nearby
2026-05-23,78701,Austin,Texas,2026-05-24,90.7,67.1,Patchy rain nearby
2026-05-23,78701,Austin,Texas,2026-05-25,90.6,70.6,Patchy rain nearby
2026-05-23,30301,Atlanta,Georgia,2026-05-23,83.3,68.0,Heavy rain
2026-05-23,30301,Atlanta,Georgia,2026-05-24,83.0,66.6,Moderate rain
2026-05-23,30301,Atlanta,Georgia,2026-05-25,79.9,67.2,Heavy rain
2026-05-23,28201,Charlotte,North Carolina,2026-05-23,74.5,59.9,Heavy rain
2026-05-23,28201,Charlotte,North Carolina,2026-05-24,77.2,64.8,Moderate rain
2026-05-23,28201,Charlotte,North Carolina,2026-05-25,80.3,66.9,Moderate rain
2026-05-23,80201,Denver,Colorado,2026-05-23,73.1,44.8,Sunny
2026-05-23,80201,Denver,Colorado,2026-05-24,80.4,53.7,Patchy rain nearby
2026-05-23,80201,Denver,Colorado,2026-05-25,84.1,56.3,Patchy rain nearby
2026-05-23,37201,Nashville,Tennessee,2026-05-23,83.8,67.5,Moderate rain
2026-05-23,37201,Nashville,Tennessee,2026-05-24,74.9,65.0,Moderate rain
2026-05-23,37201,Nashville,Tennessee,2026-05-25,68.2,66.0,Moderate rain
2026-05-23,97201,Portland,Oregon,2026-05-23,77.6,53.2,Sunny
2026-05-23,97201,Portland,Oregon,2026-05-24,74.0,46.6,Partly Cloudy
2026-05-23,97201,Portland,Oregon,2026-05-25,61.0,46.7,Moderate rain
2026-05-23,89101,Las Vegas,Nevada,2026-05-23,102.4,67.1,Sunny
2026-05-23,89101,Las Vegas,Nevada,2026-05-24,93.0,63.3,Sunny
2026-05-23,89101,Las Vegas,Nevada,2026-05-25,93.5,61.7,Sunny
2026-05-23,02101,Boston,Massachusetts,2026-05-23,66.0,47.5,Sunny
2026-05-23,02101,Boston,Massachusetts,2026-05-24,54.6,50.1,Moderate rain
2026-05-23,02101,Boston,Massachusetts,2026-05-25,60.2,51.9,Moderate rain
2026-05-24,90045,Los Angeles,California,2026-05-24,67.0,54.3,Overcast
2026-05-24,90045,Los Angeles,California,2026-05-25,65.8,58.9,Sunny
2026-05-24,90045,Los Angeles,California,2026-05-26,65.8,59.3,Partly Cloudy
2026-05-24,10001,New York,New York,2026-05-24,56.1,50.0,Heavy rain
2026-05-24,10001,New York,New York,2026-05-25,65.3,52.9,Moderate rain
2026-05-24,10001,New York,New York,2026-05-26,78.9,58.9,Partly Cloudy
2026-05-24,60601,Chicago,Illinois,2026-05-24,64.2,55.8,Heavy rain
2026-05-24,60601,Chicago,Illinois,2026-05-25,74.2,54.7,Sunny
2026-05-24,60601,Chicago,Illinois,2026-05-26,76.4,61.4,Sunny
2026-05-24,98101,Seattle,Washington,2026-05-24,72.2,49.3,Sunny
2026-05-24,98101,Seattle,Washington,2026-05-25,57.2,46.3,Moderate rain
2026-05-24,98101,Seattle,Washington,2026-05-26,61.8,42.6,Patchy rain nearby
2026-05-24,33101,Miami,Florida,2026-05-24,88.3,77.7,Patchy rain nearby
2026-05-24,33101,Miami,Florida,2026-05-25,84.7,80.7,Patchy rain nearby
2026-05-24,33101,Miami,Florida,2026-05-26,85.0,81.4,Patchy rain nearby
2026-05-24,77001,Houston,Texas,2026-05-24,87.1,67.8,Patchy rain nearby
2026-05-24,77001,Houston,Texas,2026-05-25,90.7,72.8,Partly Cloudy
2026-05-24,77001,Houston,Texas,2026-05-26,92.1,74.8,Patchy rain nearby
2026-05-24,85001,Phoenix,Arizona,2026-05-24,101.8,71.2,Sunny
2026-05-24,85001,Phoenix,Arizona,2026-05-25,94.8,76.7,Sunny
2026-05-24,85001,Phoenix,Arizona,2026-05-26,94.4,75.4,Sunny
2026-05-24,19101,Philadelphia,Pennsylvania,2026-05-24,60.3,51.3,Patchy rain nearby
2026-05-24,19101,Philadelphia,Pennsylvania,2026-05-25,63.6,55.4,Moderate rain
2026-05-24,19101,Philadelphia,Pennsylvania,2026-05-26,75.5,58.8,Partly Cloudy
2026-05-24,78201,San Antonio,Texas,2026-05-24,89.2,68.2,Partly Cloudy
2026-05-24,78201,San Antonio,Texas,2026-05-25,88.3,68.9,Patchy rain nearby
2026-05-24,78201,San Antonio,Texas,2026-05-26,89.0,70.1,Patchy rain nearby
2026-05-24,92101,San Diego,California,2026-05-24,69.6,61.3,Patchy rain nearby
2026-05-24,92101,San Diego,California,2026-05-25,68.2,61.7,Partly Cloudy
2026-05-24,92101,San Diego,California,2026-05-26,66.5,61.1,Patchy rain nearby
2026-05-24,75201,Dallas,Texas,2026-05-24,92.1,67.8,Patchy rain nearby
2026-05-24,75201,Dallas,Texas,2026-05-25,88.7,69.4,Sunny
2026-05-24,75201,Dallas,Texas,2026-05-26,89.9,70.5,Patchy rain nearby
2026-05-24,95101,San Jose,California,2026-05-24,80.1,52.0,Sunny
2026-05-24,95101,San Jose,California,2026-05-25,78.2,48.5,Sunny
2026-05-24,95101,San Jose,California,2026-05-26,66.8,49.0,Sunny
2026-05-24,78701,Austin,Texas,2026-05-24,94.5,67.5,Moderate rain
2026-05-24,78701,Austin,Texas,2026-05-25,88.3,68.2,Patchy rain nearby
2026-05-24,78701,Austin,Texas,2026-05-26,89.9,70.5,Patchy rain nearby
2026-05-24,30301,Atlanta,Georgia,2026-05-24,81.9,68.9,Moderate rain
2026-05-24,30301,Atlanta,Georgia,2026-05-25,81.0,68.2,Heavy rain
2026-05-24,30301,Atlanta,Georgia,2026-05-26,83.2,66.6,Moderate rain
2026-05-24,28201,Charlotte,North Carolina,2026-05-24,77.3,59.2,Patchy rain nearby
2026-05-24,28201,Charlotte,North Carolina,2026-05-25,80.8,67.1,Heavy rain
2026-05-24,28201,Charlotte,North Carolina,2026-05-26,85.2,67.8,Moderate rain
2026-05-24,80201,Denver,Colorado,2026-05-24,80.6,53.7,Patchy rain nearby
2026-05-24,80201,Denver,Colorado,2026-05-25,83.1,56.2,Patchy rain nearby
2026-05-24,80201,Denver,Colorado,2026-05-26,77.6,55.4,Patchy rain nearby
2026-05-24,37201,Nashville,Tennessee,2026-05-24,79.0,66.1,Moderate rain
2026-05-24,37201,Nashville,Tennessee,2026-05-25,68.4,65.2,Moderate rain
2026-05-24,37201,Nashville,Tennessee,2026-05-26,77.0,66.2,Moderate rain
2026-05-24,97201,Portland,Oregon,2026-05-24,77.7,48.6,Sunny
2026-05-24,97201,Portland,Oregon,2026-05-25,67.2,46.3,Patchy rain nearby
2026-05-24,97201,Portland,Oregon,2026-05-26,58.2,45.9,Moderate rain
2026-05-24,89101,Las Vegas,Nevada,2026-05-24,99.7,67.3,Sunny
2026-05-24,89101,Las Vegas,Nevada,2026-05-25,93.6,61.5,Sunny
2026-05-24,89101,Las Vegas,Nevada,2026-05-26,89.5,62.9,Sunny
2026-05-24,02101,Boston,Massachusetts,2026-05-24,52.2,49.3,Moderate rain
2026-05-24,02101,Boston,Massachusetts,2026-05-25,58.8,51.5,Patchy rain nearby
2026-05-24,02101,Boston,Massachusetts,2026-05-26,77.5,51.6,Partly Cloudy
2026-05-25,90045,Los Angeles,California,2026-05-25,66.4,51.3,Sunny
2026-05-25,90045,Los Angeles,California,2026-05-26,64.7,58.9,Patchy rain nearby
2026-05-25,90045,Los Angeles,California,2026-05-27,63.4,58.0,Patchy rain nearby
2026-05-25,10001,New York,New York,2026-05-25,73.6,54.9,Patchy rain nearby
2026-05-25,10001,New York,New York,2026-05-26,76.2,62.5,Partly Cloudy
2026-05-25,10001,New York,New York,2026-05-27,87.9,65.1,Patchy rain nearby
2026-05-25,60601,Chicago,Illinois,2026-05-25,74.3,55.2,Sunny
2026-05-25,60601,Chicago,Illinois,2026-05-26,76.7,60.6,Sunny
2026-05-25,60601,Chicago,Illinois,2026-05-27,71.7,57.6,Patchy rain nearby
2026-05-25,98101,Seattle,Washington,2026-05-25,66.2,46.7,Moderate rain
2026-05-25,98101,Seattle,Washington,2026-05-26,58.8,44.0,Patchy rain nearby
2026-05-25,98101,Seattle,Washington,2026-05-27,69.8,45.3,Sunny
2026-05-25,33101,Miami,Florida,2026-05-25,89.1,77.0,Patchy rain nearby
2026-05-25,33101,Miami,Florida,2026-05-26,84.5,81.1,Patchy rain nearby
2026-05-25,33101,Miami,Florida,2026-05-27,84.7,81.1,Patchy rain nearby
2026-05-25,77001,Houston,Texas,2026-05-25,91.2,72.7,Sunny
2026-05-25,77001,Houston,Texas,2026-05-26,89.9,74.4,Patchy rain nearby
2026-05-25,77001,Houston,Texas,2026-05-27,79.3,69.9,Heavy rain
2026-05-25,85001,Phoenix,Arizona,2026-05-25,102.4,72.1,Sunny
2026-05-25,85001,Phoenix,Arizona,2026-05-26,94.6,75.0,Sunny
2026-05-25,85001,Phoenix,Arizona,2026-05-27,91.8,72.2,Sunny
2026-05-25,19101,Philadelphia,Pennsylvania,2026-05-25,75.4,56.7,Patchy rain nearby
2026-05-25,19101,Philadelphia,Pennsylvania,2026-05-26,78.1,63.3,Patchy rain nearby
2026-05-25,19101,Philadelphia,Pennsylvania,2026-05-27,85.7,63.5,Partly Cloudy
2026-05-25,78201,San Antonio,Texas,2026-05-25,92.5,68.7,Sunny
2026-05-25,78201,San Antonio,Texas,2026-05-26,91.6,68.9,Partly Cloudy
2026-05-25,78201,San Antonio,Texas,2026-05-27,82.9,67.6,Heavy rain
2026-05-25,92101,San Diego,California,2026-05-25,69.4,61.5,Overcast
2026-05-25,92101,San Diego,California,2026-05-26,65.7,60.5,Patchy rain nearby
2026-05-25,92101,San Diego,California,2026-05-27,63.2,59.4,Patchy rain nearby
2026-05-25,75201,Dallas,Texas,2026-05-25,90.5,67.3,Sunny
2026-05-25,75201,Dallas,Texas,2026-05-26,91.9,70.3,Sunny
2026-05-25,75201,Dallas,Texas,2026-05-27,84.1,70.1,Heavy rain
2026-05-25,95101,San Jose,California,2026-05-25,77.8,50.8,Sunny
2026-05-25,95101,San Jose,California,2026-05-26,65.8,49.0,Sunny
2026-05-25,95101,San Jose,California,2026-05-27,72.5,48.9,Patchy rain nearby
2026-05-25,78701,Austin,Texas,2026-05-25,94.1,69.8,Sunny
2026-05-25,78701,Austin,Texas,2026-05-26,92.0,69.8,Sunny
2026-05-25,78701,Austin,Texas,2026-05-27,81.8,68.6,Moderate rain
2026-05-25,30301,Atlanta,Georgia,2026-05-25,83.8,67.4,Moderate rain
2026-05-25,30301,Atlanta,Georgia,2026-05-26,79.2,67.3,Heavy rain
2026-05-25,30301,Atlanta,Georgia,2026-05-27,77.8,67.1,Moderate rain
2026-05-25,28201,Charlotte,North Carolina,2026-05-25,86.0,68.6,Heavy rain
2026-05-25,28201,Charlotte,North Carolina,2026-05-26,81.7,67.1,Moderate rain
2026-05-25,28201,Charlotte,North Carolina,2026-05-27,77.9,67.9,Patchy rain nearby
2026-05-25,80201,Denver,Colorado,2026-05-25,83.2,55.1,Patchy rain nearby
2026-05-25,80201,Denver,Colorado,2026-05-26,78.2,56.7,Patchy rain nearby
2026-05-25,80201,Denver,Colorado,2026-05-27,76.4,57.6,Patchy rain nearby
2026-05-25,37201,Nashville,Tennessee,2026-05-25,85.5,67.3,Patchy rain nearby
2026-05-25,37201,Nashville,Tennessee,2026-05-26,80.0,65.8,Moderate rain
2026-05-25,37201,Nashville,Tennessee,2026-05-27,78.8,66.2,Moderate rain
2026-05-25,97201,Portland,Oregon,2026-05-25,62.6,46.9,Patchy rain nearby
2026-05-25,97201,Portland,Oregon,2026-05-26,62.1,46.1,Patchy rain nearby
2026-05-25,97201,Portland,Oregon,2026-05-27,73.3,45.5,Partly Cloudy
2026-05-25,89101,Las Vegas,Nevada,2026-05-25,99.9,64.2,Sunny
2026-05-25,89101,Las Vegas,Nevada,2026-05-26,90.0,62.6,Sunny
2026-05-25,89101,Las Vegas,Nevada,2026-05-27,77.1,52.7,Sunny
2026-05-25,02101,Boston,Massachusetts,2026-05-25,71.2,53.1,Patchy rain nearby
2026-05-25,02101,Boston,Massachusetts,2026-05-26,72.8,55.0,Sunny
2026-05-25,02101,Boston,Massachusetts,2026-05-27,81.9,61.6,Sunny
2026-05-26,90045,Los Angeles,California,2026-05-26,65.6,54.3,Patchy rain nearby
2026-05-26,90045,Los Angeles,California,2026-05-27,63.5,58.7,Patchy rain nearby
2026-05-26,90045,Los Angeles,California,2026-05-28,64.7,57.5,Patchy rain nearby
2026-05-26,10001,New York,New York,2026-05-26,87.1,57.6,Sunny
2026-05-26,10001,New York,New York,2026-05-27,83.8,64.0,Patchy rain nearby
2026-05-26,10001,New York,New York,2026-05-28,73.7,62.3,Sunny
2026-05-26,60601,Chicago,Illinois,2026-05-26,74.8,58.8,Sunny
2026-05-26,60601,Chicago,Illinois,2026-05-27,74.4,58.1,Patchy rain nearby
2026-05-26,60601,Chicago,Illinois,2026-05-28,60.7,53.5,Sunny
2026-05-26,98101,Seattle,Washington,2026-05-26,57.3,47.7,Patchy rain nearby
2026-05-26,98101,Seattle,Washington,2026-05-27,70.3,45.4,Partly Cloudy
2026-05-26,98101,Seattle,Washington,2026-05-28,77.5,49.2,Sunny
2026-05-26,33101,Miami,Florida,2026-05-26,88.3,76.5,Patchy rain nearby
2026-05-26,33101,Miami,Florida,2026-05-27,85.2,81.1,Patchy rain nearby
2026-05-26,33101,Miami,Florida,2026-05-28,83.9,80.5,Moderate rain
2026-05-26,77001,Houston,Texas,2026-05-26,92.0,72.5,Sunny
2026-05-26,77001,Houston,Texas,2026-05-27,77.3,72.6,Moderate rain
2026-05-26,77001,Houston,Texas,2026-05-28,87.7,73.1,Patchy rain nearby
2026-05-26,85001,Phoenix,Arizona,2026-05-26,101.8,67.8,Sunny
2026-05-26,85001,Phoenix,Arizona,2026-05-27,92.8,71.9,Sunny
2026-05-26,85001,Phoenix,Arizona,2026-05-28,91.9,69.8,Sunny
2026-05-26,19101,Philadelphia,Pennsylvania,2026-05-26,83.5,60.6,Sunny
2026-05-26,19101,Philadelphia,Pennsylvania,2026-05-27,76.7,63.0,Partly Cloudy
2026-05-26,19101,Philadelphia,Pennsylvania,2026-05-28,74.6,59.7,Sunny
2026-05-26,78201,San Antonio,Texas,2026-05-26,88.7,69.3,Patchy rain nearby
2026-05-26,78201,San Antonio,Texas,2026-05-27,88.0,71.1,Heavy rain
2026-05-26,78201,San Antonio,Texas,2026-05-28,88.3,70.1,Patchy rain nearby
2026-05-26,92101,San Diego,California,2026-05-26,67.1,59.4,Patchy rain nearby
2026-05-26,92101,San Diego,California,2026-05-27,64.1,59.5,Patchy rain nearby
2026-05-26,92101,San Diego,California,2026-05-28,65.9,61.1,Patchy rain nearby
2026-05-26,75201,Dallas,Texas,2026-05-26,87.2,66.7,Patchy rain nearby
2026-05-26,75201,Dallas,Texas,2026-05-27,82.3,66.5,Moderate rain
2026-05-26,75201,Dallas,Texas,2026-05-28,89.2,69.1,Moderate rain
2026-05-26,95101,San Jose,California,2026-05-26,66.0,51.8,Patchy rain nearby
2026-05-26,95101,San Jose,California,2026-05-27,69.7,50.0,Patchy rain nearby
2026-05-26,95101,San Jose,California,2026-05-28,74.1,48.8,Sunny
2026-05-26,78701,Austin,Texas,2026-05-26,89.6,67.8,Sunny
2026-05-26,78701,Austin,Texas,2026-05-27,86.0,71.5,Moderate rain
2026-05-26,78701,Austin,Texas,2026-05-28,87.3,69.4,Moderate rain
2026-05-26,30301,Atlanta,Georgia,2026-05-26,79.7,66.6,Heavy rain
2026-05-26,30301,Atlanta,Georgia,2026-05-27,82.8,65.1,Patchy rain nearby
2026-05-26,30301,Atlanta,Georgia,2026-05-28,86.9,67.2,Patchy rain nearby
2026-05-26,28201,Charlotte,North Carolina,2026-05-26,87.3,69.3,Patchy rain nearby
2026-05-26,28201,Charlotte,North Carolina,2026-05-27,86.4,67.6,Partly Cloudy
2026-05-26,28201,Charlotte,North Carolina,2026-05-28,87.7,67.7,Sunny
2026-05-26,80201,Denver,Colorado,2026-05-26,75.5,58.5,Sunny
2026-05-26,80201,Denver,Colorado,2026-05-27,70.8,55.6,Sunny
2026-05-26,80201,Denver,Colorado,2026-05-28,85.5,53.2,Sunny
2026-05-26,37201,Nashville,Tennessee,2026-05-26,84.4,67.9,Moderate rain
2026-05-26,37201,Nashville,Tennessee,2026-05-27,80.0,66.4,Moderate rain
2026-05-26,37201,Nashville,Tennessee,2026-05-28,82.3,66.6,Moderate rain
2026-05-26,97201,Portland,Oregon,2026-05-26,61.1,47.8,Patchy rain nearby
2026-05-26,97201,Portland,Oregon,2026-05-27,68.4,45.3,Overcast
2026-05-26,97201,Portland,Oregon,2026-05-28,78.4,50.5,Partly Cloudy
2026-05-26,89101,Las Vegas,Nevada,2026-05-26,97.2,64.3,Sunny
2026-05-26,89101,Las Vegas,Nevada,2026-05-27,80.0,52.6,Sunny
2026-05-26,89101,Las Vegas,Nevada,2026-05-28,77.4,48.9,Sunny
2026-05-26,02101,Boston,Massachusetts,2026-05-26,87.6,53.8,Sunny
2026-05-26,02101,Boston,Massachusetts,2026-05-27,83.2,59.8,Moderate rain
2026-05-26,02101,Boston,Massachusetts,2026-05-28,64.9,53.1,Moderate rain
2026-05-27,90045,Los Angeles,California,2026-05-27,66.0,49.5,Patchy rain nearby
2026-05-27,90045,Los Angeles,California,2026-05-28,65.6,57.8,Patchy rain nearby
2026-05-27,90045,Los Angeles,California,2026-05-29,66.8,58.7,Sunny
2026-05-27,10001,New York,New York,2026-05-27,93.2,63.9,Patchy rain nearby
2026-05-27,10001,New York,New York,2026-05-28,75.2,62.4,Patchy rain nearby
2026-05-27,10001,New York,New York,2026-05-29,73.4,56.6,Sunny
2026-05-27,60601,Chicago,Illinois,2026-05-27,68.4,58.2,Patchy rain nearby
2026-05-27,60601,Chicago,Illinois,2026-05-28,60.7,53.1,Sunny
2026-05-27,60601,Chicago,Illinois,2026-05-29,69.1,52.4,Sunny
2026-05-27,98101,Seattle,Washington,2026-05-27,72.3,48.6,Sunny
2026-05-27,98101,Seattle,Washington,2026-05-28,78.4,49.6,Sunny
2026-05-27,98101,Seattle,Washington,2026-05-29,55.2,50.5,Patchy rain nearby
2026-05-27,33101,Miami,Florida,2026-05-27,88.3,77.4,Partly Cloudy
2026-05-27,33101,Miami,Florida,2026-05-28,83.3,78.9,Moderate rain
2026-05-27,33101,Miami,Florida,2026-05-29,86.5,79.9,Moderate rain
2026-05-27,77001,Houston,Texas,2026-05-27,85.1,68.4,Heavy rain
2026-05-27,77001,Houston,Texas,2026-05-28,86.0,72.7,Moderate rain
2026-05-27,77001,Houston,Texas,2026-05-29,92.1,73.0,Sunny
2026-05-27,85001,Phoenix,Arizona,2026-05-27,94.5,64.9,Sunny
2026-05-27,85001,Phoenix,Arizona,2026-05-28,91.9,70.7,Sunny
2026-05-27,85001,Phoenix,Arizona,2026-05-29,88.9,68.7,Sunny
2026-05-27,19101,Philadelphia,Pennsylvania,2026-05-27,85.3,66.1,Patchy rain nearby
2026-05-27,19101,Philadelphia,Pennsylvania,2026-05-28,79.6,61.5,Patchy rain nearby
2026-05-27,19101,Philadelphia,Pennsylvania,2026-05-29,75.0,55.1,Sunny
2026-05-27,78201,San Antonio,Texas,2026-05-27,86.7,67.6,Moderate rain
2026-05-27,78201,San Antonio,Texas,2026-05-28,87.6,71.0,Moderate rain
2026-05-27,78201,San Antonio,Texas,2026-05-29,87.2,71.0,Patchy rain nearby
2026-05-27,92101,San Diego,California,2026-05-27,67.8,55.0,Patchy rain nearby
2026-05-27,92101,San Diego,California,2026-05-28,66.5,60.1,Patchy rain nearby
2026-05-27,92101,San Diego,California,2026-05-29,68.0,61.6,Patchy rain nearby
2026-05-27,75201,Dallas,Texas,2026-05-27,86.2,68.2,Moderate rain
2026-05-27,75201,Dallas,Texas,2026-05-28,87.9,68.4,Patchy rain nearby
2026-05-27,75201,Dallas,Texas,2026-05-29,90.0,72.6,Sunny
2026-05-27,95101,San Jose,California,2026-05-27,75.3,51.1,Sunny
2026-05-27,95101,San Jose,California,2026-05-28,67.8,51.1,Patchy rain nearby
2026-05-27,95101,San Jose,California,2026-05-29,74.8,47.5,Sunny
2026-05-27,78701,Austin,Texas,2026-05-27,84.0,68.5,Moderate rain
2026-05-27,78701,Austin,Texas,2026-05-28,86.7,69.4,Moderate rain
2026-05-27,78701,Austin,Texas,2026-05-29,86.5,70.3,Patchy rain nearby
2026-05-27,30301,Atlanta,Georgia,2026-05-27,84.3,69.4,Moderate rain
2026-05-27,30301,Atlanta,Georgia,2026-05-28,87.3,68.7,Patchy rain nearby
2026-05-27,30301,Atlanta,Georgia,2026-05-29,83.4,69.6,Moderate rain
2026-05-27,28201,Charlotte,North Carolina,2026-05-27,85.1,68.4,Mist
2026-05-27,28201,Charlotte,North Carolina,2026-05-28,87.0,67.9,Sunny
2026-05-27,28201,Charlotte,North Carolina,2026-05-29,83.3,64.8,Patchy rain nearby
2026-05-27,80201,Denver,Colorado,2026-05-27,66.9,56.7,Patchy rain nearby
2026-05-27,80201,Denver,Colorado,2026-05-28,79.2,53.0,Heavy rain
2026-05-27,80201,Denver,Colorado,2026-05-29,81.4,56.0,Patchy rain nearby
2026-05-27,37201,Nashville,Tennessee,2026-05-27,86.4,67.1,Patchy rain nearby
2026-05-27,37201,Nashville,Tennessee,2026-05-28,79.2,64.5,Cloudy
2026-05-27,37201,Nashville,Tennessee,2026-05-29,78.4,63.7,Sunny
2026-05-27,97201,Portland,Oregon,2026-05-27,79.0,49.8,Sunny
2026-05-27,97201,Portland,Oregon,2026-05-28,82.1,51.4,Sunny
2026-05-27,97201,Portland,Oregon,2026-05-29,60.3,50.4,Patchy rain nearby
2026-05-27,89101,Las Vegas,Nevada,2026-05-27,84.2,57.0,Sunny
2026-05-27,89101,Las Vegas,Nevada,2026-05-28,79.4,49.8,Sunny
2026-05-27,89101,Las Vegas,Nevada,2026-05-29,80.8,53.0,Sunny
2026-05-27,02101,Boston,Massachusetts,2026-05-27,94.1,60.1,Sunny
2026-05-27,02101,Boston,Massachusetts,2026-05-28,64.4,52.6,Patchy rain nearby
2026-05-27,02101,Boston,Massachusetts,2026-05-29,58.1,48.7,Patchy rain nearby
2026-05-28,90045,Los Angeles,California,2026-05-28,65.3,50.2,Partly Cloudy
2026-05-28,90045,Los Angeles,California,2026-05-29,66.2,59.3,Patchy rain nearby
2026-05-28,90045,Los Angeles,California,2026-05-30,69.0,60.9,Sunny
2026-05-28,10001,New York,New York,2026-05-28,77.4,62.6,Patchy rain nearby
2026-05-28,10001,New York,New York,2026-05-29,77.9,57.3,Sunny
2026-05-28,10001,New York,New York,2026-05-30,66.1,52.1,Partly Cloudy
2026-05-28,60601,Chicago,Illinois,2026-05-28,62.2,54.6,Sunny
2026-05-28,60601,Chicago,Illinois,2026-05-29,69.2,53.7,Sunny
2026-05-28,60601,Chicago,Illinois,2026-05-30,64.8,55.5,Sunny
2026-05-28,98101,Seattle,Washington,2026-05-28,80.4,54.0,Sunny
2026-05-28,98101,Seattle,Washington,2026-05-29,51.9,49.2,Patchy rain nearby
2026-05-28,98101,Seattle,Washington,2026-05-30,63.9,45.6,Partly Cloudy
2026-05-28,33101,Miami,Florida,2026-05-28,86.2,77.9,Moderate rain
2026-05-28,33101,Miami,Florida,2026-05-29,84.6,79.3,Moderate rain
2026-05-28,33101,Miami,Florida,2026-05-30,84.0,79.8,Partly Cloudy
2026-05-28,77001,Houston,Texas,2026-05-28,91.2,65.3,Sunny
2026-05-28,77001,Houston,Texas,2026-05-29,93.2,74.2,Sunny
2026-05-28,77001,Houston,Texas,2026-05-30,93.4,74.9,Partly Cloudy
2026-05-28,85001,Phoenix,Arizona,2026-05-28,91.9,63.0,Sunny
2026-05-28,85001,Phoenix,Arizona,2026-05-29,85.9,69.2,Sunny
2026-05-28,85001,Phoenix,Arizona,2026-05-30,90.9,72.1,Sunny
2026-05-28,19101,Philadelphia,Pennsylvania,2026-05-28,76.5,60.1,Sunny
2026-05-28,19101,Philadelphia,Pennsylvania,2026-05-29,75.4,53.9,Sunny
2026-05-28,19101,Philadelphia,Pennsylvania,2026-05-30,70.0,50.5,Sunny
2026-05-28,78201,San Antonio,Texas,2026-05-28,90.0,66.2,Sunny
2026-05-28,78201,San Antonio,Texas,2026-05-29,91.5,70.6,Sunny
2026-05-28,78201,San Antonio,Texas,2026-05-30,91.2,71.5,Partly Cloudy
2026-05-28,92101,San Diego,California,2026-05-28,66.1,52.7,Sunny
2026-05-28,92101,San Diego,California,2026-05-29,67.5,61.6,Patchy rain nearby
2026-05-28,92101,San Diego,California,2026-05-30,69.3,61.5,Sunny
2026-05-28,75201,Dallas,Texas,2026-05-28,89.8,69.8,Moderate rain
2026-05-28,75201,Dallas,Texas,2026-05-29,92.6,71.3,Sunny
2026-05-28,75201,Dallas,Texas,2026-05-30,94.4,76.3,Sunny
2026-05-28,95101,San Jose,California,2026-05-28,68.1,52.5,Patchy rain nearby
2026-05-28,95101,San Jose,California,2026-05-29,71.1,49.5,Partly Cloudy
2026-05-28,95101,San Jose,California,2026-05-30,76.3,48.6,Sunny
2026-05-28,78701,Austin,Texas,2026-05-28,89.7,64.6,Partly Cloudy
2026-05-28,78701,Austin,Texas,2026-05-29,91.6,70.9,Sunny
2026-05-28,78701,Austin,Texas,2026-05-30,91.6,71.4,Partly Cloudy
2026-05-28,30301,Atlanta,Georgia,2026-05-28,85.6,70.2,Patchy rain nearby
2026-05-28,30301,Atlanta,Georgia,2026-05-29,71.5,67.2,Moderate rain
2026-05-28,30301,Atlanta,Georgia,2026-05-30,84.1,64.9,Moderate rain
2026-05-28,28201,Charlotte,North Carolina,2026-05-28,89.1,70.2,Sunny
2026-05-28,28201,Charlotte,North Carolina,2026-05-29,82.2,64.5,Partly Cloudy
2026-05-28,28201,Charlotte,North Carolina,2026-05-30,78.6,66.4,Patchy rain nearby
2026-05-28,80201,Denver,Colorado,2026-05-28,76.1,53.8,Moderate rain
2026-05-28,80201,Denver,Colorado,2026-05-29,82.8,56.7,Sunny
2026-05-28,80201,Denver,Colorado,2026-05-30,75.3,52.5,Patchy rain nearby
2026-05-28,37201,Nashville,Tennessee,2026-05-28,86.7,69.4,Moderate rain
2026-05-28,37201,Nashville,Tennessee,2026-05-29,77.9,63.2,Patchy rain nearby
2026-05-28,37201,Nashville,Tennessee,2026-05-30,77.1,65.0,Patchy rain nearby
2026-05-28,97201,Portland,Oregon,2026-05-28,83.9,57.0,Sunny
2026-05-28,97201,Portland,Oregon,2026-05-29,65.8,48.2,Patchy rain nearby
2026-05-28,97201,Portland,Oregon,2026-05-30,67.6,42.9,Partly Cloudy
2026-05-28,89101,Las Vegas,Nevada,2026-05-28,81.1,54.9,Sunny
2026-05-28,89101,Las Vegas,Nevada,2026-05-29,78.9,52.3,Sunny
2026-05-28,89101,Las Vegas,Nevada,2026-05-30,89.1,59.2,Sunny
2026-05-28,02101,Boston,Massachusetts,2026-05-28,70.2,53.6,Patchy rain nearby
2026-05-28,02101,Boston,Massachusetts,2026-05-29,66.3,49.8,Moderate rain
2026-05-28,02101,Boston,Massachusetts,2026-05-30,51.4,42.3,Moderate rain
2026-05-29,90045,Los Angeles,California,2026-05-29,67.3,52.3,Sunny
2026-05-29,90045,Los Angeles,California,2026-05-30,69.1,61.3,Sunny
2026-05-29,90045,Los Angeles,California,2026-05-31,72.9,62.8,Sunny
2026-05-29,10001,New York,New York,2026-05-29,84.6,55.4,Sunny
2026-05-29,10001,New York,New York,2026-05-30,68.1,51.0,Partly Cloudy
2026-05-29,10001,New York,New York,2026-05-31,76.1,53.4,Sunny
2026-05-29,60601,Chicago,Illinois,2026-05-29,67.5,59.0,Sunny
2026-05-29,60601,Chicago,Illinois,2026-05-30,64.0,56.4,Partly Cloudy
2026-05-29,60601,Chicago,Illinois,2026-05-31,66.9,53.4,Sunny
2026-05-29,98101,Seattle,Washington,2026-05-29,54.9,49.9,Moderate rain
2026-05-29,98101,Seattle,Washington,2026-05-30,63.4,45.5,Partly Cloudy
2026-05-29,98101,Seattle,Washington,2026-05-31,65.7,41.3,Sunny
2026-05-29,33101,Miami,Florida,2026-05-29,89.2,74.1,Moderate rain
2026-05-29,33101,Miami,Florida,2026-05-30,88.5,80.6,Patchy rain nearby
2026-05-29,33101,Miami,Florida,2026-05-31,87.2,82.9,Patchy rain nearby
2026-05-29,77001,Houston,Texas,2026-05-29,93.4,72.1,Sunny
2026-05-29,77001,Houston,Texas,2026-05-30,93.5,75.1,Sunny
2026-05-29,77001,Houston,Texas,2026-05-31,91.9,75.2,Partly Cloudy
2026-05-29,85001,Phoenix,Arizona,2026-05-29,88.2,63.7,Sunny
2026-05-29,85001,Phoenix,Arizona,2026-05-30,90.2,71.3,Sunny
2026-05-29,85001,Phoenix,Arizona,2026-05-31,96.7,76.9,Sunny
2026-05-29,19101,Philadelphia,Pennsylvania,2026-05-29,81.3,54.1,Sunny
2026-05-29,19101,Philadelphia,Pennsylvania,2026-05-30,69.7,49.7,Partly Cloudy
2026-05-29,19101,Philadelphia,Pennsylvania,2026-05-31,73.5,50.2,Sunny
2026-05-29,78201,San Antonio,Texas,2026-05-29,94.6,72.9,Partly Cloudy
2026-05-29,78201,San Antonio,Texas,2026-05-30,90.3,71.2,Partly Cloudy
2026-05-29,78201,San Antonio,Texas,2026-05-31,91.4,71.9,Partly Cloudy
2026-05-29,92101,San Diego,California,2026-05-29,69.4,59.0,Patchy rain nearby
2026-05-29,92101,San Diego,California,2026-05-30,69.6,61.7,Sunny
2026-05-29,92101,San Diego,California,2026-05-31,73.0,63.0,Sunny
2026-05-29,75201,Dallas,Texas,2026-05-29,97.2,72.7,Sunny
2026-05-29,75201,Dallas,Texas,2026-05-30,94.4,75.9,Sunny
2026-05-29,75201,Dallas,Texas,2026-05-31,93.5,77.7,Sunny
2026-05-29,95101,San Jose,California,2026-05-29,69.8,52.3,Sunny
2026-05-29,95101,San Jose,California,2026-05-30,78.0,49.2,Sunny
2026-05-29,95101,San Jose,California,2026-05-31,82.6,46.0,Sunny
2026-05-29,78701,Austin,Texas,2026-05-29,96.8,71.1,Sunny
2026-05-29,78701,Austin,Texas,2026-05-30,91.8,71.7,Partly Cloudy
2026-05-29,78701,Austin,Texas,2026-05-31,92.8,72.9,Sunny
2026-05-29,30301,Atlanta,Georgia,2026-05-29,82.9,67.1,Patchy rain nearby
2026-05-29,30301,Atlanta,Georgia,2026-05-30,82.4,66.1,Moderate rain
2026-05-29,30301,Atlanta,Georgia,2026-05-31,66.7,60.2,Patchy rain nearby
2026-05-29,28201,Charlotte,North Carolina,2026-05-29,90.5,61.9,Sunny
2026-05-29,28201,Charlotte,North Carolina,2026-05-30,73.4,64.1,Moderate rain
2026-05-29,28201,Charlotte,North Carolina,2026-05-31,74.7,55.4,Sunny
2026-05-29,80201,Denver,Colorado,2026-05-29,83.2,57.1,Partly Cloudy
2026-05-29,80201,Denver,Colorado,2026-05-30,75.5,52.8,Patchy rain nearby
2026-05-29,80201,Denver,Colorado,2026-05-31,81.2,53.9,Sunny
2026-05-29,37201,Nashville,Tennessee,2026-05-29,87.8,68.4,Patchy rain nearby
2026-05-29,37201,Nashville,Tennessee,2026-05-30,75.7,66.2,Patchy rain nearby
2026-05-29,37201,Nashville,Tennessee,2026-05-31,73.7,62.4,Patchy rain nearby
2026-05-29,97201,Portland,Oregon,2026-05-29,65.3,47.9,Patchy rain nearby
2026-05-29,97201,Portland,Oregon,2026-05-30,66.6,42.8,Overcast
2026-05-29,97201,Portland,Oregon,2026-05-31,70.2,41.9,Sunny
2026-05-29,89101,Las Vegas,Nevada,2026-05-29,84.4,61.5,Sunny
2026-05-29,89101,Las Vegas,Nevada,2026-05-30,88.6,58.1,Sunny
2026-05-29,89101,Las Vegas,Nevada,2026-05-31,93.0,62.3,Sunny
2026-05-29,02101,Boston,Massachusetts,2026-05-29,73.8,51.1,Moderate rain
2026-05-29,02101,Boston,Massachusetts,2026-05-30,51.8,40.9,Moderate rain
2026-05-29,02101,Boston,Massachusetts,2026-05-31,70.7,43.6,Patchy rain nearby
2026-05-31,90045,Los Angeles,California,2026-05-31,73.4,52.7,Sunny
2026-05-31,90045,Los Angeles,California,2026-06-01,72.0,62.8,Sunny
2026-05-31,90045,Los Angeles,California,2026-06-02,72.1,62.2,Sunny
2026-05-31,10001,New York,New York,2026-05-31,77.4,47.1,Sunny
2026-05-31,10001,New York,New York,2026-06-01,76.4,61.3,Patchy rain nearby
2026-05-31,10001,New York,New York,2026-06-02,71.5,54.3,Sunny
2026-05-31,60601,Chicago,Illinois,2026-05-31,67.5,58.5,Sunny
2026-05-31,60601,Chicago,Illinois,2026-06-01,67.5,56.8,Partly Cloudy
2026-05-31,60601,Chicago,Illinois,2026-06-02,67.0,56.6,Sunny
2026-05-31,98101,Seattle,Washington,2026-05-31,66.0,44.8,Sunny
2026-05-31,98101,Seattle,Washington,2026-06-01,71.2,43.4,Sunny
2026-05-31,98101,Seattle,Washington,2026-06-02,82.4,49.6,Sunny
2026-05-31,33101,Miami,Florida,2026-05-31,92.7,75.2,Moderate rain
2026-05-31,33101,Miami,Florida,2026-06-01,89.8,80.9,Patchy rain nearby
2026-05-31,33101,Miami,Florida,2026-06-02,91.5,81.9,Patchy rain nearby
2026-05-31,77001,Houston,Texas,2026-05-31,90.8,74.3,Sunny
2026-05-31,77001,Houston,Texas,2026-06-01,94.9,76.7,Partly Cloudy
2026-05-31,77001,Houston,Texas,2026-06-02,97.6,75.4,Moderate rain
2026-05-31,85001,Phoenix,Arizona,2026-05-31,103.3,65.7,Sunny
2026-05-31,85001,Phoenix,Arizona,2026-06-01,100.0,80.4,Overcast
2026-05-31,85001,Phoenix,Arizona,2026-06-02,103.3,82.3,Sunny
2026-05-31,19101,Philadelphia,Pennsylvania,2026-05-31,74.8,50.2,Sunny
2026-05-31,19101,Philadelphia,Pennsylvania,2026-06-01,75.5,58.5,Sunny
2026-05-31,19101,Philadelphia,Pennsylvania,2026-06-02,75.3,53.9,Sunny
2026-05-31,78201,San Antonio,Texas,2026-05-31,93.9,72.7,Overcast
2026-05-31,78201,San Antonio,Texas,2026-06-01,94.4,72.0,Thundery outbreaks in nearby
2026-05-31,78201,San Antonio,Texas,2026-06-02,94.2,73.2,Patchy rain nearby
2026-05-31,92101,San Diego,California,2026-05-31,77.4,56.1,Sunny
2026-05-31,92101,San Diego,California,2026-06-01,71.3,64.0,Partly Cloudy
2026-05-31,92101,San Diego,California,2026-06-02,71.4,62.4,Sunny
2026-05-31,75201,Dallas,Texas,2026-05-31,96.9,75.0,Sunny
2026-05-31,75201,Dallas,Texas,2026-06-01,97.0,76.9,Sunny
2026-05-31,75201,Dallas,Texas,2026-06-02,100.0,76.5,Patchy rain nearby
2026-05-31,95101,San Jose,California,2026-05-31,84.6,49.3,Sunny
2026-05-31,95101,San Jose,California,2026-06-01,88.1,51.6,Sunny
2026-05-31,95101,San Jose,California,2026-06-02,84.2,50.4,Sunny
2026-05-31,78701,Austin,Texas,2026-05-31,96.6,71.4,Sunny
2026-05-31,78701,Austin,Texas,2026-06-01,95.1,72.3,Partly Cloudy
2026-05-31,78701,Austin,Texas,2026-06-02,96.6,74.1,Patchy rain nearby
2026-05-31,30301,Atlanta,Georgia,2026-05-31,75.0,68.2,Patchy rain nearby
2026-05-31,30301,Atlanta,Georgia,2026-06-01,91.1,63.6,Sunny
2026-05-31,30301,Atlanta,Georgia,2026-06-02,87.4,69.5,Patchy rain nearby
2026-05-31,28201,Charlotte,North Carolina,2026-05-31,77.9,58.8,Cloudy
2026-05-31,28201,Charlotte,North Carolina,2026-06-01,78.5,64.7,Patchy rain nearby
2026-05-31,28201,Charlotte,North Carolina,2026-06-02,74.7,56.3,Moderate rain
2026-05-31,80201,Denver,Colorado,2026-05-31,80.6,52.5,Sunny
2026-05-31,80201,Denver,Colorado,2026-06-01,78.3,52.4,Patchy rain nearby
2026-05-31,80201,Denver,Colorado,2026-06-02,86.1,53.0,Patchy rain nearby
2026-05-31,37201,Nashville,Tennessee,2026-05-31,89.4,65.5,Patchy rain nearby
2026-05-31,37201,Nashville,Tennessee,2026-06-01,83.0,66.6,Patchy rain nearby
2026-05-31,37201,Nashville,Tennessee,2026-06-02,74.9,59.9,Sunny
2026-05-31,97201,Portland,Oregon,2026-05-31,72.7,45.9,Sunny
2026-05-31,97201,Portland,Oregon,2026-06-01,81.0,43.1,Sunny
2026-05-31,97201,Portland,Oregon,2026-06-02,83.3,51.7,Sunny
2026-05-31,89101,Las Vegas,Nevada,2026-05-31,99.9,65.5,Sunny
2026-05-31,89101,Las Vegas,Nevada,2026-06-01,98.3,65.5,Sunny
2026-05-31,89101,Las Vegas,Nevada,2026-06-02,99.9,68.7,Sunny
2026-05-31,02101,Boston,Massachusetts,2026-05-31,69.8,40.3,Moderate rain
2026-05-31,02101,Boston,Massachusetts,2026-06-01,57.3,47.9,Moderate rain
2026-05-31,02101,Boston,Massachusetts,2026-06-02,68.8,45.0,Sunny
2026-06-01,90045,Los Angeles,California,2026-06-01,71.5,55.2,Partly Cloudy
2026-06-01,90045,Los Angeles,California,2026-06-02,71.8,62.0,Sunny
2026-06-01,90045,Los Angeles,California,2026-06-03,72.2,62.4,Sunny
2026-06-01,10001,New York,New York,2026-06-01,73.6,58.8,Sunny
2026-06-01,10001,New York,New York,2026-06-02,73.3,52.7,Sunny
2026-06-01,10001,New York,New York,2026-06-03,74.5,58.1,Sunny
2026-06-01,60601,Chicago,Illinois,2026-06-01,67.3,56.8,Sunny
2026-06-01,60601,Chicago,Illinois,2026-06-02,64.8,55.3,Sunny
2026-06-01,60601,Chicago,Illinois,2026-06-03,69.7,55.2,Sunny
2026-06-01,98101,Seattle,Washington,2026-06-01,75.9,48.6,Sunny
2026-06-01,98101,Seattle,Washington,2026-06-02,85.2,53.0,Sunny
2026-06-01,98101,Seattle,Washington,2026-06-03,71.3,55.8,Patchy rain nearby
2026-06-01,33101,Miami,Florida,2026-06-01,92.8,75.7,Moderate rain
2026-06-01,33101,Miami,Florida,2026-06-02,91.3,77.9,Heavy rain
2026-06-01,33101,Miami,Florida,2026-06-03,89.3,79.8,Patchy rain nearby
2026-06-01,77001,Houston,Texas,2026-06-01,94.5,76.3,Partly Cloudy
2026-06-01,77001,Houston,Texas,2026-06-02,95.1,74.1,Patchy rain nearby
2026-06-01,77001,Houston,Texas,2026-06-03,92.3,72.8,Partly Cloudy
2026-06-01,85001,Phoenix,Arizona,2026-06-01,107.8,69.3,Sunny
2026-06-01,85001,Phoenix,Arizona,2026-06-02,102.2,80.7,Sunny
2026-06-01,85001,Phoenix,Arizona,2026-06-03,103.3,80.9,Sunny
2026-06-01,19101,Philadelphia,Pennsylvania,2026-06-01,79.3,57.9,Sunny
2026-06-01,19101,Philadelphia,Pennsylvania,2026-06-02,75.9,53.8,Sunny
2026-06-01,19101,Philadelphia,Pennsylvania,2026-06-03,78.5,55.5,Sunny
2026-06-01,78201,San Antonio,Texas,2026-06-01,93.5,72.9,Patchy rain nearby
2026-06-01,78201,San Antonio,Texas,2026-06-02,93.3,73.1,Patchy rain nearby
2026-06-01,78201,San Antonio,Texas,2026-06-03,88.2,71.3,Patchy rain nearby
2026-06-01,92101,San Diego,California,2026-06-01,71.1,58.8,Partly Cloudy
2026-06-01,92101,San Diego,California,2026-06-02,70.6,62.0,Sunny
2026-06-01,92101,San Diego,California,2026-06-03,70.7,62.4,Sunny
2026-06-01,75201,Dallas,Texas,2026-06-01,100.0,75.6,Sunny
2026-06-01,75201,Dallas,Texas,2026-06-02,98.8,73.9,Moderate rain
2026-06-01,75201,Dallas,Texas,2026-06-03,86.8,72.0,Patchy rain nearby
2026-06-01,95101,San Jose,California,2026-06-01,87.3,52.2,Partly Cloudy
2026-06-01,95101,San Jose,California,2026-06-02,85.2,52.2,Sunny
2026-06-01,95101,San Jose,California,2026-06-03,83.7,49.9,Sunny
2026-06-01,78701,Austin,Texas,2026-06-01,97.9,73.8,Sunny
2026-06-01,78701,Austin,Texas,2026-06-02,94.3,70.7,Patchy rain nearby
2026-06-01,78701,Austin,Texas,2026-06-03,90.7,70.2,Moderate rain
2026-06-01,30301,Atlanta,Georgia,2026-06-01,87.6,64.9,Patchy rain nearby
2026-06-01,30301,Atlanta,Georgia,2026-06-02,81.2,64.3,Patchy rain nearby
2026-06-01,30301,Atlanta,Georgia,2026-06-03,79.8,59.9,Sunny
2026-06-01,28201,Charlotte,North Carolina,2026-06-01,85.6,62.1,Patchy rain nearby
2026-06-01,28201,Charlotte,North Carolina,2026-06-02,73.8,59.5,Partly Cloudy
2026-06-01,28201,Charlotte,North Carolina,2026-06-03,78.6,54.0,Sunny
2026-06-01,80201,Denver,Colorado,2026-06-01,80.5,56.4,Patchy rain nearby
2026-06-01,80201,Denver,Colorado,2026-06-02,84.6,53.0,Patchy rain nearby
2026-06-01,80201,Denver,Colorado,2026-06-03,77.1,55.9,Sunny
2026-06-01,37201,Nashville,Tennessee,2026-06-01,86.2,66.8,Heavy rain
2026-06-01,37201,Nashville,Tennessee,2026-06-02,76.8,59.0,Sunny
2026-06-01,37201,Nashville,Tennessee,2026-06-03,77.8,55.6,Sunny
2026-06-01,97201,Portland,Oregon,2026-06-01,86.2,50.2,Sunny
2026-06-01,97201,Portland,Oregon,2026-06-02,90.9,54.3,Sunny
2026-06-01,97201,Portland,Oregon,2026-06-03,64.9,53.3,Patchy rain nearby
2026-06-01,89101,Las Vegas,Nevada,2026-06-01,104.7,67.5,Sunny
2026-06-01,89101,Las Vegas,Nevada,2026-06-02,99.0,67.8,Sunny
2026-06-01,89101,Las Vegas,Nevada,2026-06-03,101.7,68.4,Sunny
2026-06-01,02101,Boston,Massachusetts,2026-06-01,57.4,45.8,Partly Cloudy
2026-06-01,02101,Boston,Massachusetts,2026-06-02,70.1,43.9,Sunny
2026-06-01,02101,Boston,Massachusetts,2026-06-03,70.1,51.4,Sunny
2026-06-02,90045,Los Angeles,California,2026-06-02,71.2,55.9,Partly Cloudy
2026-06-02,90045,Los Angeles,California,2026-06-03,73.6,63.2,Sunny
2026-06-02,90045,Los Angeles,California,2026-06-04,74.5,65.0,Sunny
2026-06-02,10001,New York,New York,2026-06-02,82.4,49.6,Sunny
2026-06-02,10001,New York,New York,2026-06-03,78.5,59.6,Sunny
2026-06-02,10001,New York,New York,2026-06-04,82.3,61.7,Sunny
2026-06-02,60601,Chicago,Illinois,2026-06-02,66.6,58.3,Sunny
2026-06-02,60601,Chicago,Illinois,2026-06-03,71.0,56.0,Sunny
2026-06-02,60601,Chicago,Illinois,2026-06-04,79.8,60.7,Sunny
2026-06-02,98101,Seattle,Washington,2026-06-02,86.9,55.2,Sunny
2026-06-02,98101,Seattle,Washington,2026-06-03,72.4,55.5,Partly Cloudy
2026-06-02,98101,Seattle,Washington,2026-06-04,69.2,49.6,Patchy rain nearby
2026-06-02,33101,Miami,Florida,2026-06-02,90.5,74.8,Heavy rain
2026-06-02,33101,Miami,Florida,2026-06-03,82.3,76.3,Patchy rain nearby
2026-06-02,33101,Miami,Florida,2026-06-04,78.3,74.9,Heavy rain
2026-06-02,77001,Houston,Texas,2026-06-02,92.9,75.7,Patchy rain nearby
2026-06-02,77001,Houston,Texas,2026-06-03,92.1,72.0,Patchy rain nearby
2026-06-02,77001,Houston,Texas,2026-06-04,85.2,75.6,Moderate rain
2026-06-02,85001,Phoenix,Arizona,2026-06-02,102.3,71.1,Sunny
2026-06-02,85001,Phoenix,Arizona,2026-06-03,104.3,81.6,Sunny
2026-06-02,85001,Phoenix,Arizona,2026-06-04,106.0,83.5,Sunny
2026-06-02,19101,Philadelphia,Pennsylvania,2026-06-02,76.6,50.4,Sunny
2026-06-02,19101,Philadelphia,Pennsylvania,2026-06-03,79.9,57.2,Sunny
2026-06-02,19101,Philadelphia,Pennsylvania,2026-06-04,85.3,58.9,Sunny
2026-06-02,78201,San Antonio,Texas,2026-06-02,94.2,75.7,Patchy rain nearby
2026-06-02,78201,San Antonio,Texas,2026-06-03,89.1,70.9,Patchy rain nearby
2026-06-02,78201,San Antonio,Texas,2026-06-04,88.8,71.2,Patchy rain nearby
2026-06-02,92101,San Diego,California,2026-06-02,70.2,57.6,Partly Cloudy
2026-06-02,92101,San Diego,California,2026-06-03,71.5,62.8,Sunny
2026-06-02,92101,San Diego,California,2026-06-04,72.3,64.4,Sunny
2026-06-02,75201,Dallas,Texas,2026-06-02,99.0,70.0,Heavy rain
2026-06-02,75201,Dallas,Texas,2026-06-03,89.3,71.9,Partly Cloudy
2026-06-02,75201,Dallas,Texas,2026-06-04,86.0,73.1,Patchy rain nearby
2026-06-02,95101,San Jose,California,2026-06-02,85.8,52.7,Partly Cloudy
2026-06-02,95101,San Jose,California,2026-06-03,83.7,51.5,Sunny
2026-06-02,95101,San Jose,California,2026-06-04,85.4,49.0,Sunny
2026-06-02,78701,Austin,Texas,2026-06-02,95.8,75.4,Patchy rain nearby
2026-06-02,78701,Austin,Texas,2026-06-03,91.4,70.9,Patchy rain nearby
2026-06-02,78701,Austin,Texas,2026-06-04,90.1,71.4,Patchy rain nearby
2026-06-02,30301,Atlanta,Georgia,2026-06-02,84.1,65.5,Patchy rain nearby
2026-06-02,30301,Atlanta,Georgia,2026-06-03,79.9,60.8,Sunny
2026-06-02,30301,Atlanta,Georgia,2026-06-04,85.0,60.8,Sunny
2026-06-02,28201,Charlotte,North Carolina,2026-06-02,74.8,60.6,Sunny
2026-06-02,28201,Charlotte,North Carolina,2026-06-03,79.2,54.6,Sunny
2026-06-02,28201,Charlotte,North Carolina,2026-06-04,85.1,58.3,Sunny
2026-06-02,80201,Denver,Colorado,2026-06-02,84.8,53.7,Patchy rain nearby
2026-06-02,80201,Denver,Colorado,2026-06-03,82.4,55.5,Patchy rain nearby
2026-06-02,80201,Denver,Colorado,2026-06-04,87.3,57.0,Patchy rain nearby
2026-06-02,37201,Nashville,Tennessee,2026-06-02,78.6,61.5,Sunny
2026-06-02,37201,Nashville,Tennessee,2026-06-03,79.9,56.0,Sunny
2026-06-02,37201,Nashville,Tennessee,2026-06-04,83.0,60.6,Sunny
2026-06-02,97201,Portland,Oregon,2026-06-02,88.8,56.5,Sunny
2026-06-02,97201,Portland,Oregon,2026-06-03,69.0,55.6,Patchy rain nearby
2026-06-02,97201,Portland,Oregon,2026-06-04,74.5,49.5,Sunny
2026-06-02,89101,Las Vegas,Nevada,2026-06-02,99.0,67.5,Sunny
2026-06-02,89101,Las Vegas,Nevada,2026-06-03,102.8,69.9,Sunny
2026-06-02,89101,Las Vegas,Nevada,2026-06-04,103.4,70.8,Sunny
2026-06-02,02101,Boston,Massachusetts,2026-06-02,76.3,45.3,Sunny
2026-06-02,02101,Boston,Massachusetts,2026-06-03,76.3,52.0,Sunny
2026-06-02,02101,Boston,Massachusetts,2026-06-04,82.4,56.1,Sunny
2026-06-03,90045,Los Angeles,California,2026-06-03,72.4,59.5,Overcast
2026-06-03,90045,Los Angeles,California,2026-06-04,75.8,64.7,Sunny
2026-06-03,90045,Los Angeles,California,2026-06-05,73.1,64.1,Sunny
2026-06-03,10001,New York,New York,2026-06-03,89.6,57.4,Sunny
2026-06-03,10001,New York,New York,2026-06-04,83.9,62.4,Sunny
2026-06-03,10001,New York,New York,2026-06-05,89.4,67.5,Sunny
2026-06-03,60601,Chicago,Illinois,2026-06-03,72.0,60.4,Sunny
2026-06-03,60601,Chicago,Illinois,2026-06-04,79.2,61.0,Sunny
2026-06-03,60601,Chicago,Illinois,2026-06-05,82.0,66.9,Patchy rain nearby
2026-06-03,98101,Seattle,Washington,2026-06-03,69.8,54.0,Partly Cloudy
2026-06-03,98101,Seattle,Washington,2026-06-04,70.3,51.2,Overcast
2026-06-03,98101,Seattle,Washington,2026-06-05,58.9,45.1,Patchy rain nearby
2026-06-03,33101,Miami,Florida,2026-06-03,88.2,73.2,Patchy rain nearby
2026-06-03,33101,Miami,Florida,2026-06-04,80.1,78.3,Moderate rain
2026-06-03,33101,Miami,Florida,2026-06-05,81.4,78.6,Moderate rain
2026-06-03,77001,Houston,Texas,2026-06-03,91.5,72.9,Patchy rain nearby
2026-06-03,77001,Houston,Texas,2026-06-04,85.7,74.2,Moderate rain
2026-06-03,77001,Houston,Texas,2026-06-05,86.2,74.5,Patchy rain nearby
2026-06-03,85001,Phoenix,Arizona,2026-06-03,112.3,74.3,Sunny
2026-06-03,85001,Phoenix,Arizona,2026-06-04,105.4,82.7,Sunny
2026-06-03,85001,Phoenix,Arizona,2026-06-05,104.1,83.5,Sunny
2026-06-03,19101,Philadelphia,Pennsylvania,2026-06-03,89.8,56.1,Sunny
2026-06-03,19101,Philadelphia,Pennsylvania,2026-06-04,85.6,58.6,Sunny
2026-06-03,19101,Philadelphia,Pennsylvania,2026-06-05,87.8,63.4,Sunny
2026-06-03,78201,San Antonio,Texas,2026-06-03,88.5,72.1,Moderate rain
2026-06-03,78201,San Antonio,Texas,2026-06-04,89.6,70.9,Patchy rain nearby
2026-06-03,78201,San Antonio,Texas,2026-06-05,88.2,71.5,Moderate rain
2026-06-03,92101,San Diego,California,2026-06-03,72.3,60.6,Partly Cloudy
2026-06-03,92101,San Diego,California,2026-06-04,72.4,64.0,Sunny
2026-06-03,92101,San Diego,California,2026-06-05,70.4,63.4,Sunny
2026-06-03,75201,Dallas,Texas,2026-06-03,91.6,71.6,Sunny
2026-06-03,75201,Dallas,Texas,2026-06-04,88.4,72.4,Moderate rain
2026-06-03,75201,Dallas,Texas,2026-06-05,88.2,71.6,Patchy rain nearby
2026-06-03,95101,San Jose,California,2026-06-03,83.8,50.7,Sunny
2026-06-03,95101,San Jose,California,2026-06-04,85.4,49.1,Sunny
2026-06-03,95101,San Jose,California,2026-06-05,87.9,51.7,Sunny
2026-06-03,78701,Austin,Texas,2026-06-03,88.2,70.5,Moderate rain
2026-06-03,78701,Austin,Texas,2026-06-04,88.6,71.0,Patchy rain nearby
2026-06-03,78701,Austin,Texas,2026-06-05,82.2,71.3,Moderate rain
2026-06-03,30301,Atlanta,Georgia,2026-06-03,83.8,56.7,Sunny
2026-06-03,30301,Atlanta,Georgia,2026-06-04,85.5,61.3,Sunny
2026-06-03,30301,Atlanta,Georgia,2026-06-05,88.7,64.5,Sunny
2026-06-03,28201,Charlotte,North Carolina,2026-06-03,82.6,52.0,Sunny
2026-06-03,28201,Charlotte,North Carolina,2026-06-04,85.3,58.7,Sunny
2026-06-03,28201,Charlotte,North Carolina,2026-06-05,88.4,61.4,Sunny
2026-06-03,80201,Denver,Colorado,2026-06-03,81.2,54.8,Patchy rain nearby
2026-06-03,80201,Denver,Colorado,2026-06-04,88.2,56.4,Sunny
2026-06-03,80201,Denver,Colorado,2026-06-05,82.9,56.6,Patchy rain nearby
2026-06-03,37201,Nashville,Tennessee,2026-06-03,87.6,59.0,Sunny
2026-06-03,37201,Nashville,Tennessee,2026-06-04,83.5,60.6,Sunny
2026-06-03,37201,Nashville,Tennessee,2026-06-05,84.2,62.1,Sunny
2026-06-03,97201,Portland,Oregon,2026-06-03,70.8,56.8,Patchy rain nearby
2026-06-03,97201,Portland,Oregon,2026-06-04,74.8,51.3,Sunny
2026-06-03,97201,Portland,Oregon,2026-06-05,62.5,47.3,Patchy rain nearby
2026-06-03,89101,Las Vegas,Nevada,2026-06-03,104.2,70.5,Sunny
2026-06-03,89101,Las Vegas,Nevada,2026-06-04,102.8,70.7,Sunny
2026-06-03,89101,Las Vegas,Nevada,2026-06-05,104.1,69.7,Sunny
2026-06-03,02101,Boston,Massachusetts,2026-06-03,84.9,50.9,Sunny
2026-06-03,02101,Boston,Massachusetts,2026-06-04,84.1,58.0,Sunny
2026-06-03,02101,Boston,Massachusetts,2026-06-05,84.4,61.9,Sunny
2026-06-04,90045,Los Angeles,California,2026-06-04,74.0,58.8,Cloudy
2026-06-04,90045,Los Angeles,California,2026-06-05,73.8,64.1,Sunny
2026-06-04,90045,Los Angeles,California,2026-06-06,70.6,63.2,Partly Cloudy
2026-06-04,10001,New York,New York,2026-06-04,93.4,60.3,Sunny
2026-06-04,10001,New York,New York,2026-06-05,88.5,67.5,Sunny
2026-06-04,10001,New York,New York,2026-06-06,92.1,71.2,Sunny
2026-06-04,60601,Chicago,Illinois,2026-06-04,79.7,63.5,Sunny
2026-06-04,60601,Chicago,Illinois,2026-06-05,76.9,66.8,Patchy rain nearby
2026-06-04,60601,Chicago,Illinois,2026-06-06,76.7,64.2,Moderate rain
2026-06-04,98101,Seattle,Washington,2026-06-04,69.0,50.2,Patchy rain nearby
2026-06-04,98101,Seattle,Washington,2026-06-05,60.5,46.0,Patchy rain nearby
2026-06-04,98101,Seattle,Washington,2026-06-06,55.0,43.2,Moderate rain
2026-06-04,33101,Miami,Florida,2026-06-04,80.6,73.4,Moderate rain
2026-06-04,33101,Miami,Florida,2026-06-05,81.4,77.2,Partly Cloudy
2026-06-04,33101,Miami,Florida,2026-06-06,83.1,78.4,Patchy rain nearby
2026-06-04,77001,Houston,Texas,2026-06-04,83.1,72.1,Moderate rain
2026-06-04,77001,Houston,Texas,2026-06-05,85.5,73.9,Moderate rain
2026-06-04,77001,Houston,Texas,2026-06-06,90.3,75.9,Patchy rain nearby
2026-06-04,85001,Phoenix,Arizona,2026-06-04,104.7,71.2,Sunny
2026-06-04,85001,Phoenix,Arizona,2026-06-05,106.2,83.4,Sunny
2026-06-04,85001,Phoenix,Arizona,2026-06-06,104.1,82.6,Sunny
2026-06-04,19101,Philadelphia,Pennsylvania,2026-06-04,92.3,59.2,Sunny
2026-06-04,19101,Philadelphia,Pennsylvania,2026-06-05,88.8,63.6,Sunny
2026-06-04,19101,Philadelphia,Pennsylvania,2026-06-06,90.5,67.4,Sunny
2026-06-04,78201,San Antonio,Texas,2026-06-04,85.8,71.6,Moderate rain
2026-06-04,78201,San Antonio,Texas,2026-06-05,85.0,72.3,Moderate rain
2026-06-04,78201,San Antonio,Texas,2026-06-06,87.5,72.4,Moderate rain
2026-06-04,92101,San Diego,California,2026-06-04,71.1,59.7,Partly Cloudy
2026-06-04,92101,San Diego,California,2026-06-05,71.8,63.6,Sunny
2026-06-04,92101,San Diego,California,2026-06-06,70.1,63.4,Partly Cloudy
2026-06-04,75201,Dallas,Texas,2026-06-04,90.5,71.2,Patchy rain nearby
2026-06-04,75201,Dallas,Texas,2026-06-05,83.7,72.1,Patchy rain nearby
2026-06-04,75201,Dallas,Texas,2026-06-06,85.9,75.2,Patchy rain nearby
2026-06-04,95101,San Jose,California,2026-06-04,86.1,52.5,Sunny
2026-06-04,95101,San Jose,California,2026-06-05,90.1,53.8,Sunny
2026-06-04,95101,San Jose,California,2026-06-06,79.2,49.5,Sunny
2026-06-04,78701,Austin,Texas,2026-06-04,88.4,71.4,Patchy rain nearby
2026-06-04,78701,Austin,Texas,2026-06-05,86.0,72.0,Moderate rain
2026-06-04,78701,Austin,Texas,2026-06-06,89.2,72.8,Patchy rain nearby
2026-06-04,30301,Atlanta,Georgia,2026-06-04,85.6,56.3,Sunny
2026-06-04,30301,Atlanta,Georgia,2026-06-05,88.9,64.1,Sunny
2026-06-04,30301,Atlanta,Georgia,2026-06-06,90.2,66.5,Sunny
2026-06-04,28201,Charlotte,North Carolina,2026-06-04,86.8,56.8,Sunny
2026-06-04,28201,Charlotte,North Carolina,2026-06-05,89.3,62.6,Sunny
2026-06-04,28201,Charlotte,North Carolina,2026-06-06,87.3,65.4,Sunny
2026-06-04,80201,Denver,Colorado,2026-06-04,86.9,56.6,Sunny
2026-06-04,80201,Denver,Colorado,2026-06-05,85.4,60.6,Sunny
2026-06-04,80201,Denver,Colorado,2026-06-06,91.6,63.6,Patchy rain nearby
2026-06-04,37201,Nashville,Tennessee,2026-06-04,85.3,61.3,Sunny
2026-06-04,37201,Nashville,Tennessee,2026-06-05,80.4,61.2,Partly Cloudy
2026-06-04,37201,Nashville,Tennessee,2026-06-06,85.2,63.7,Sunny
2026-06-04,97201,Portland,Oregon,2026-06-04,74.8,51.4,Sunny
2026-06-04,97201,Portland,Oregon,2026-06-05,63.2,46.3,Patchy rain nearby
2026-06-04,97201,Portland,Oregon,2026-06-06,58.9,46.5,Moderate rain
2026-06-04,89101,Las Vegas,Nevada,2026-06-04,103.9,69.6,Sunny
2026-06-04,89101,Las Vegas,Nevada,2026-06-05,104.5,71.9,Sunny
2026-06-04,89101,Las Vegas,Nevada,2026-06-06,99.6,70.2,Overcast
2026-06-04,02101,Boston,Massachusetts,2026-06-04,94.6,57.7,Sunny
2026-06-04,02101,Boston,Massachusetts,2026-06-05,84.3,61.6,Sunny
2026-06-04,02101,Boston,Massachusetts,2026-06-06,89.8,65.5,Sunny
2026-06-05,90045,Los Angeles,California,2026-06-05,72.5,61.7,Overcast
2026-06-05,90045,Los Angeles,California,2026-06-06,70.8,63.1,Overcast
2026-06-05,90045,Los Angeles,California,2026-06-07,70.4,61.8,Sunny
2026-06-05,10001,New York,New York,2026-06-05,98.8,61.7,Sunny
2026-06-05,10001,New York,New York,2026-06-06,91.7,70.9,Patchy rain nearby
2026-06-05,10001,New York,New York,2026-06-07,87.4,69.9,Patchy rain nearby
2026-06-05,60601,Chicago,Illinois,2026-06-05,77.7,67.5,Moderate rain
2026-06-05,60601,Chicago,Illinois,2026-06-06,75.2,65.1,Moderate rain
2026-06-05,60601,Chicago,Illinois,2026-06-07,70.4,62.7,Patchy rain nearby
2026-06-05,98101,Seattle,Washington,2026-06-05,59.8,46.8,Patchy rain nearby
2026-06-05,98101,Seattle,Washington,2026-06-06,54.8,44.7,Moderate rain
2026-06-05,98101,Seattle,Washington,2026-06-07,63.6,42.4,Patchy rain nearby
2026-06-05,33101,Miami,Florida,2026-06-05,81.2,73.6,Partly Cloudy
2026-06-05,33101,Miami,Florida,2026-06-06,82.9,78.7,Patchy rain nearby
2026-06-05,33101,Miami,Florida,2026-06-07,84.2,80.4,Patchy rain nearby
2026-06-05,77001,Houston,Texas,2026-06-05,82.8,75.7,Moderate rain
2026-06-05,77001,Houston,Texas,2026-06-06,89.9,75.5,Patchy rain nearby
2026-06-05,77001,Houston,Texas,2026-06-07,92.6,77.1,Partly Cloudy
2026-06-05,85001,Phoenix,Arizona,2026-06-05,108.9,76.3,Sunny
2026-06-05,85001,Phoenix,Arizona,2026-06-06,104.2,82.7,Sunny
2026-06-05,85001,Phoenix,Arizona,2026-06-07,103.5,82.7,Sunny
2026-06-05,19101,Philadelphia,Pennsylvania,2026-06-05,97.3,63.3,Sunny
2026-06-05,19101,Philadelphia,Pennsylvania,2026-06-06,90.7,66.9,Sunny
2026-06-05,19101,Philadelphia,Pennsylvania,2026-06-07,86.8,68.6,Patchy rain nearby
2026-06-05,78201,San Antonio,Texas,2026-06-05,86.2,74.3,Moderate rain
2026-06-05,78201,San Antonio,Texas,2026-06-06,89.0,72.4,Patchy rain nearby
2026-06-05,78201,San Antonio,Texas,2026-06-07,91.4,74.2,Patchy rain nearby
2026-06-05,92101,San Diego,California,2026-06-05,71.3,59.5,Cloudy
2026-06-05,92101,San Diego,California,2026-06-06,70.2,63.5,Partly Cloudy
2026-06-05,92101,San Diego,California,2026-06-07,70.2,62.0,Sunny
2026-06-05,75201,Dallas,Texas,2026-06-05,88.7,74.5,Patchy rain nearby
2026-06-05,75201,Dallas,Texas,2026-06-06,87.7,74.7,Patchy rain nearby
2026-06-05,75201,Dallas,Texas,2026-06-07,91.9,73.8,Patchy rain nearby
2026-06-05,95101,San Jose,California,2026-06-05,90.0,53.6,Sunny
2026-06-05,95101,San Jose,California,2026-06-06,77.8,49.3,Sunny
2026-06-05,95101,San Jose,California,2026-06-07,79.9,45.0,Sunny
2026-06-05,78701,Austin,Texas,2026-06-05,88.0,74.0,Moderate rain
2026-06-05,78701,Austin,Texas,2026-06-06,88.0,72.7,Moderate rain
2026-06-05,78701,Austin,Texas,2026-06-07,92.3,73.6,Patchy rain nearby
2026-06-05,30301,Atlanta,Georgia,2026-06-05,91.9,58.3,Sunny
2026-06-05,30301,Atlanta,Georgia,2026-06-06,90.6,67.2,Sunny
2026-06-05,30301,Atlanta,Georgia,2026-06-07,89.1,71.5,Partly Cloudy
2026-06-05,28201,Charlotte,North Carolina,2026-06-05,95.7,60.4,Sunny
2026-06-05,28201,Charlotte,North Carolina,2026-06-06,89.7,65.1,Sunny
2026-06-05,28201,Charlotte,North Carolina,2026-06-07,92.4,67.6,Sunny
2026-06-05,80201,Denver,Colorado,2026-06-05,85.3,60.8,Sunny
2026-06-05,80201,Denver,Colorado,2026-06-06,91.6,63.4,Patchy rain nearby
2026-06-05,80201,Denver,Colorado,2026-06-07,93.2,62.9,Sunny
2026-06-05,37201,Nashville,Tennessee,2026-06-05,92.7,62.6,Sunny
2026-06-05,37201,Nashville,Tennessee,2026-06-06,85.5,63.4,Sunny
2026-06-05,37201,Nashville,Tennessee,2026-06-07,80.5,67.0,Patchy rain nearby
2026-06-05,97201,Portland,Oregon,2026-06-05,62.9,51.4,Patchy rain nearby
2026-06-05,97201,Portland,Oregon,2026-06-06,61.1,45.1,Moderate rain
2026-06-05,97201,Portland,Oregon,2026-06-07,66.2,43.3,Patchy rain nearby
2026-06-05,89101,Las Vegas,Nevada,2026-06-05,110.3,73.2,Sunny
2026-06-05,89101,Las Vegas,Nevada,2026-06-06,99.0,70.0,Partly Cloudy
2026-06-05,89101,Las Vegas,Nevada,2026-06-07,96.9,67.7,Sunny
2026-06-05,02101,Boston,Massachusetts,2026-06-05,92.8,60.1,Sunny
2026-06-05,02101,Boston,Massachusetts,2026-06-06,90.3,64.1,Patchy rain nearby
2026-06-05,02101,Boston,Massachusetts,2026-06-07,77.0,57.0,Moderate rain
2026-06-06,90045,Los Angeles,California,2026-06-06,70.3,61.9,Overcast
2026-06-06,90045,Los Angeles,California,2026-06-07,70.3,61.8,Sunny
2026-06-06,90045,Los Angeles,California,2026-06-08,71.4,62.5,Sunny
2026-06-06,10001,New York,New York,2026-06-06,100.6,66.9,Patchy rain nearby
2026-06-06,10001,New York,New York,2026-06-07,84.0,67.2,Patchy rain nearby
2026-06-06,10001,New York,New York,2026-06-08,77.5,60.0,Sunny
2026-06-06,60601,Chicago,Illinois,2026-06-06,78.7,63.0,Heavy rain
2026-06-06,60601,Chicago,Illinois,2026-06-07,72.4,63.4,Moderate rain
2026-06-06,60601,Chicago,Illinois,2026-06-08,67.4,65.9,Heavy rain
2026-06-06,98101,Seattle,Washington,2026-06-06,54.4,45.5,Moderate rain
2026-06-06,98101,Seattle,Washington,2026-06-07,65.6,43.9,Patchy rain nearby
2026-06-06,98101,Seattle,Washington,2026-06-08,61.2,48.2,Patchy rain nearby
2026-06-06,33101,Miami,Florida,2026-06-06,82.9,73.4,Patchy rain nearby
2026-06-06,33101,Miami,Florida,2026-06-07,83.8,79.9,Patchy rain nearby
2026-06-06,33101,Miami,Florida,2026-06-08,84.4,80.3,Sunny
2026-06-06,77001,Houston,Texas,2026-06-06,89.9,75.6,Patchy rain nearby
2026-06-06,77001,Houston,Texas,2026-06-07,90.3,76.9,Patchy rain nearby
2026-06-06,77001,Houston,Texas,2026-06-08,89.0,78.8,Patchy rain nearby
2026-06-06,85001,Phoenix,Arizona,2026-06-06,104.1,73.6,Sunny
2026-06-06,85001,Phoenix,Arizona,2026-06-07,102.3,82.9,Cloudy
2026-06-06,85001,Phoenix,Arizona,2026-06-08,102.9,79.2,Sunny
2026-06-06,19101,Philadelphia,Pennsylvania,2026-06-06,92.1,68.0,Patchy rain nearby
2026-06-06,19101,Philadelphia,Pennsylvania,2026-06-07,87.6,66.4,Patchy rain nearby
2026-06-06,19101,Philadelphia,Pennsylvania,2026-06-08,82.8,62.2,Sunny
2026-06-06,78201,San Antonio,Texas,2026-06-06,93.2,73.8,Moderate rain
2026-06-06,78201,San Antonio,Texas,2026-06-07,89.5,75.5,Patchy rain nearby
2026-06-06,78201,San Antonio,Texas,2026-06-08,89.9,73.2,Moderate rain
2026-06-06,92101,San Diego,California,2026-06-06,68.6,61.3,Patchy rain nearby
2026-06-06,92101,San Diego,California,2026-06-07,68.2,62.3,Sunny
2026-06-06,92101,San Diego,California,2026-06-08,69.7,61.4,Sunny
2026-06-06,75201,Dallas,Texas,2026-06-06,88.4,71.2,Moderate rain
2026-06-06,75201,Dallas,Texas,2026-06-07,90.6,70.4,Moderate rain
2026-06-06,75201,Dallas,Texas,2026-06-08,91.7,74.8,Partly Cloudy
2026-06-06,95101,San Jose,California,2026-06-06,78.3,49.1,Sunny
2026-06-06,95101,San Jose,California,2026-06-07,80.3,45.8,Sunny
2026-06-06,95101,San Jose,California,2026-06-08,71.8,49.8,Partly Cloudy
2026-06-06,78701,Austin,Texas,2026-06-06,87.6,74.3,Heavy rain
2026-06-06,78701,Austin,Texas,2026-06-07,87.2,74.7,Patchy rain nearby
2026-06-06,78701,Austin,Texas,2026-06-08,92.0,73.9,Patchy rain nearby
2026-06-06,30301,Atlanta,Georgia,2026-06-06,93.0,62.1,Sunny
2026-06-06,30301,Atlanta,Georgia,2026-06-07,83.2,71.1,Partly Cloudy
2026-06-06,30301,Atlanta,Georgia,2026-06-08,88.8,71.8,Partly Cloudy
2026-06-06,28201,Charlotte,North Carolina,2026-06-06,89.7,63.1,Sunny
2026-06-06,28201,Charlotte,North Carolina,2026-06-07,90.7,67.1,Sunny
2026-06-06,28201,Charlotte,North Carolina,2026-06-08,79.1,72.8,Patchy rain nearby
2026-06-06,80201,Denver,Colorado,2026-06-06,91.1,61.0,Patchy rain nearby
2026-06-06,80201,Denver,Colorado,2026-06-07,91.8,62.0,Sunny
2026-06-06,80201,Denver,Colorado,2026-06-08,90.6,64.2,Partly Cloudy
2026-06-06,37201,Nashville,Tennessee,2026-06-06,85.6,67.8,Sunny
2026-06-06,37201,Nashville,Tennessee,2026-06-07,70.7,67.6,Moderate rain
2026-06-06,37201,Nashville,Tennessee,2026-06-08,78.5,67.7,Heavy rain
2026-06-06,97201,Portland,Oregon,2026-06-06,57.6,46.8,Moderate rain
2026-06-06,97201,Portland,Oregon,2026-06-07,64.0,43.0,Patchy rain nearby
2026-06-06,97201,Portland,Oregon,2026-06-08,52.5,46.9,Moderate rain
2026-06-06,89101,Las Vegas,Nevada,2026-06-06,99.4,76.3,Sunny
2026-06-06,89101,Las Vegas,Nevada,2026-06-07,96.3,66.1,Sunny
2026-06-06,89101,Las Vegas,Nevada,2026-06-08,96.0,65.2,Sunny
2026-06-06,02101,Boston,Massachusetts,2026-06-06,92.3,60.8,Patchy rain nearby
2026-06-06,02101,Boston,Massachusetts,2026-06-07,80.7,55.4,Moderate rain
2026-06-06,02101,Boston,Massachusetts,2026-06-08,78.2,52.3,Sunny
2026-06-07,90045,Los Angeles,California,2026-06-07,69.5,62.2,Overcast
2026-06-07,90045,Los Angeles,California,2026-06-08,70.2,62.3,Sunny
2026-06-07,90045,Los Angeles,California,2026-06-09,72.0,63.6,Sunny
2026-06-07,10001,New York,New York,2026-06-07,89.2,65.1,Sunny
2026-06-07,10001,New York,New York,2026-06-08,82.6,61.1,Sunny
2026-06-07,10001,New York,New York,2026-06-09,87.0,63.4,Sunny
2026-06-07,60601,Chicago,Illinois,2026-06-07,73.8,67.5,Patchy rain nearby
2026-06-07,60601,Chicago,Illinois,2026-06-08,70.3,66.2,Patchy rain nearby
2026-06-07,60601,Chicago,Illinois,2026-06-09,77.7,65.3,Patchy rain nearby
2026-06-07,98101,Seattle,Washington,2026-06-07,62.2,45.1,Patchy rain nearby
2026-06-07,98101,Seattle,Washington,2026-06-08,63.5,44.6,Patchy rain nearby
2026-06-07,98101,Seattle,Washington,2026-06-09,61.4,49.0,Moderate rain
2026-06-07,33101,Miami,Florida,2026-06-07,88.3,75.0,Patchy rain nearby
2026-06-07,33101,Miami,Florida,2026-06-08,84.9,80.4,Sunny
2026-06-07,33101,Miami,Florida,2026-06-09,85.2,80.6,Patchy rain nearby
2026-06-07,77001,Houston,Texas,2026-06-07,89.1,77.5,Patchy rain nearby
2026-06-07,77001,Houston,Texas,2026-06-08,86.5,78.1,Patchy rain nearby
2026-06-07,77001,Houston,Texas,2026-06-09,89.7,77.2,Patchy rain nearby
2026-06-07,85001,Phoenix,Arizona,2026-06-07,102.5,74.7,Partly Cloudy
2026-06-07,85001,Phoenix,Arizona,2026-06-08,102.9,79.3,Sunny
2026-06-07,85001,Phoenix,Arizona,2026-06-09,103.3,78.9,Sunny
2026-06-07,19101,Philadelphia,Pennsylvania,2026-06-07,87.9,66.6,Sunny
2026-06-07,19101,Philadelphia,Pennsylvania,2026-06-08,83.2,62.6,Sunny
2026-06-07,19101,Philadelphia,Pennsylvania,2026-06-09,85.7,57.0,Sunny
2026-06-07,78201,San Antonio,Texas,2026-06-07,89.0,76.5,Patchy rain nearby
2026-06-07,78201,San Antonio,Texas,2026-06-08,86.9,73.7,Patchy rain nearby
2026-06-07,78201,San Antonio,Texas,2026-06-09,94.6,75.1,Patchy rain nearby
2026-06-07,92101,San Diego,California,2026-06-07,69.2,61.2,Patchy rain nearby
2026-06-07,92101,San Diego,California,2026-06-08,69.0,62.8,Sunny
2026-06-07,92101,San Diego,California,2026-06-09,72.0,62.9,Sunny
2026-06-07,75201,Dallas,Texas,2026-06-07,90.7,70.2,Patchy rain nearby
2026-06-07,75201,Dallas,Texas,2026-06-08,95.3,75.2,Partly Cloudy
2026-06-07,75201,Dallas,Texas,2026-06-09,95.0,75.0,Sunny
2026-06-07,95101,San Jose,California,2026-06-07,79.7,49.1,Sunny
2026-06-07,95101,San Jose,California,2026-06-08,73.1,49.1,Partly Cloudy
2026-06-07,95101,San Jose,California,2026-06-09,75.4,52.4,Patchy rain nearby
2026-06-07,78701,Austin,Texas,2026-06-07,87.2,77.0,Patchy rain nearby
2026-06-07,78701,Austin,Texas,2026-06-08,93.2,73.7,Partly Cloudy
2026-06-07,78701,Austin,Texas,2026-06-09,94.9,74.1,Partly Cloudy
2026-06-07,30301,Atlanta,Georgia,2026-06-07,91.4,65.5,Sunny
2026-06-07,30301,Atlanta,Georgia,2026-06-08,70.7,69.3,Heavy rain
2026-06-07,30301,Atlanta,Georgia,2026-06-09,85.5,67.2,Patchy rain nearby
2026-06-07,28201,Charlotte,North Carolina,2026-06-07,88.5,66.0,Sunny
2026-06-07,28201,Charlotte,North Carolina,2026-06-08,87.2,70.0,Patchy rain nearby
2026-06-07,28201,Charlotte,North Carolina,2026-06-09,78.2,68.6,Moderate rain
2026-06-07,80201,Denver,Colorado,2026-06-07,89.2,62.8,Sunny
2026-06-07,80201,Denver,Colorado,2026-06-08,89.0,62.6,Partly Cloudy
2026-06-07,80201,Denver,Colorado,2026-06-09,92.3,62.7,Sunny
2026-06-07,37201,Nashville,Tennessee,2026-06-07,82.8,69.4,Patchy rain nearby
2026-06-07,37201,Nashville,Tennessee,2026-06-08,74.9,69.3,Heavy rain
2026-06-07,37201,Nashville,Tennessee,2026-06-09,78.7,69.7,Moderate rain
2026-06-07,97201,Portland,Oregon,2026-06-07,65.3,46.9,Partly Cloudy
2026-06-07,97201,Portland,Oregon,2026-06-08,51.6,49.0,Heavy rain
2026-06-07,97201,Portland,Oregon,2026-06-09,63.2,48.9,Patchy rain nearby
2026-06-07,89101,Las Vegas,Nevada,2026-06-07,96.1,74.3,Sunny
2026-06-07,89101,Las Vegas,Nevada,2026-06-08,95.7,65.5,Partly Cloudy
2026-06-07,89101,Las Vegas,Nevada,2026-06-09,95.7,63.4,Sunny
2026-06-07,02101,Boston,Massachusetts,2026-06-07,84.7,56.7,Patchy rain nearby
2026-06-07,02101,Boston,Massachusetts,2026-06-08,72.5,54.8,Sunny
2026-06-07,02101,Boston,Massachusetts,2026-06-09,83.4,55.7,Sunny
2026-06-08,90045,Los Angeles,California,2026-06-08,70.7,56.1,Partly Cloudy
2026-06-08,90045,Los Angeles,California,2026-06-09,71.6,63.5,Sunny
2026-06-08,90045,Los Angeles,California,2026-06-10,73.1,65.3,Sunny
2026-06-08,10001,New York,New York,2026-06-08,83.3,62.8,Sunny
2026-06-08,10001,New York,New York,2026-06-09,82.6,60.4,Sunny
2026-06-08,10001,New York,New York,2026-06-10,87.3,67.6,Patchy rain nearby
2026-06-08,60601,Chicago,Illinois,2026-06-08,76.5,67.6,Patchy rain nearby
2026-06-08,60601,Chicago,Illinois,2026-06-09,81.3,68.0,Moderate rain
2026-06-08,60601,Chicago,Illinois,2026-06-10,88.5,71.9,Moderate rain
2026-06-08,98101,Seattle,Washington,2026-06-08,63.9,49.8,Moderate rain
2026-06-08,98101,Seattle,Washington,2026-06-09,63.0,50.4,Moderate rain
2026-06-08,98101,Seattle,Washington,2026-06-10,65.4,45.8,Patchy rain nearby
2026-06-08,33101,Miami,Florida,2026-06-08,88.7,76.3,Sunny
2026-06-08,33101,Miami,Florida,2026-06-09,84.7,80.8,Patchy rain nearby
2026-06-08,33101,Miami,Florida,2026-06-10,84.8,80.8,Patchy rain nearby
2026-06-08,77001,Houston,Texas,2026-06-08,93.0,78.8,Sunny
2026-06-08,77001,Houston,Texas,2026-06-09,91.1,76.6,Patchy rain nearby
2026-06-08,77001,Houston,Texas,2026-06-10,89.9,77.0,Patchy rain nearby
2026-06-08,85001,Phoenix,Arizona,2026-06-08,107.4,70.9,Dust haze
2026-06-08,85001,Phoenix,Arizona,2026-06-09,103.5,79.4,Dust haze
2026-06-08,85001,Phoenix,Arizona,2026-06-10,103.3,81.0,Sunny
2026-06-08,19101,Philadelphia,Pennsylvania,2026-06-08,86.7,62.1,Sunny
2026-06-08,19101,Philadelphia,Pennsylvania,2026-06-09,85.6,56.3,Sunny
2026-06-08,19101,Philadelphia,Pennsylvania,2026-06-10,89.6,62.9,Patchy rain nearby
2026-06-08,78201,San Antonio,Texas,2026-06-08,90.1,76.8,Partly Cloudy
2026-06-08,78201,San Antonio,Texas,2026-06-09,94.9,74.5,Patchy rain nearby
2026-06-08,78201,San Antonio,Texas,2026-06-10,90.8,73.8,Patchy rain nearby
2026-06-08,92101,San Diego,California,2026-06-08,70.9,59.0,Partly Cloudy
2026-06-08,92101,San Diego,California,2026-06-09,71.9,63.0,Sunny
2026-06-08,92101,San Diego,California,2026-06-10,70.7,64.2,Sunny
2026-06-08,75201,Dallas,Texas,2026-06-08,94.2,77.7,Overcast
2026-06-08,75201,Dallas,Texas,2026-06-09,94.6,75.3,Sunny
2026-06-08,75201,Dallas,Texas,2026-06-10,96.0,76.0,Sunny
2026-06-08,95101,San Jose,California,2026-06-08,77.9,49.1,Sunny
2026-06-08,95101,San Jose,California,2026-06-09,78.1,54.5,Partly Cloudy
2026-06-08,95101,San Jose,California,2026-06-10,89.9,53.2,Sunny
2026-06-08,78701,Austin,Texas,2026-06-08,96.1,77.1,Patchy rain nearby
2026-06-08,78701,Austin,Texas,2026-06-09,94.9,73.6,Partly Cloudy
2026-06-08,78701,Austin,Texas,2026-06-10,95.4,73.3,Patchy rain nearby
2026-06-08,30301,Atlanta,Georgia,2026-06-08,78.6,68.7,Heavy rain
2026-06-08,30301,Atlanta,Georgia,2026-06-09,72.4,67.3,Moderate rain
2026-06-08,30301,Atlanta,Georgia,2026-06-10,79.8,68.1,Moderate rain
2026-06-08,28201,Charlotte,North Carolina,2026-06-08,98.1,67.1,Patchy rain nearby
2026-06-08,28201,Charlotte,North Carolina,2026-06-09,77.7,67.3,Patchy rain nearby
2026-06-08,28201,Charlotte,North Carolina,2026-06-10,77.2,64.9,Patchy rain nearby
2026-06-08,80201,Denver,Colorado,2026-06-08,89.5,62.0,Sunny
2026-06-08,80201,Denver,Colorado,2026-06-09,92.4,62.1,Sunny
2026-06-08,80201,Denver,Colorado,2026-06-10,90.2,58.5,Sunny
2026-06-08,37201,Nashville,Tennessee,2026-06-08,88.2,68.9,Patchy rain nearby
2026-06-08,37201,Nashville,Tennessee,2026-06-09,73.5,69.3,Heavy rain
2026-06-08,37201,Nashville,Tennessee,2026-06-10,86.3,66.7,Moderate rain
2026-06-08,97201,Portland,Oregon,2026-06-08,57.4,50.6,Moderate rain
2026-06-08,97201,Portland,Oregon,2026-06-09,63.4,51.9,Patchy rain nearby
2026-06-08,97201,Portland,Oregon,2026-06-10,67.4,46.7,Patchy rain nearby
2026-06-08,89101,Las Vegas,Nevada,2026-06-08,104.0,70.2,Sunny
2026-06-08,89101,Las Vegas,Nevada,2026-06-09,96.1,63.3,Sunny
2026-06-08,89101,Las Vegas,Nevada,2026-06-10,103.4,68.1,Sunny
2026-06-08,02101,Boston,Massachusetts,2026-06-08,72.3,54.5,Sunny
2026-06-08,02101,Boston,Massachusetts,2026-06-09,86.2,57.0,Sunny
2026-06-08,02101,Boston,Massachusetts,2026-06-10,88.1,63.5,Patchy rain nearby
2026-06-09,90045,Los Angeles,California,2026-06-09,73.0,54.9,Sunny
2026-06-09,90045,Los Angeles,California,2026-06-10,75.7,66.1,Sunny
2026-06-09,90045,Los Angeles,California,2026-06-11,77.1,65.8,Sunny
2026-06-09,10001,New York,New York,2026-06-09,86.0,54.3,Sunny
2026-06-09,10001,New York,New York,2026-06-10,82.4,66.2,Patchy rain nearby
2026-06-09,10001,New York,New York,2026-06-11,97.2,71.6,Patchy rain nearby
2026-06-09,60601,Chicago,Illinois,2026-06-09,81.1,68.5,Patchy rain nearby
2026-06-09,60601,Chicago,Illinois,2026-06-10,87.2,68.5,Patchy rain nearby
2026-06-09,60601,Chicago,Illinois,2026-06-11,82.9,71.8,Heavy rain
2026-06-09,98101,Seattle,Washington,2026-06-09,62.1,50.8,Moderate rain
2026-06-09,98101,Seattle,Washington,2026-06-10,62.4,47.1,Patchy rain nearby
2026-06-09,98101,Seattle,Washington,2026-06-11,70.1,43.4,Sunny
2026-06-09,33101,Miami,Florida,2026-06-09,91.6,76.8,Patchy rain nearby
2026-06-09,33101,Miami,Florida,2026-06-10,84.4,81.7,Patchy rain nearby
2026-06-09,33101,Miami,Florida,2026-06-11,85.0,81.3,Patchy rain nearby
2026-06-09,77001,Houston,Texas,2026-06-09,92.8,77.0,Sunny
2026-06-09,77001,Houston,Texas,2026-06-10,89.9,77.1,Patchy rain nearby
2026-06-09,77001,Houston,Texas,2026-06-11,92.3,77.5,Patchy rain nearby
2026-06-09,85001,Phoenix,Arizona,2026-06-09,106.9,73.9,Sunny
2026-06-09,85001,Phoenix,Arizona,2026-06-10,103.8,81.9,Sunny
2026-06-09,85001,Phoenix,Arizona,2026-06-11,100.9,83.6,Dust haze
2026-06-09,19101,Philadelphia,Pennsylvania,2026-06-09,89.2,54.0,Sunny
2026-06-09,19101,Philadelphia,Pennsylvania,2026-06-10,82.9,64.1,Patchy rain nearby
2026-06-09,19101,Philadelphia,Pennsylvania,2026-06-11,95.6,70.2,Moderate rain
2026-06-09,78201,San Antonio,Texas,2026-06-09,93.0,74.5,Patchy rain nearby
2026-06-09,78201,San Antonio,Texas,2026-06-10,90.3,73.6,Patchy rain nearby
2026-06-09,78201,San Antonio,Texas,2026-06-11,92.6,74.8,Patchy rain nearby
2026-06-09,92101,San Diego,California,2026-06-09,75.4,60.1,Sunny
2026-06-09,92101,San Diego,California,2026-06-10,72.6,65.6,Sunny
2026-06-09,92101,San Diego,California,2026-06-11,75.9,65.8,Sunny
2026-06-09,75201,Dallas,Texas,2026-06-09,94.7,75.7,Partly Cloudy
2026-06-09,75201,Dallas,Texas,2026-06-10,95.1,75.6,Sunny
2026-06-09,75201,Dallas,Texas,2026-06-11,92.9,76.2,Partly Cloudy
2026-06-09,95101,San Jose,California,2026-06-09,78.9,56.4,Partly Cloudy
2026-06-09,95101,San Jose,California,2026-06-10,92.2,55.1,Sunny
2026-06-09,95101,San Jose,California,2026-06-11,96.5,64.1,Sunny
2026-06-09,78701,Austin,Texas,2026-06-09,92.7,75.6,Partly Cloudy
2026-06-09,78701,Austin,Texas,2026-06-10,92.1,73.4,Patchy rain nearby
2026-06-09,78701,Austin,Texas,2026-06-11,91.7,75.1,Patchy rain nearby
2026-06-09,30301,Atlanta,Georgia,2026-06-09,83.5,70.2,Patchy rain nearby
2026-06-09,30301,Atlanta,Georgia,2026-06-10,86.1,68.0,Patchy rain nearby
2026-06-09,30301,Atlanta,Georgia,2026-06-11,89.1,70.7,Patchy rain nearby
2026-06-09,28201,Charlotte,North Carolina,2026-06-09,93.7,68.7,Patchy rain nearby
2026-06-09,28201,Charlotte,North Carolina,2026-06-10,87.9,67.2,Cloudy
2026-06-09,28201,Charlotte,North Carolina,2026-06-11,95.1,70.0,Patchy rain nearby
2026-06-09,80201,Denver,Colorado,2026-06-09,91.2,59.2,Sunny
2026-06-09,80201,Denver,Colorado,2026-06-10,87.3,57.5,Sunny
2026-06-09,80201,Denver,Colorado,2026-06-11,80.2,56.5,Patchy rain nearby
2026-06-09,37201,Nashville,Tennessee,2026-06-09,90.3,72.7,Patchy rain nearby
2026-06-09,37201,Nashville,Tennessee,2026-06-10,90.2,71.0,Sunny
2026-06-09,37201,Nashville,Tennessee,2026-06-11,90.9,71.3,Patchy rain nearby
2026-06-09,97201,Portland,Oregon,2026-06-09,62.5,49.1,Patchy rain nearby
2026-06-09,97201,Portland,Oregon,2026-06-10,64.5,46.2,Patchy rain nearby
2026-06-09,97201,Portland,Oregon,2026-06-11,77.3,43.9,Sunny
2026-06-09,89101,Las Vegas,Nevada,2026-06-09,105.4,70.2,Sunny
2026-06-09,89101,Las Vegas,Nevada,2026-06-10,102.7,69.6,Sunny
2026-06-09,89101,Las Vegas,Nevada,2026-06-11,103.0,71.9,Sunny
2026-06-09,02101,Boston,Massachusetts,2026-06-09,91.2,56.8,Sunny
2026-06-09,02101,Boston,Massachusetts,2026-06-10,82.6,61.9,Moderate rain
2026-06-09,02101,Boston,Massachusetts,2026-06-11,76.4,60.9,Moderate rain
2026-06-10,90045,Los Angeles,California,2026-06-10,77.2,57.0,Sunny
2026-06-10,90045,Los Angeles,California,2026-06-11,75.1,65.9,Sunny
2026-06-10,90045,Los Angeles,California,2026-06-12,74.8,65.4,Sunny
2026-06-10,10001,New York,New York,2026-06-10,91.8,66.9,Patchy rain nearby
2026-06-10,10001,New York,New York,2026-06-11,85.5,70.8,Moderate rain
2026-06-10,10001,New York,New York,2026-06-12,91.8,72.2,Patchy rain nearby
2026-06-10,60601,Chicago,Illinois,2026-06-10,86.5,62.8,Moderate rain
2026-06-10,60601,Chicago,Illinois,2026-06-11,87.9,69.9,Heavy rain
2026-06-10,60601,Chicago,Illinois,2026-06-12,76.6,62.5,Patchy rain nearby
2026-06-10,98101,Seattle,Washington,2026-06-10,64.2,48.9,Patchy rain nearby
2026-06-10,98101,Seattle,Washington,2026-06-11,71.3,43.7,Sunny
2026-06-10,98101,Seattle,Washington,2026-06-12,73.1,45.8,Sunny
2026-06-10,33101,Miami,Florida,2026-06-10,87.1,77.7,Patchy rain nearby
2026-06-10,33101,Miami,Florida,2026-06-11,85.3,81.1,Patchy rain nearby
2026-06-10,33101,Miami,Florida,2026-06-12,85.5,81.4,Patchy rain nearby
2026-06-10,77001,Houston,Texas,2026-06-10,89.1,77.2,Partly Cloudy
2026-06-10,77001,Houston,Texas,2026-06-11,93.2,77.7,Partly Cloudy
2026-06-10,77001,Houston,Texas,2026-06-12,93.6,78.2,Patchy rain nearby
2026-06-10,85001,Phoenix,Arizona,2026-06-10,111.9,71.8,Sunny
2026-06-10,85001,Phoenix,Arizona,2026-06-11,103.8,84.7,Patchy rain nearby
2026-06-10,85001,Phoenix,Arizona,2026-06-12,102.4,87.9,Patchy rain nearby
2026-06-10,19101,Philadelphia,Pennsylvania,2026-06-10,90.1,67.5,Patchy rain nearby
2026-06-10,19101,Philadelphia,Pennsylvania,2026-06-11,91.9,70.5,Moderate rain
2026-06-10,19101,Philadelphia,Pennsylvania,2026-06-12,95.5,70.7,Patchy rain nearby
2026-06-10,78201,San Antonio,Texas,2026-06-10,93.7,75.9,Patchy rain nearby
2026-06-10,78201,San Antonio,Texas,2026-06-11,88.6,75.3,Patchy rain nearby
2026-06-10,78201,San Antonio,Texas,2026-06-12,92.7,74.6,Patchy rain nearby
2026-06-10,92101,San Diego,California,2026-06-10,73.0,58.8,Sunny
2026-06-10,92101,San Diego,California,2026-06-11,73.7,65.2,Sunny
2026-06-10,92101,San Diego,California,2026-06-12,75.7,66.8,Sunny
2026-06-10,75201,Dallas,Texas,2026-06-10,89.9,76.8,Sunny
2026-06-10,75201,Dallas,Texas,2026-06-11,90.5,76.4,Overcast
2026-06-10,75201,Dallas,Texas,2026-06-12,96.0,77.5,Partly Cloudy
2026-06-10,95101,San Jose,California,2026-06-10,90.9,55.2,Sunny
2026-06-10,95101,San Jose,California,2026-06-11,97.1,61.9,Sunny
2026-06-10,95101,San Jose,California,2026-06-12,94.4,60.7,Sunny
2026-06-10,78701,Austin,Texas,2026-06-10,91.5,76.8,Patchy rain nearby
2026-06-10,78701,Austin,Texas,2026-06-11,93.6,75.1,Patchy rain nearby
2026-06-10,78701,Austin,Texas,2026-06-12,90.6,75.2,Patchy rain nearby
2026-06-10,30301,Atlanta,Georgia,2026-06-10,93.0,71.4,Patchy rain nearby
2026-06-10,30301,Atlanta,Georgia,2026-06-11,92.3,70.8,Patchy rain nearby
2026-06-10,30301,Atlanta,Georgia,2026-06-12,93.2,76.1,Patchy rain nearby
2026-06-10,28201,Charlotte,North Carolina,2026-06-10,90.5,68.0,Sunny
2026-06-10,28201,Charlotte,North Carolina,2026-06-11,96.5,71.5,Patchy rain nearby
2026-06-10,28201,Charlotte,North Carolina,2026-06-12,98.3,70.8,Patchy rain nearby
2026-06-10,80201,Denver,Colorado,2026-06-10,89.2,57.9,Sunny
2026-06-10,80201,Denver,Colorado,2026-06-11,78.2,53.7,Sunny
2026-06-10,80201,Denver,Colorado,2026-06-12,86.9,54.7,Sunny
2026-06-10,37201,Nashville,Tennessee,2026-06-10,92.5,69.3,Patchy rain nearby
2026-06-10,37201,Nashville,Tennessee,2026-06-11,91.7,71.1,Sunny
2026-06-10,37201,Nashville,Tennessee,2026-06-12,88.6,70.4,Moderate rain
2026-06-10,97201,Portland,Oregon,2026-06-10,65.2,50.5,Partly Cloudy
2026-06-10,97201,Portland,Oregon,2026-06-11,76.7,44.6,Sunny
2026-06-10,97201,Portland,Oregon,2026-06-12,79.6,47.6,Sunny
2026-06-10,89101,Las Vegas,Nevada,2026-06-10,109.2,72.3,Sunny
2026-06-10,89101,Las Vegas,Nevada,2026-06-11,98.4,70.8,Sunny
2026-06-10,89101,Las Vegas,Nevada,2026-06-12,104.6,72.6,Sunny
2026-06-10,02101,Boston,Massachusetts,2026-06-10,96.1,62.2,Patchy rain nearby
2026-06-10,02101,Boston,Massachusetts,2026-06-11,89.1,65.1,Patchy rain nearby
2026-06-10,02101,Boston,Massachusetts,2026-06-12,73.3,62.5,Patchy rain nearby
2026-06-11,90045,Los Angeles,California,2026-06-11,75.0,63.3,Partly Cloudy
2026-06-11,90045,Los Angeles,California,2026-06-12,76.9,66.1,Sunny
2026-06-11,90045,Los Angeles,California,2026-06-13,74.9,66.4,Sunny
2026-06-11,10001,New York,New York,2026-06-11,98.4,71.1,Patchy rain nearby
2026-06-11,10001,New York,New York,2026-06-12,95.2,74.6,Patchy rain nearby
2026-06-11,10001,New York,New York,2026-06-13,88.6,69.4,Patchy rain nearby
2026-06-11,60601,Chicago,Illinois,2026-06-11,87.4,60.8,Moderate rain
2026-06-11,60601,Chicago,Illinois,2026-06-12,75.6,61.7,Sunny
2026-06-11,60601,Chicago,Illinois,2026-06-13,81.0,65.3,Patchy rain nearby
2026-06-11,98101,Seattle,Washington,2026-06-11,72.4,48.2,Sunny
2026-06-11,98101,Seattle,Washington,2026-06-12,74.2,48.1,Sunny
2026-06-11,98101,Seattle,Washington,2026-06-13,76.2,48.3,Sunny
2026-06-11,33101,Miami,Florida,2026-06-11,92.5,76.1,Sunny
2026-06-11,33101,Miami,Florida,2026-06-12,84.8,81.7,Patchy rain nearby
2026-06-11,33101,Miami,Florida,2026-06-13,85.7,80.6,Patchy rain nearby
2026-06-11,77001,Houston,Texas,2026-06-11,95.0,77.0,Partly Cloudy
2026-06-11,77001,Houston,Texas,2026-06-12,94.0,77.9,Patchy rain nearby
2026-06-11,77001,Houston,Texas,2026-06-13,93.1,77.5,Partly Cloudy
2026-06-11,85001,Phoenix,Arizona,2026-06-11,112.6,76.3,Dust haze
2026-06-11,85001,Phoenix,Arizona,2026-06-12,101.9,85.2,Patchy rain nearby
2026-06-11,85001,Phoenix,Arizona,2026-06-13,103.1,82.5,Patchy rain nearby
2026-06-11,19101,Philadelphia,Pennsylvania,2026-06-11,102.4,70.7,Patchy rain nearby
2026-06-11,19101,Philadelphia,Pennsylvania,2026-06-12,97.1,72.3,Patchy rain nearby
2026-06-11,19101,Philadelphia,Pennsylvania,2026-06-13,87.7,67.9,Sunny
2026-06-11,78201,San Antonio,Texas,2026-06-11,92.7,78.3,Patchy rain nearby
2026-06-11,78201,San Antonio,Texas,2026-06-12,90.3,74.6,Patchy rain nearby
2026-06-11,78201,San Antonio,Texas,2026-06-13,90.4,73.1,Patchy rain nearby
2026-06-11,92101,San Diego,California,2026-06-11,75.6,61.9,Patchy rain nearby
2026-06-11,92101,San Diego,California,2026-06-12,76.1,67.6,Sunny
2026-06-11,92101,San Diego,California,2026-06-13,76.6,69.0,Sunny
2026-06-11,75201,Dallas,Texas,2026-06-11,95.2,78.3,Partly Cloudy
2026-06-11,75201,Dallas,Texas,2026-06-12,96.7,78.2,Partly Cloudy
2026-06-11,75201,Dallas,Texas,2026-06-13,97.4,79.1,Sunny
2026-06-11,95101,San Jose,California,2026-06-11,101.1,61.2,Sunny
2026-06-11,95101,San Jose,California,2026-06-12,95.6,61.1,Sunny
2026-06-11,95101,San Jose,California,2026-06-13,91.5,58.0,Sunny
2026-06-11,78701,Austin,Texas,2026-06-11,94.6,77.4,Patchy rain nearby
2026-06-11,78701,Austin,Texas,2026-06-12,92.2,74.6,Patchy rain nearby
2026-06-11,78701,Austin,Texas,2026-06-13,95.6,73.4,Partly Cloudy
2026-06-11,30301,Atlanta,Georgia,2026-06-11,95.0,72.9,Sunny
2026-06-11,30301,Atlanta,Georgia,2026-06-12,92.3,73.7,Patchy rain nearby
2026-06-11,30301,Atlanta,Georgia,2026-06-13,95.5,72.7,Sunny
2026-06-11,28201,Charlotte,North Carolina,2026-06-11,99.7,70.7,Sunny
2026-06-11,28201,Charlotte,North Carolina,2026-06-12,99.7,73.5,Patchy rain nearby
2026-06-11,28201,Charlotte,North Carolina,2026-06-13,95.5,72.4,Patchy rain nearby
2026-06-11,80201,Denver,Colorado,2026-06-11,78.5,54.0,Sunny
2026-06-11,80201,Denver,Colorado,2026-06-12,89.6,52.7,Sunny
2026-06-11,80201,Denver,Colorado,2026-06-13,84.2,56.9,Patchy rain nearby
2026-06-11,37201,Nashville,Tennessee,2026-06-11,93.4,74.3,Sunny
2026-06-11,37201,Nashville,Tennessee,2026-06-12,82.3,68.8,Patchy rain nearby
2026-06-11,37201,Nashville,Tennessee,2026-06-13,88.6,63.7,Sunny
2026-06-11,97201,Portland,Oregon,2026-06-11,77.2,50.7,Sunny
2026-06-11,97201,Portland,Oregon,2026-06-12,78.3,47.9,Sunny
2026-06-11,97201,Portland,Oregon,2026-06-13,84.4,47.0,Sunny
2026-06-11,89101,Las Vegas,Nevada,2026-06-11,106.9,77.2,Sunny
2026-06-11,89101,Las Vegas,Nevada,2026-06-12,104.8,74.8,Sunny
2026-06-11,89101,Las Vegas,Nevada,2026-06-13,105.0,74.0,Sunny
2026-06-11,02101,Boston,Massachusetts,2026-06-11,94.8,66.9,Patchy rain nearby
2026-06-11,02101,Boston,Massachusetts,2026-06-12,76.1,63.1,Patchy rain nearby
2026-06-11,02101,Boston,Massachusetts,2026-06-13,80.2,63.0,Moderate rain
2026-06-12,90045,Los Angeles,California,2026-06-12,75.7,63.0,Partly Cloudy
2026-06-12,90045,Los Angeles,California,2026-06-13,75.2,66.7,Sunny
2026-06-12,90045,Los Angeles,California,2026-06-14,75.7,66.2,Sunny
2026-06-12,10001,New York,New York,2026-06-12,97.5,73.9,Patchy rain nearby
2026-06-12,10001,New York,New York,2026-06-13,90.8,68.9,Sunny
2026-06-12,10001,New York,New York,2026-06-14,85.7,66.9,Heavy rain
2026-06-12,60601,Chicago,Illinois,2026-06-12,77.0,58.1,Sunny
2026-06-12,60601,Chicago,Illinois,2026-06-13,80.9,65.1,Patchy rain nearby
2026-06-12,60601,Chicago,Illinois,2026-06-14,67.4,60.4,Patchy rain nearby
2026-06-12,98101,Seattle,Washington,2026-06-12,71.8,51.1,Sunny
2026-06-12,98101,Seattle,Washington,2026-06-13,80.4,50.5,Sunny
2026-06-12,98101,Seattle,Washington,2026-06-14,85.6,57.0,Sunny
2026-06-12,33101,Miami,Florida,2026-06-12,92.3,76.5,Sunny
2026-06-12,33101,Miami,Florida,2026-06-13,86.1,81.4,Sunny
2026-06-12,33101,Miami,Florida,2026-06-14,86.7,81.9,Patchy rain nearby
2026-06-12,77001,Houston,Texas,2026-06-12,96.1,78.4,Patchy rain nearby
2026-06-12,77001,Houston,Texas,2026-06-13,92.8,77.2,Partly Cloudy
2026-06-12,77001,Houston,Texas,2026-06-14,90.7,78.6,Patchy rain nearby
2026-06-12,85001,Phoenix,Arizona,2026-06-12,107.2,83.3,Dust haze
2026-06-12,85001,Phoenix,Arizona,2026-06-13,107.4,87.2,Dust haze
2026-06-12,85001,Phoenix,Arizona,2026-06-14,106.7,87.6,Patchy rain nearby
2026-06-12,19101,Philadelphia,Pennsylvania,2026-06-12,96.6,72.1,Sunny
2026-06-12,19101,Philadelphia,Pennsylvania,2026-06-13,88.5,67.9,Sunny
2026-06-12,19101,Philadelphia,Pennsylvania,2026-06-14,87.4,68.5,Heavy rain
2026-06-12,78201,San Antonio,Texas,2026-06-12,95.5,78.1,Patchy rain nearby
2026-06-12,78201,San Antonio,Texas,2026-06-13,89.4,72.6,Patchy rain nearby
2026-06-12,78201,San Antonio,Texas,2026-06-14,89.2,73.6,Moderate rain
2026-06-12,92101,San Diego,California,2026-06-12,83.8,63.5,Partly Cloudy
2026-06-12,92101,San Diego,California,2026-06-13,77.3,68.9,Sunny
2026-06-12,92101,San Diego,California,2026-06-14,78.3,68.8,Sunny
2026-06-12,75201,Dallas,Texas,2026-06-12,93.8,79.2,Moderate rain
2026-06-12,75201,Dallas,Texas,2026-06-13,95.6,77.9,Sunny
2026-06-12,75201,Dallas,Texas,2026-06-14,88.1,75.6,Moderate rain
2026-06-12,95101,San Jose,California,2026-06-12,95.2,59.9,Sunny
2026-06-12,95101,San Jose,California,2026-06-13,92.7,58.6,Sunny
2026-06-12,95101,San Jose,California,2026-06-14,92.0,56.4,Sunny
2026-06-12,78701,Austin,Texas,2026-06-12,94.8,78.6,Partly Cloudy
2026-06-12,78701,Austin,Texas,2026-06-13,94.4,72.8,Patchy rain nearby
2026-06-12,78701,Austin,Texas,2026-06-14,90.9,74.1,Moderate rain
2026-06-12,30301,Atlanta,Georgia,2026-06-12,95.4,74.7,Patchy rain nearby
2026-06-12,30301,Atlanta,Georgia,2026-06-13,95.3,74.8,Patchy rain nearby
2026-06-12,30301,Atlanta,Georgia,2026-06-14,93.5,73.1,Patchy rain nearby
2026-06-12,28201,Charlotte,North Carolina,2026-06-12,102.2,74.1,Patchy rain nearby
2026-06-12,28201,Charlotte,North Carolina,2026-06-13,97.9,72.9,Moderate rain
2026-06-12,28201,Charlotte,North Carolina,2026-06-14,94.6,70.5,Patchy rain nearby
2026-06-12,80201,Denver,Colorado,2026-06-12,86.8,52.4,Sunny
2026-06-12,80201,Denver,Colorado,2026-06-13,75.0,52.3,Sunny
2026-06-12,80201,Denver,Colorado,2026-06-14,68.5,52.7,Patchy rain nearby
2026-06-12,37201,Nashville,Tennessee,2026-06-12,92.8,70.2,Moderate rain
2026-06-12,37201,Nashville,Tennessee,2026-06-13,86.1,66.5,Heavy rain
2026-06-12,37201,Nashville,Tennessee,2026-06-14,80.5,66.3,Patchy rain nearby
2026-06-12,97201,Portland,Oregon,2026-06-12,80.1,52.7,Sunny
2026-06-12,97201,Portland,Oregon,2026-06-13,90.5,51.1,Sunny
2026-06-12,97201,Portland,Oregon,2026-06-14,94.4,59.3,Sunny
2026-06-12,89101,Las Vegas,Nevada,2026-06-12,113.9,75.4,Sunny
2026-06-12,89101,Las Vegas,Nevada,2026-06-13,106.7,76.1,Sunny
2026-06-12,89101,Las Vegas,Nevada,2026-06-14,104.7,76.0,Sunny
2026-06-12,02101,Boston,Massachusetts,2026-06-12,92.3,66.9,Sunny
2026-06-12,02101,Boston,Massachusetts,2026-06-13,79.9,64.4,Patchy rain nearby
2026-06-12,02101,Boston,Massachusetts,2026-06-14,82.9,60.3,Sunny
2026-06-13,90045,Los Angeles,California,2026-06-13,74.7,62.8,Fog
2026-06-13,90045,Los Angeles,California,2026-06-14,75.5,66.3,Sunny
2026-06-13,90045,Los Angeles,California,2026-06-15,76.5,67.1,Sunny
2026-06-13,10001,New York,New York,2026-06-13,93.9,66.6,Sunny
2026-06-13,10001,New York,New York,2026-06-14,87.0,72.4,Patchy rain nearby
2026-06-13,10001,New York,New York,2026-06-15,78.4,65.5,Patchy rain nearby
2026-06-13,60601,Chicago,Illinois,2026-06-13,79.3,59.0,Patchy rain nearby
2026-06-13,60601,Chicago,Illinois,2026-06-14,69.1,58.6,Patchy rain nearby
2026-06-13,60601,Chicago,Illinois,2026-06-15,72.6,59.1,Sunny
2026-06-13,98101,Seattle,Washington,2026-06-13,82.4,55.0,Sunny
2026-06-13,98101,Seattle,Washington,2026-06-14,86.2,54.8,Sunny
2026-06-13,98101,Seattle,Washington,2026-06-15,86.8,59.3,Sunny
2026-06-13,33101,Miami,Florida,2026-06-13,93.9,73.8,Patchy rain nearby
2026-06-13,33101,Miami,Florida,2026-06-14,86.4,81.6,Patchy rain nearby
2026-06-13,33101,Miami,Florida,2026-06-15,87.4,82.1,Moderate rain
2026-06-13,77001,Houston,Texas,2026-06-13,94.5,77.5,Sunny
2026-06-13,77001,Houston,Texas,2026-06-14,92.7,77.9,Partly Cloudy
2026-06-13,77001,Houston,Texas,2026-06-15,92.2,78.5,Moderate rain
2026-06-13,85001,Phoenix,Arizona,2026-06-13,111.2,83.3,Patchy rain nearby
2026-06-13,85001,Phoenix,Arizona,2026-06-14,106.5,88.3,Sunny
2026-06-13,85001,Phoenix,Arizona,2026-06-15,107.0,87.8,Dust haze
2026-06-13,19101,Philadelphia,Pennsylvania,2026-06-13,96.3,72.0,Sunny
2026-06-13,19101,Philadelphia,Pennsylvania,2026-06-14,86.0,69.8,Patchy rain nearby
2026-06-13,19101,Philadelphia,Pennsylvania,2026-06-15,77.4,65.6,Patchy rain nearby
2026-06-13,78201,San Antonio,Texas,2026-06-13,93.2,77.2,Moderate rain
2026-06-13,78201,San Antonio,Texas,2026-06-14,88.0,73.0,Moderate rain
2026-06-13,78201,San Antonio,Texas,2026-06-15,85.5,73.3,Moderate rain
2026-06-13,92101,San Diego,California,2026-06-13,82.6,63.1,Sunny
2026-06-13,92101,San Diego,California,2026-06-14,77.7,68.9,Sunny
2026-06-13,92101,San Diego,California,2026-06-15,78.7,69.1,Sunny
2026-06-13,75201,Dallas,Texas,2026-06-13,96.2,77.2,Sunny
2026-06-13,75201,Dallas,Texas,2026-06-14,94.0,77.1,Patchy rain nearby
2026-06-13,75201,Dallas,Texas,2026-06-15,71.9,66.9,Moderate rain
2026-06-13,95101,San Jose,California,2026-06-13,94.0,55.6,Sunny
2026-06-13,95101,San Jose,California,2026-06-14,94.0,58.6,Sunny
2026-06-13,95101,San Jose,California,2026-06-15,94.9,60.3,Sunny
2026-06-13,78701,Austin,Texas,2026-06-13,94.5,77.0,Partly Cloudy
2026-06-13,78701,Austin,Texas,2026-06-14,92.5,73.2,Patchy rain nearby
2026-06-13,78701,Austin,Texas,2026-06-15,84.5,73.5,Moderate rain
2026-06-13,30301,Atlanta,Georgia,2026-06-13,97.0,73.0,Sunny
2026-06-13,30301,Atlanta,Georgia,2026-06-14,94.1,73.7,Moderate rain
2026-06-13,30301,Atlanta,Georgia,2026-06-15,81.9,69.5,Patchy rain nearby
2026-06-13,28201,Charlotte,North Carolina,2026-06-13,100.8,71.2,Moderate rain
2026-06-13,28201,Charlotte,North Carolina,2026-06-14,94.2,70.4,Patchy rain nearby
2026-06-13,28201,Charlotte,North Carolina,2026-06-15,90.0,67.9,Patchy rain nearby
2026-06-13,80201,Denver,Colorado,2026-06-13,79.2,56.2,Sunny
2026-06-13,80201,Denver,Colorado,2026-06-14,63.9,52.5,Overcast
2026-06-13,80201,Denver,Colorado,2026-06-15,79.0,49.3,Sunny
2026-06-13,37201,Nashville,Tennessee,2026-06-13,95.5,70.0,Moderate rain
2026-06-13,37201,Nashville,Tennessee,2026-06-14,78.5,66.4,Moderate rain
2026-06-13,37201,Nashville,Tennessee,2026-06-15,69.5,61.0,Partly Cloudy
2026-06-13,97201,Portland,Oregon,2026-06-13,91.0,56.1,Sunny
2026-06-13,97201,Portland,Oregon,2026-06-14,93.9,58.5,Sunny
2026-06-13,97201,Portland,Oregon,2026-06-15,91.9,61.9,Sunny
2026-06-13,89101,Las Vegas,Nevada,2026-06-13,113.7,79.0,Sunny
2026-06-13,89101,Las Vegas,Nevada,2026-06-14,100.9,73.1,Sunny
2026-06-13,89101,Las Vegas,Nevada,2026-06-15,105.2,74.4,Sunny
2026-06-13,02101,Boston,Massachusetts,2026-06-13,94.8,68.7,Sunny
2026-06-13,02101,Boston,Massachusetts,2026-06-14,89.4,63.7,Patchy rain nearby
2026-06-13,02101,Boston,Massachusetts,2026-06-15,79.6,60.6,Patchy rain nearby
2026-06-14,90045,Los Angeles,California,2026-06-14,76.1,56.8,Sunny
2026-06-14,90045,Los Angeles,California,2026-06-15,75.3,67.5,Sunny
2026-06-14,90045,Los Angeles,California,2026-06-16,75.4,67.4,Sunny
2026-06-14,10001,New York,New York,2026-06-14,95.9,67.5,Heavy rain
2026-06-14,10001,New York,New York,2026-06-15,79.2,62.1,Patchy rain nearby
2026-06-14,10001,New York,New York,2026-06-16,79.0,65.9,Sunny
2026-06-14,60601,Chicago,Illinois,2026-06-14,66.6,55.9,Patchy rain nearby
2026-06-14,60601,Chicago,Illinois,2026-06-15,71.0,58.6,Sunny
2026-06-14,60601,Chicago,Illinois,2026-06-16,75.5,61.7,Patchy rain nearby
2026-06-14,98101,Seattle,Washington,2026-06-14,91.6,60.8,Sunny
2026-06-14,98101,Seattle,Washington,2026-06-15,87.9,60.0,Sunny
2026-06-14,98101,Seattle,Washington,2026-06-16,74.9,54.6,Partly Cloudy
2026-06-14,33101,Miami,Florida,2026-06-14,91.4,75.2,Heavy rain
2026-06-14,33101,Miami,Florida,2026-06-15,88.3,81.6,Moderate rain
2026-06-14,33101,Miami,Florida,2026-06-16,87.8,82.1,Patchy rain nearby
2026-06-14,77001,Houston,Texas,2026-06-14,88.9,77.9,Patchy rain nearby
2026-06-14,77001,Houston,Texas,2026-06-15,95.4,78.3,Thundery outbreaks in nearby
2026-06-14,77001,Houston,Texas,2026-06-16,84.9,78.2,Moderate rain
2026-06-14,85001,Phoenix,Arizona,2026-06-14,114.3,84.2,Dust haze
2026-06-14,85001,Phoenix,Arizona,2026-06-15,107.1,88.4,Dust haze
2026-06-14,85001,Phoenix,Arizona,2026-06-16,109.1,89.9,Dust haze
2026-06-14,19101,Philadelphia,Pennsylvania,2026-06-14,97.2,67.6,Heavy rain
2026-06-14,19101,Philadelphia,Pennsylvania,2026-06-15,76.2,61.0,Sunny
2026-06-14,19101,Philadelphia,Pennsylvania,2026-06-16,76.1,62.7,Sunny
2026-06-14,78201,San Antonio,Texas,2026-06-14,92.8,77.3,Patchy rain nearby
2026-06-14,78201,San Antonio,Texas,2026-06-15,86.6,74.0,Moderate rain
2026-06-14,78201,San Antonio,Texas,2026-06-16,87.7,73.7,Moderate rain
2026-06-14,92101,San Diego,California,2026-06-14,77.2,64.0,Partly Cloudy
2026-06-14,92101,San Diego,California,2026-06-15,76.9,69.5,Sunny
2026-06-14,92101,San Diego,California,2026-06-16,77.0,69.7,Sunny
2026-06-14,75201,Dallas,Texas,2026-06-14,98.8,77.4,Patchy rain nearby
2026-06-14,75201,Dallas,Texas,2026-06-15,81.1,72.4,Moderate rain
2026-06-14,75201,Dallas,Texas,2026-06-16,87.8,71.9,Patchy rain nearby
2026-06-14,95101,San Jose,California,2026-06-14,94.4,57.7,Sunny
2026-06-14,95101,San Jose,California,2026-06-15,93.5,59.8,Sunny
2026-06-14,95101,San Jose,California,2026-06-16,98.1,62.2,Sunny
2026-06-14,78701,Austin,Texas,2026-06-14,96.4,77.3,Moderate rain
2026-06-14,78701,Austin,Texas,2026-06-15,87.4,73.9,Heavy rain
2026-06-14,78701,Austin,Texas,2026-06-16,89.6,73.7,Moderate rain
2026-06-14,30301,Atlanta,Georgia,2026-06-14,91.9,73.4,Moderate rain
2026-06-14,30301,Atlanta,Georgia,2026-06-15,85.9,69.4,Patchy rain nearby
2026-06-14,30301,Atlanta,Georgia,2026-06-16,77.7,66.7,Patchy rain nearby
2026-06-14,28201,Charlotte,North Carolina,2026-06-14,99.1,73.2,Patchy rain nearby
2026-06-14,28201,Charlotte,North Carolina,2026-06-15,86.9,70.0,Patchy rain nearby
2026-06-14,28201,Charlotte,North Carolina,2026-06-16,86.3,68.2,Partly Cloudy
2026-06-14,80201,Denver,Colorado,2026-06-14,73.4,54.6,Patchy rain nearby
2026-06-14,80201,Denver,Colorado,2026-06-15,79.0,52.4,Patchy rain nearby
2026-06-14,80201,Denver,Colorado,2026-06-16,91.8,56.7,Sunny
2026-06-14,37201,Nashville,Tennessee,2026-06-14,86.2,65.8,Patchy rain nearby
2026-06-14,37201,Nashville,Tennessee,2026-06-15,72.1,60.3,Sunny
2026-06-14,37201,Nashville,Tennessee,2026-06-16,80.8,59.7,Sunny
2026-06-14,97201,Portland,Oregon,2026-06-14,94.8,61.9,Sunny
2026-06-14,97201,Portland,Oregon,2026-06-15,93.1,63.1,Sunny
2026-06-14,97201,Portland,Oregon,2026-06-16,83.7,55.8,Sunny
2026-06-14,89101,Las Vegas,Nevada,2026-06-14,111.9,79.3,Sunny
2026-06-14,89101,Las Vegas,Nevada,2026-06-15,105.9,76.1,Sunny
2026-06-14,89101,Las Vegas,Nevada,2026-06-16,108.7,79.1,Sunny
2026-06-14,02101,Boston,Massachusetts,2026-06-14,97.0,63.9,Sunny
2026-06-14,02101,Boston,Massachusetts,2026-06-15,82.2,62.3,Partly Cloudy
2026-06-14,02101,Boston,Massachusetts,2026-06-16,79.3,56.9,Sunny
2026-06-15,90045,Los Angeles,California,2026-06-15,74.1,59.5,Partly Cloudy
2026-06-15,90045,Los Angeles,California,2026-06-16,74.5,65.3,Sunny
2026-06-15,90045,Los Angeles,California,2026-06-17,74.2,65.5,Sunny
2026-06-15,10001,New York,New York,2026-06-15,82.2,67.1,Moderate rain
2026-06-15,10001,New York,New York,2026-06-16,78.5,60.8,Sunny
2026-06-15,10001,New York,New York,2026-06-17,74.8,66.8,Moderate rain
2026-06-15,60601,Chicago,Illinois,2026-06-15,71.4,53.6,Sunny
2026-06-15,60601,Chicago,Illinois,2026-06-16,66.2,60.5,Moderate rain
2026-06-15,60601,Chicago,Illinois,2026-06-17,66.5,56.9,Heavy rain
2026-06-15,98101,Seattle,Washington,2026-06-15,90.5,61.9,Sunny
2026-06-15,98101,Seattle,Washington,2026-06-16,73.6,53.6,Partly Cloudy
2026-06-15,98101,Seattle,Washington,2026-06-17,75.1,48.0,Sunny
2026-06-15,33101,Miami,Florida,2026-06-15,90.9,75.4,Moderate rain
2026-06-15,33101,Miami,Florida,2026-06-16,88.3,82.4,Patchy rain nearby
2026-06-15,33101,Miami,Florida,2026-06-17,88.2,83.0,Patchy rain nearby
2026-06-15,77001,Houston,Texas,2026-06-15,83.8,77.5,Heavy rain
2026-06-15,77001,Houston,Texas,2026-06-16,84.2,77.3,Moderate rain
2026-06-15,77001,Houston,Texas,2026-06-17,76.3,74.3,Heavy rain
2026-06-15,85001,Phoenix,Arizona,2026-06-15,113.5,84.0,Dust haze
2026-06-15,85001,Phoenix,Arizona,2026-06-16,107.2,87.2,Dust haze
2026-06-15,85001,Phoenix,Arizona,2026-06-17,107.1,87.4,Dust haze
2026-06-15,19101,Philadelphia,Pennsylvania,2026-06-15,79.3,65.7,Heavy rain
2026-06-15,19101,Philadelphia,Pennsylvania,2026-06-16,79.1,58.8,Sunny
2026-06-15,19101,Philadelphia,Pennsylvania,2026-06-17,84.0,63.1,Patchy rain nearby
2026-06-15,78201,San Antonio,Texas,2026-06-15,84.8,77.2,Moderate rain
2026-06-15,78201,San Antonio,Texas,2026-06-16,75.0,71.8,Heavy rain
2026-06-15,78201,San Antonio,Texas,2026-06-17,90.3,72.0,Patchy rain nearby
2026-06-15,92101,San Diego,California,2026-06-15,76.3,64.6,Patchy rain nearby
2026-06-15,92101,San Diego,California,2026-06-16,76.7,68.4,Sunny
2026-06-15,92101,San Diego,California,2026-06-17,75.7,67.8,Sunny
2026-06-15,75201,Dallas,Texas,2026-06-15,83.8,74.7,Patchy rain nearby
2026-06-15,75201,Dallas,Texas,2026-06-16,89.6,71.8,Patchy rain nearby
2026-06-15,75201,Dallas,Texas,2026-06-17,87.3,73.8,Patchy rain nearby
2026-06-15,95101,San Jose,California,2026-06-15,92.5,57.0,Partly Cloudy
2026-06-15,95101,San Jose,California,2026-06-16,97.1,61.8,Sunny
2026-06-15,95101,San Jose,California,2026-06-17,94.4,59.8,Sunny
2026-06-15,78701,Austin,Texas,2026-06-15,82.9,75.0,Heavy rain
2026-06-15,78701,Austin,Texas,2026-06-16,78.8,73.5,Moderate rain
2026-06-15,78701,Austin,Texas,2026-06-17,88.7,71.9,Patchy rain nearby
2026-06-15,30301,Atlanta,Georgia,2026-06-15,90.1,68.7,Sunny
2026-06-15,30301,Atlanta,Georgia,2026-06-16,80.1,68.4,Patchy rain nearby
2026-06-15,30301,Atlanta,Georgia,2026-06-17,83.5,68.9,Patchy rain nearby
2026-06-15,28201,Charlotte,North Carolina,2026-06-15,93.0,71.8,Patchy rain nearby
2026-06-15,28201,Charlotte,North Carolina,2026-06-16,83.7,67.8,Sunny
2026-06-15,28201,Charlotte,North Carolina,2026-06-17,88.1,65.1,Sunny
2026-06-15,80201,Denver,Colorado,2026-06-15,82.6,53.2,Sunny
2026-06-15,80201,Denver,Colorado,2026-06-16,91.7,56.9,Sunny
2026-06-15,80201,Denver,Colorado,2026-06-17,96.1,65.3,Sunny
2026-06-15,37201,Nashville,Tennessee,2026-06-15,85.5,60.6,Sunny
2026-06-15,37201,Nashville,Tennessee,2026-06-16,81.0,58.0,Sunny
2026-06-15,37201,Nashville,Tennessee,2026-06-17,81.7,67.6,Moderate rain
2026-06-15,97201,Portland,Oregon,2026-06-15,99.0,65.8,Sunny
2026-06-15,97201,Portland,Oregon,2026-06-16,83.2,55.3,Sunny
2026-06-15,97201,Portland,Oregon,2026-06-17,81.4,48.4,Sunny
2026-06-15,89101,Las Vegas,Nevada,2026-06-15,111.7,76.6,Sunny
2026-06-15,89101,Las Vegas,Nevada,2026-06-16,107.8,76.8,Sunny
2026-06-15,89101,Las Vegas,Nevada,2026-06-17,107.6,79.2,Sunny
2026-06-15,02101,Boston,Massachusetts,2026-06-15,81.1,64.5,Moderate rain
2026-06-15,02101,Boston,Massachusetts,2026-06-16,76.0,55.9,Sunny
2026-06-15,02101,Boston,Massachusetts,2026-06-17,77.8,58.7,Patchy rain nearby
2026-06-16,90045,Los Angeles,California,2026-06-16,73.7,58.8,Partly Cloudy
2026-06-16,90045,Los Angeles,California,2026-06-17,74.3,65.1,Sunny
2026-06-16,90045,Los Angeles,California,2026-06-18,73.5,64.8,Sunny
2026-06-16,10001,New York,New York,2026-06-16,84.0,55.4,Sunny
2026-06-16,10001,New York,New York,2026-06-17,77.7,64.4,Patchy rain nearby
2026-06-16,10001,New York,New York,2026-06-18,92.3,70.6,Patchy rain nearby
2026-06-16,60601,Chicago,Illinois,2026-06-16,73.0,58.1,Patchy rain nearby
2026-06-16,60601,Chicago,Illinois,2026-06-17,70.6,58.4,Moderate rain
2026-06-16,60601,Chicago,Illinois,2026-06-18,64.0,57.6,Patchy rain nearby
2026-06-16,98101,Seattle,Washington,2026-06-16,71.5,53.0,Sunny
2026-06-16,98101,Seattle,Washington,2026-06-17,75.1,47.7,Sunny
2026-06-16,98101,Seattle,Washington,2026-06-18,78.1,49.8,Sunny
2026-06-16,33101,Miami,Florida,2026-06-16,95.2,78.3,Patchy rain nearby
2026-06-16,33101,Miami,Florida,2026-06-17,88.3,82.7,Sunny
2026-06-16,33101,Miami,Florida,2026-06-18,88.2,83.6,Sunny
2026-06-16,77001,Houston,Texas,2026-06-16,88.0,76.3,Heavy rain
2026-06-16,77001,Houston,Texas,2026-06-17,81.5,73.4,Heavy rain
2026-06-16,77001,Houston,Texas,2026-06-18,91.3,77.2,Patchy rain nearby
2026-06-16,85001,Phoenix,Arizona,2026-06-16,112.6,84.4,Dust haze
2026-06-16,85001,Phoenix,Arizona,2026-06-17,106.6,88.7,Blowing dust
2026-06-16,85001,Phoenix,Arizona,2026-06-18,105.3,88.2,Patchy rain nearby
2026-06-16,19101,Philadelphia,Pennsylvania,2026-06-16,84.0,58.6,Sunny
2026-06-16,19101,Philadelphia,Pennsylvania,2026-06-17,84.1,62.4,Moderate rain
2026-06-16,19101,Philadelphia,Pennsylvania,2026-06-18,92.5,70.9,Patchy rain nearby
2026-06-16,78201,San Antonio,Texas,2026-06-16,87.3,73.9,Patchy rain nearby
2026-06-16,78201,San Antonio,Texas,2026-06-17,89.8,73.3,Patchy rain nearby
2026-06-16,78201,San Antonio,Texas,2026-06-18,97.1,74.9,Sunny
2026-06-16,92101,San Diego,California,2026-06-16,76.2,63.0,Partly Cloudy
2026-06-16,92101,San Diego,California,2026-06-17,75.0,67.3,Sunny
2026-06-16,92101,San Diego,California,2026-06-18,73.5,65.9,Sunny
2026-06-16,75201,Dallas,Texas,2026-06-16,94.6,73.4,Sunny
2026-06-16,75201,Dallas,Texas,2026-06-17,89.8,73.6,Cloudy
2026-06-16,75201,Dallas,Texas,2026-06-18,91.7,74.3,Patchy rain nearby
2026-06-16,95101,San Jose,California,2026-06-16,94.9,57.7,Partly Cloudy
2026-06-16,95101,San Jose,California,2026-06-17,91.8,58.6,Sunny
2026-06-16,95101,San Jose,California,2026-06-18,88.3,53.6,Sunny
2026-06-16,78701,Austin,Texas,2026-06-16,86.2,74.1,Patchy rain nearby
2026-06-16,78701,Austin,Texas,2026-06-17,85.0,72.5,Patchy rain nearby
2026-06-16,78701,Austin,Texas,2026-06-18,95.3,74.1,Partly Cloudy
2026-06-16,30301,Atlanta,Georgia,2026-06-16,76.3,67.5,Moderate rain
2026-06-16,30301,Atlanta,Georgia,2026-06-17,82.9,68.8,Patchy rain nearby
2026-06-16,30301,Atlanta,Georgia,2026-06-18,77.9,71.2,Heavy rain
2026-06-16,28201,Charlotte,North Carolina,2026-06-16,91.9,62.1,Sunny
2026-06-16,28201,Charlotte,North Carolina,2026-06-17,92.8,67.5,Partly Cloudy
2026-06-16,28201,Charlotte,North Carolina,2026-06-18,93.8,70.7,Moderate rain
2026-06-16,80201,Denver,Colorado,2026-06-16,91.4,55.9,Sunny
2026-06-16,80201,Denver,Colorado,2026-06-17,95.5,65.7,Sunny
2026-06-16,80201,Denver,Colorado,2026-06-18,84.6,54.6,Sunny
2026-06-16,37201,Nashville,Tennessee,2026-06-16,85.6,62.6,Patchy rain nearby
2026-06-16,37201,Nashville,Tennessee,2026-06-17,85.1,66.9,Patchy rain nearby
2026-06-16,37201,Nashville,Tennessee,2026-06-18,74.9,69.2,Patchy rain nearby
2026-06-16,97201,Portland,Oregon,2026-06-16,80.5,54.9,Sunny
2026-06-16,97201,Portland,Oregon,2026-06-17,81.6,48.4,Sunny
2026-06-16,97201,Portland,Oregon,2026-06-18,80.5,52.9,Sunny
2026-06-16,89101,Las Vegas,Nevada,2026-06-16,112.8,77.9,Sunny
2026-06-16,89101,Las Vegas,Nevada,2026-06-17,106.8,77.2,Sunny
2026-06-16,89101,Las Vegas,Nevada,2026-06-18,107.7,75.6,Sunny
2026-06-16,02101,Boston,Massachusetts,2026-06-16,83.7,58.8,Sunny
2026-06-16,02101,Boston,Massachusetts,2026-06-17,77.0,56.7,Partly Cloudy
2026-06-16,02101,Boston,Massachusetts,2026-06-18,84.5,61.5,Moderate rain
2026-06-17,90045,Los Angeles,California,2026-06-17,73.1,60.6,Patchy rain nearby
2026-06-17,90045,Los Angeles,California,2026-06-18,71.5,64.1,Sunny
2026-06-17,90045,Los Angeles,California,2026-06-19,69.2,62.3,Sunny
2026-06-17,10001,New York,New York,2026-06-17,84.0,59.0,Sunny
2026-06-17,10001,New York,New York,2026-06-18,91.3,70.6,Patchy rain nearby
2026-06-17,10001,New York,New York,2026-06-19,82.1,68.3,Partly Cloudy
2026-06-17,60601,Chicago,Illinois,2026-06-17,65.0,54.1,Heavy rain
2026-06-17,60601,Chicago,Illinois,2026-06-18,69.3,57.8,Patchy rain nearby
2026-06-17,60601,Chicago,Illinois,2026-06-19,69.3,58.9,Sunny
2026-06-17,98101,Seattle,Washington,2026-06-17,74.4,53.1,Sunny
2026-06-17,98101,Seattle,Washington,2026-06-18,77.6,49.3,Sunny
2026-06-17,98101,Seattle,Washington,2026-06-19,82.4,53.6,Sunny
2026-06-17,33101,Miami,Florida,2026-06-17,95.4,78.8,Patchy rain nearby
2026-06-17,33101,Miami,Florida,2026-06-18,87.8,83.7,Patchy rain nearby
2026-06-17,33101,Miami,Florida,2026-06-19,88.2,83.0,Patchy rain nearby
2026-06-17,77001,Houston,Texas,2026-06-17,88.2,76.8,Moderate rain
2026-06-17,77001,Houston,Texas,2026-06-18,92.2,78.4,Patchy rain nearby
2026-06-17,77001,Houston,Texas,2026-06-19,93.0,79.6,Patchy rain nearby
2026-06-17,85001,Phoenix,Arizona,2026-06-17,110.3,86.0,Blowing dust
2026-06-17,85001,Phoenix,Arizona,2026-06-18,105.7,87.5,Dust haze
2026-06-17,85001,Phoenix,Arizona,2026-06-19,106.2,85.5,Dust haze
2026-06-17,19101,Philadelphia,Pennsylvania,2026-06-17,89.1,62.1,Sunny
2026-06-17,19101,Philadelphia,Pennsylvania,2026-06-18,92.4,73.0,Patchy rain nearby
2026-06-17,19101,Philadelphia,Pennsylvania,2026-06-19,76.9,67.5,Sunny
2026-06-17,78201,San Antonio,Texas,2026-06-17,92.7,74.1,Sunny
2026-06-17,78201,San Antonio,Texas,2026-06-18,98.5,75.5,Sunny
2026-06-17,78201,San Antonio,Texas,2026-06-19,92.3,79.0,Patchy rain nearby
2026-06-17,92101,San Diego,California,2026-06-17,74.1,63.1,Patchy rain nearby
2026-06-17,92101,San Diego,California,2026-06-18,73.5,65.3,Sunny
2026-06-17,92101,San Diego,California,2026-06-19,71.7,64.6,Sunny
2026-06-17,75201,Dallas,Texas,2026-06-17,95.9,74.8,Sunny
2026-06-17,75201,Dallas,Texas,2026-06-18,99.9,76.1,Partly Cloudy
2026-06-17,75201,Dallas,Texas,2026-06-19,89.7,73.0,Moderate rain
2026-06-17,95101,San Jose,California,2026-06-17,91.0,58.1,Sunny
2026-06-17,95101,San Jose,California,2026-06-18,86.8,54.2,Sunny
2026-06-17,95101,San Jose,California,2026-06-19,81.6,53.1,Sunny
2026-06-17,78701,Austin,Texas,2026-06-17,93.0,75.2,Sunny
2026-06-17,78701,Austin,Texas,2026-06-18,98.9,76.1,Sunny
2026-06-17,78701,Austin,Texas,2026-06-19,91.1,78.8,Patchy rain nearby
2026-06-17,30301,Atlanta,Georgia,2026-06-17,90.3,69.3,Patchy rain nearby
2026-06-17,30301,Atlanta,Georgia,2026-06-18,73.8,68.7,Heavy rain
2026-06-17,30301,Atlanta,Georgia,2026-06-19,79.7,70.7,Moderate rain
2026-06-17,28201,Charlotte,North Carolina,2026-06-17,93.2,65.1,Sunny
2026-06-17,28201,Charlotte,North Carolina,2026-06-18,91.6,71.1,Cloudy
2026-06-17,28201,Charlotte,North Carolina,2026-06-19,83.6,70.7,Moderate rain
2026-06-17,80201,Denver,Colorado,2026-06-17,96.4,68.0,Sunny
2026-06-17,80201,Denver,Colorado,2026-06-18,84.4,55.5,Sunny
2026-06-17,80201,Denver,Colorado,2026-06-19,92.3,57.4,Sunny
2026-06-17,37201,Nashville,Tennessee,2026-06-17,93.7,64.0,Sunny
2026-06-17,37201,Nashville,Tennessee,2026-06-18,82.5,71.1,Patchy rain nearby
2026-06-17,37201,Nashville,Tennessee,2026-06-19,77.9,64.5,Patchy rain nearby
2026-06-17,97201,Portland,Oregon,2026-06-17,81.0,53.8,Sunny
2026-06-17,97201,Portland,Oregon,2026-06-18,81.9,51.2,Partly Cloudy
2026-06-17,97201,Portland,Oregon,2026-06-19,88.4,55.5,Sunny
2026-06-17,89101,Las Vegas,Nevada,2026-06-17,113.4,82.4,Sunny
2026-06-17,89101,Las Vegas,Nevada,2026-06-18,106.1,74.3,Sunny
2026-06-17,89101,Las Vegas,Nevada,2026-06-19,102.3,71.0,Sunny
2026-06-17,02101,Boston,Massachusetts,2026-06-17,80.8,58.1,Patchy rain nearby
2026-06-17,02101,Boston,Massachusetts,2026-06-18,77.3,61.0,Moderate rain
2026-06-17,02101,Boston,Massachusetts,2026-06-19,83.9,64.9,Sunny
2026-06-18,90045,Los Angeles,California,2026-06-18,68.8,61.9,Patchy rain nearby
2026-06-18,90045,Los Angeles,California,2026-06-19,68.8,62.2,Sunny
2026-06-18,90045,Los Angeles,California,2026-06-20,68.8,61.7,Sunny
2026-06-18,10001,New York,New York,2026-06-18,96.6,68.2,Patchy rain nearby
2026-06-18,10001,New York,New York,2026-06-19,84.9,67.0,Sunny
2026-06-18,10001,New York,New York,2026-06-20,81.4,63.6,Sunny
2026-06-18,60601,Chicago,Illinois,2026-06-18,69.5,56.7,Sunny
2026-06-18,60601,Chicago,Illinois,2026-06-19,69.2,58.7,Sunny
2026-06-18,60601,Chicago,Illinois,2026-06-20,73.3,59.8,Partly Cloudy
2026-06-18,98101,Seattle,Washington,2026-06-18,76.8,53.2,Sunny
2026-06-18,98101,Seattle,Washington,2026-06-19,81.6,55.3,Partly Cloudy
2026-06-18,98101,Seattle,Washington,2026-06-20,81.0,52.5,Sunny
2026-06-18,33101,Miami,Florida,2026-06-18,95.0,81.0,Sunny
2026-06-18,33101,Miami,Florida,2026-06-19,87.6,84.2,Patchy rain nearby
2026-06-18,33101,Miami,Florida,2026-06-20,87.4,75.0,Heavy rain
2026-06-18,77001,Houston,Texas,2026-06-18,97.0,78.4,Sunny
2026-06-18,77001,Houston,Texas,2026-06-19,95.1,79.6,Partly Cloudy
2026-06-18,77001,Houston,Texas,2026-06-20,92.6,79.4,Patchy rain nearby
2026-06-18,85001,Phoenix,Arizona,2026-06-18,110.7,81.0,Dust haze
2026-06-18,85001,Phoenix,Arizona,2026-06-19,105.2,85.5,Dust haze
2026-06-18,85001,Phoenix,Arizona,2026-06-20,102.7,83.3,Sunny
2026-06-18,19101,Philadelphia,Pennsylvania,2026-06-18,97.2,69.8,Patchy rain nearby
2026-06-18,19101,Philadelphia,Pennsylvania,2026-06-19,82.3,66.4,Sunny
2026-06-18,19101,Philadelphia,Pennsylvania,2026-06-20,79.7,62.3,Sunny
2026-06-18,78201,San Antonio,Texas,2026-06-18,98.4,76.1,Partly Cloudy
2026-06-18,78201,San Antonio,Texas,2026-06-19,93.6,78.8,Patchy rain nearby
2026-06-18,78201,San Antonio,Texas,2026-06-20,91.8,77.5,Patchy rain nearby
2026-06-18,92101,San Diego,California,2026-06-18,71.2,63.0,Patchy rain nearby
2026-06-18,92101,San Diego,California,2026-06-19,71.2,64.4,Sunny
2026-06-18,92101,San Diego,California,2026-06-20,71.0,63.5,Sunny
2026-06-18,75201,Dallas,Texas,2026-06-18,98.7,76.1,Sunny
2026-06-18,75201,Dallas,Texas,2026-06-19,91.6,73.4,Moderate rain
2026-06-18,75201,Dallas,Texas,2026-06-20,93.7,76.7,Moderate rain
2026-06-18,95101,San Jose,California,2026-06-18,86.5,56.5,Sunny
2026-06-18,95101,San Jose,California,2026-06-19,81.8,52.8,Sunny
2026-06-18,95101,San Jose,California,2026-06-20,83.3,50.8,Sunny
2026-06-18,78701,Austin,Texas,2026-06-18,98.4,76.5,Sunny
2026-06-18,78701,Austin,Texas,2026-06-19,94.9,79.0,Patchy rain nearby
2026-06-18,78701,Austin,Texas,2026-06-20,97.5,76.7,Patchy rain nearby
2026-06-18,30301,Atlanta,Georgia,2026-06-18,90.9,70.0,Patchy rain nearby
2026-06-18,30301,Atlanta,Georgia,2026-06-19,80.9,70.3,Moderate rain
2026-06-18,30301,Atlanta,Georgia,2026-06-20,90.0,67.8,Sunny
2026-06-18,28201,Charlotte,North Carolina,2026-06-18,98.1,70.8,Partly Cloudy
2026-06-18,28201,Charlotte,North Carolina,2026-06-19,91.2,70.2,Patchy rain nearby
2026-06-18,28201,Charlotte,North Carolina,2026-06-20,92.5,69.2,Sunny
2026-06-18,80201,Denver,Colorado,2026-06-18,87.8,54.6,Sunny
2026-06-18,80201,Denver,Colorado,2026-06-19,82.0,57.4,Patchy rain nearby
2026-06-18,80201,Denver,Colorado,2026-06-20,92.2,57.2,Sunny
2026-06-18,37201,Nashville,Tennessee,2026-06-18,91.8,70.4,Patchy rain nearby
2026-06-18,37201,Nashville,Tennessee,2026-06-19,79.0,64.1,Patchy rain nearby
2026-06-18,37201,Nashville,Tennessee,2026-06-20,85.0,63.4,Sunny
2026-06-18,97201,Portland,Oregon,2026-06-18,88.5,53.8,Sunny
2026-06-18,97201,Portland,Oregon,2026-06-19,89.8,55.6,Sunny
2026-06-18,97201,Portland,Oregon,2026-06-20,81.5,52.1,Sunny
2026-06-18,89101,Las Vegas,Nevada,2026-06-18,112.3,80.1,Sunny
2026-06-18,89101,Las Vegas,Nevada,2026-06-19,102.1,71.5,Sunny
2026-06-18,89101,Las Vegas,Nevada,2026-06-20,99.7,66.8,Sunny
2026-06-18,02101,Boston,Massachusetts,2026-06-18,81.0,61.5,Patchy rain nearby
2026-06-18,02101,Boston,Massachusetts,2026-06-19,82.5,63.8,Sunny
2026-06-18,02101,Boston,Massachusetts,2026-06-20,76.7,61.6,Partly Cloudy
2026-06-19,90045,Los Angeles,California,2026-06-19,68.9,59.7,Overcast
2026-06-19,90045,Los Angeles,California,2026-06-20,69.2,61.8,Sunny
2026-06-19,90045,Los Angeles,California,2026-06-21,69.8,62.1,Sunny
2026-06-19,10001,New York,New York,2026-06-19,90.7,67.3,Sunny
2026-06-19,10001,New York,New York,2026-06-20,82.7,64.3,Sunny
2026-06-19,10001,New York,New York,2026-06-21,80.7,64.2,Partly Cloudy
2026-06-19,60601,Chicago,Illinois,2026-06-19,70.0,56.3,Sunny
2026-06-19,60601,Chicago,Illinois,2026-06-20,73.8,60.4,Patchy rain nearby
2026-06-19,60601,Chicago,Illinois,2026-06-21,62.1,57.7,Moderate rain
2026-06-19,98101,Seattle,Washington,2026-06-19,82.4,57.6,Sunny
2026-06-19,98101,Seattle,Washington,2026-06-20,77.1,52.4,Sunny
2026-06-19,98101,Seattle,Washington,2026-06-21,79.6,49.8,Sunny
2026-06-19,33101,Miami,Florida,2026-06-19,93.6,81.0,Patchy rain nearby
2026-06-19,33101,Miami,Florida,2026-06-20,88.0,78.6,Moderate rain
2026-06-19,33101,Miami,Florida,2026-06-21,88.3,78.8,Patchy rain nearby
2026-06-19,77001,Houston,Texas,2026-06-19,96.3,81.5,Partly Cloudy
2026-06-19,77001,Houston,Texas,2026-06-20,91.9,78.6,Moderate rain
2026-06-19,77001,Houston,Texas,2026-06-21,93.3,79.0,Patchy rain nearby
2026-06-19,85001,Phoenix,Arizona,2026-06-19,112.1,76.6,Dust haze
2026-06-19,85001,Phoenix,Arizona,2026-06-20,103.4,82.9,Sunny
2026-06-19,85001,Phoenix,Arizona,2026-06-21,102.6,82.9,Sunny
2026-06-19,19101,Philadelphia,Pennsylvania,2026-06-19,84.9,69.4,Sunny
2026-06-19,19101,Philadelphia,Pennsylvania,2026-06-20,80.6,62.8,Sunny
2026-06-19,19101,Philadelphia,Pennsylvania,2026-06-21,83.5,62.1,Sunny
2026-06-19,78201,San Antonio,Texas,2026-06-19,92.7,76.2,Moderate rain
2026-06-19,78201,San Antonio,Texas,2026-06-20,93.9,74.9,Patchy rain nearby
2026-06-19,78201,San Antonio,Texas,2026-06-21,96.5,75.3,Partly Cloudy
2026-06-19,92101,San Diego,California,2026-06-19,74.3,62.1,Partly Cloudy
2026-06-19,92101,San Diego,California,2026-06-20,71.3,63.8,Sunny
2026-06-19,92101,San Diego,California,2026-06-21,71.6,63.4,Sunny
2026-06-19,75201,Dallas,Texas,2026-06-19,89.6,74.3,Moderate rain
2026-06-19,75201,Dallas,Texas,2026-06-20,89.5,72.9,Moderate rain
2026-06-19,75201,Dallas,Texas,2026-06-21,96.2,76.4,Partly Cloudy
2026-06-19,95101,San Jose,California,2026-06-19,82.0,56.5,Sunny
2026-06-19,95101,San Jose,California,2026-06-20,82.6,51.3,Sunny
2026-06-19,95101,San Jose,California,2026-06-21,86.7,49.9,Sunny
2026-06-19,78701,Austin,Texas,2026-06-19,93.4,71.1,Moderate rain
2026-06-19,78701,Austin,Texas,2026-06-20,91.8,71.8,Patchy rain nearby
2026-06-19,78701,Austin,Texas,2026-06-21,95.3,74.6,Partly Cloudy
2026-06-19,30301,Atlanta,Georgia,2026-06-19,86.0,70.7,Moderate rain
2026-06-19,30301,Atlanta,Georgia,2026-06-20,86.3,69.0,Patchy rain nearby
2026-06-19,30301,Atlanta,Georgia,2026-06-21,91.7,68.6,Patchy rain nearby
2026-06-19,28201,Charlotte,North Carolina,2026-06-19,90.3,69.6,Heavy rain
2026-06-19,28201,Charlotte,North Carolina,2026-06-20,88.8,67.3,Sunny
2026-06-19,28201,Charlotte,North Carolina,2026-06-21,93.6,68.7,Sunny
2026-06-19,80201,Denver,Colorado,2026-06-19,83.5,60.4,Sunny
2026-06-19,80201,Denver,Colorado,2026-06-20,92.8,56.2,Sunny
2026-06-19,80201,Denver,Colorado,2026-06-21,91.2,61.0,Patchy rain nearby
2026-06-19,37201,Nashville,Tennessee,2026-06-19,89.6,66.4,Sunny
2026-06-19,37201,Nashville,Tennessee,2026-06-20,87.2,63.3,Sunny
2026-06-19,37201,Nashville,Tennessee,2026-06-21,83.4,65.1,Moderate rain
2026-06-19,97201,Portland,Oregon,2026-06-19,91.2,59.5,Sunny
2026-06-19,97201,Portland,Oregon,2026-06-20,81.4,52.6,Sunny
2026-06-19,97201,Portland,Oregon,2026-06-21,84.6,51.0,Sunny
2026-06-19,89101,Las Vegas,Nevada,2026-06-19,107.6,76.3,Sunny
2026-06-19,89101,Las Vegas,Nevada,2026-06-20,99.3,67.4,Sunny
2026-06-19,89101,Las Vegas,Nevada,2026-06-21,100.6,66.4,Sunny
2026-06-19,02101,Boston,Massachusetts,2026-06-19,83.1,61.0,Sunny
2026-06-19,02101,Boston,Massachusetts,2026-06-20,78.1,61.8,Partly Cloudy
2026-06-19,02101,Boston,Massachusetts,2026-06-21,74.0,57.7,Patchy rain nearby
2026-06-20,90045,Los Angeles,California,2026-06-20,69.3,52.5,Sunny
2026-06-20,90045,Los Angeles,California,2026-06-21,69.7,61.9,Sunny
2026-06-20,90045,Los Angeles,California,2026-06-22,71.1,63.0,Sunny
2026-06-20,10001,New York,New York,2026-06-20,90.0,63.5,Sunny
2026-06-20,10001,New York,New York,2026-06-21,83.3,64.0,Sunny
2026-06-20,10001,New York,New York,2026-06-22,66.8,63.6,Heavy rain
2026-06-20,60601,Chicago,Illinois,2026-06-20,73.1,58.8,Sunny
2026-06-20,60601,Chicago,Illinois,2026-06-21,65.0,58.5,Moderate rain
2026-06-20,60601,Chicago,Illinois,2026-06-22,66.3,58.8,Sunny
2026-06-20,98101,Seattle,Washington,2026-06-20,77.9,53.8,Sunny
2026-06-20,98101,Seattle,Washington,2026-06-21,78.8,49.8,Sunny
2026-06-20,98101,Seattle,Washington,2026-06-22,84.0,53.3,Sunny
2026-06-20,33101,Miami,Florida,2026-06-20,95.9,76.1,Moderate rain
2026-06-20,33101,Miami,Florida,2026-06-21,88.5,80.8,Moderate rain
2026-06-20,33101,Miami,Florida,2026-06-22,88.2,83.4,Patchy rain nearby
2026-06-20,77001,Houston,Texas,2026-06-20,90.9,76.3,Heavy rain
2026-06-20,77001,Houston,Texas,2026-06-21,93.5,79.8,Partly Cloudy
2026-06-20,77001,Houston,Texas,2026-06-22,95.7,79.5,Partly Cloudy
2026-06-20,85001,Phoenix,Arizona,2026-06-20,108.3,74.8,Sunny
2026-06-20,85001,Phoenix,Arizona,2026-06-21,102.8,83.3,Sunny
2026-06-20,85001,Phoenix,Arizona,2026-06-22,105.7,84.5,Sunny
2026-06-20,19101,Philadelphia,Pennsylvania,2026-06-20,83.8,62.2,Sunny
2026-06-20,19101,Philadelphia,Pennsylvania,2026-06-21,82.8,62.1,Partly Cloudy
2026-06-20,19101,Philadelphia,Pennsylvania,2026-06-22,72.3,62.2,Moderate rain
2026-06-20,78201,San Antonio,Texas,2026-06-20,92.5,74.3,Moderate rain
2026-06-20,78201,San Antonio,Texas,2026-06-21,90.0,74.9,Moderate rain
2026-06-20,78201,San Antonio,Texas,2026-06-22,94.5,76.2,Partly Cloudy
2026-06-20,92101,San Diego,California,2026-06-20,72.7,61.2,Patchy rain nearby
2026-06-20,92101,San Diego,California,2026-06-21,71.2,63.1,Sunny
2026-06-20,92101,San Diego,California,2026-06-22,72.4,64.1,Sunny
2026-06-20,75201,Dallas,Texas,2026-06-20,94.2,72.0,Sunny
2026-06-20,75201,Dallas,Texas,2026-06-21,95.2,77.4,Partly Cloudy
2026-06-20,75201,Dallas,Texas,2026-06-22,98.4,77.8,Partly Cloudy
2026-06-20,95101,San Jose,California,2026-06-20,82.0,54.5,Partly Cloudy
2026-06-20,95101,San Jose,California,2026-06-21,87.2,50.1,Sunny
2026-06-20,95101,San Jose,California,2026-06-22,87.7,51.9,Sunny
2026-06-20,78701,Austin,Texas,2026-06-20,91.8,76.1,Patchy rain nearby
2026-06-20,78701,Austin,Texas,2026-06-21,93.8,75.4,Patchy rain nearby
2026-06-20,78701,Austin,Texas,2026-06-22,95.8,77.0,Partly Cloudy
2026-06-20,30301,Atlanta,Georgia,2026-06-20,90.1,72.1,Sunny
2026-06-20,30301,Atlanta,Georgia,2026-06-21,92.3,66.4,Sunny
2026-06-20,30301,Atlanta,Georgia,2026-06-22,92.6,73.5,Patchy rain nearby
2026-06-20,28201,Charlotte,North Carolina,2026-06-20,93.2,63.5,Sunny
2026-06-20,28201,Charlotte,North Carolina,2026-06-21,92.2,67.3,Sunny
2026-06-20,28201,Charlotte,North Carolina,2026-06-22,93.6,71.8,Patchy rain nearby
2026-06-20,80201,Denver,Colorado,2026-06-20,95.7,57.2,Sunny
2026-06-20,80201,Denver,Colorado,2026-06-21,89.8,59.4,Patchy rain nearby
2026-06-20,80201,Denver,Colorado,2026-06-22,83.5,55.7,Patchy rain nearby
2026-06-20,37201,Nashville,Tennessee,2026-06-20,93.9,64.0,Sunny
2026-06-20,37201,Nashville,Tennessee,2026-06-21,83.6,66.3,Patchy rain nearby
2026-06-20,37201,Nashville,Tennessee,2026-06-22,80.7,69.8,Heavy rain
2026-06-20,97201,Portland,Oregon,2026-06-20,81.3,56.1,Sunny
2026-06-20,97201,Portland,Oregon,2026-06-21,83.3,50.5,Sunny
2026-06-20,97201,Portland,Oregon,2026-06-22,95.9,55.1,Sunny
2026-06-20,89101,Las Vegas,Nevada,2026-06-20,107.6,73.0,Sunny
2026-06-20,89101,Las Vegas,Nevada,2026-06-21,101.3,66.6,Sunny
2026-06-20,89101,Las Vegas,Nevada,2026-06-22,103.3,69.1,Sunny
2026-06-20,02101,Boston,Massachusetts,2026-06-20,82.4,59.0,Sunny
2026-06-20,02101,Boston,Massachusetts,2026-06-21,79.2,57.2,Patchy rain nearby
2026-06-20,02101,Boston,Massachusetts,2026-06-22,73.4,59.9,Patchy rain nearby
2026-06-21,90045,Los Angeles,California,2026-06-21,70.2,55.4,Partly Cloudy
2026-06-21,90045,Los Angeles,California,2026-06-22,71.5,63.2,Sunny
2026-06-21,90045,Los Angeles,California,2026-06-23,74.9,64.5,Sunny
2026-06-21,10001,New York,New York,2026-06-21,86.5,62.8,Sunny
2026-06-21,10001,New York,New York,2026-06-22,68.9,65.2,Moderate rain
2026-06-21,10001,New York,New York,2026-06-23,76.5,65.6,Moderate rain
2026-06-21,60601,Chicago,Illinois,2026-06-21,66.7,57.9,Moderate rain
2026-06-21,60601,Chicago,Illinois,2026-06-22,66.4,59.2,Moderate rain
2026-06-21,60601,Chicago,Illinois,2026-06-23,66.8,58.9,Sunny
2026-06-21,98101,Seattle,Washington,2026-06-21,78.3,51.6,Sunny
2026-06-21,98101,Seattle,Washington,2026-06-22,81.4,52.7,Sunny
2026-06-21,98101,Seattle,Washington,2026-06-23,87.1,57.6,Sunny
2026-06-21,33101,Miami,Florida,2026-06-21,93.9,76.6,Patchy rain nearby
2026-06-21,33101,Miami,Florida,2026-06-22,88.4,83.5,Patchy rain nearby
2026-06-21,33101,Miami,Florida,2026-06-23,87.5,84.4,Moderate rain
2026-06-21,77001,Houston,Texas,2026-06-21,91.9,73.4,Moderate rain
2026-06-21,77001,Houston,Texas,2026-06-22,94.5,80.0,Partly Cloudy
2026-06-21,77001,Houston,Texas,2026-06-23,95.4,78.5,Sunny
2026-06-21,85001,Phoenix,Arizona,2026-06-21,110.5,72.3,Sunny
2026-06-21,85001,Phoenix,Arizona,2026-06-22,106.6,85.4,Sunny
2026-06-21,85001,Phoenix,Arizona,2026-06-23,107.3,88.4,Dust haze
2026-06-21,19101,Philadelphia,Pennsylvania,2026-06-21,86.2,65.7,Sunny
2026-06-21,19101,Philadelphia,Pennsylvania,2026-06-22,83.4,66.7,Heavy rain
2026-06-21,19101,Philadelphia,Pennsylvania,2026-06-23,76.3,66.7,Moderate rain
2026-06-21,78201,San Antonio,Texas,2026-06-21,96.1,75.2,Patchy rain nearby
2026-06-21,78201,San Antonio,Texas,2026-06-22,96.2,76.0,Sunny
2026-06-21,78201,San Antonio,Texas,2026-06-23,95.5,75.1,Sunny
2026-06-21,92101,San Diego,California,2026-06-21,73.8,58.6,Partly Cloudy
2026-06-21,92101,San Diego,California,2026-06-22,72.1,64.2,Sunny
2026-06-21,92101,San Diego,California,2026-06-23,74.4,65.7,Sunny
2026-06-21,75201,Dallas,Texas,2026-06-21,96.2,74.3,Sunny
2026-06-21,75201,Dallas,Texas,2026-06-22,97.9,78.0,Partly Cloudy
2026-06-21,75201,Dallas,Texas,2026-06-23,98.7,79.1,Sunny
2026-06-21,95101,San Jose,California,2026-06-21,87.2,56.8,Partly Cloudy
2026-06-21,95101,San Jose,California,2026-06-22,88.6,52.2,Sunny
2026-06-21,95101,San Jose,California,2026-06-23,91.5,53.5,Sunny
2026-06-21,78701,Austin,Texas,2026-06-21,97.7,74.7,Patchy rain nearby
2026-06-21,78701,Austin,Texas,2026-06-22,98.1,76.3,Partly Cloudy
2026-06-21,78701,Austin,Texas,2026-06-23,97.8,76.1,Partly Cloudy
2026-06-21,30301,Atlanta,Georgia,2026-06-21,87.6,69.8,Sunny
2026-06-21,30301,Atlanta,Georgia,2026-06-22,91.1,71.5,Patchy rain nearby
2026-06-21,30301,Atlanta,Georgia,2026-06-23,84.3,71.7,Patchy rain nearby
2026-06-21,28201,Charlotte,North Carolina,2026-06-21,94.5,64.9,Sunny
2026-06-21,28201,Charlotte,North Carolina,2026-06-22,94.5,71.4,Patchy rain nearby
2026-06-21,28201,Charlotte,North Carolina,2026-06-23,93.0,70.7,Sunny
2026-06-21,80201,Denver,Colorado,2026-06-21,91.8,59.3,Patchy rain nearby
2026-06-21,80201,Denver,Colorado,2026-06-22,85.5,51.7,Sunny
2026-06-21,80201,Denver,Colorado,2026-06-23,79.8,54.4,Patchy rain nearby
2026-06-21,37201,Nashville,Tennessee,2026-06-21,89.6,68.7,Sunny
2026-06-21,37201,Nashville,Tennessee,2026-06-22,79.4,68.9,Moderate rain
2026-06-21,37201,Nashville,Tennessee,2026-06-23,80.9,64.9,Cloudy
2026-06-21,97201,Portland,Oregon,2026-06-21,83.3,52.5,Sunny
2026-06-21,97201,Portland,Oregon,2026-06-22,91.8,54.3,Sunny
2026-06-21,97201,Portland,Oregon,2026-06-23,92.8,59.8,Sunny
2026-06-21,89101,Las Vegas,Nevada,2026-06-21,106.7,69.4,Sunny
2026-06-21,89101,Las Vegas,Nevada,2026-06-22,104.3,68.9,Sunny
2026-06-21,89101,Las Vegas,Nevada,2026-06-23,107.7,71.9,Sunny
2026-06-21,02101,Boston,Massachusetts,2026-06-21,81.3,59.4,Patchy rain nearby
2026-06-21,02101,Boston,Massachusetts,2026-06-22,74.6,57.9,Heavy rain
2026-06-21,02101,Boston,Massachusetts,2026-06-23,66.5,59.7,Heavy rain
2026-06-22,90045,Los Angeles,California,2026-06-22,70.4,60.1,Partly Cloudy
2026-06-22,90045,Los Angeles,California,2026-06-23,74.8,63.7,Sunny
2026-06-22,90045,Los Angeles,California,2026-06-24,76.2,65.6,Patchy rain nearby
2026-06-22,10001,New York,New York,2026-06-22,83.3,64.2,Heavy rain
2026-06-22,10001,New York,New York,2026-06-23,70.2,65.0,Heavy rain
2026-06-22,10001,New York,New York,2026-06-24,84.6,63.0,Sunny
2026-06-22,60601,Chicago,Illinois,2026-06-22,66.1,59.9,Patchy rain nearby
2026-06-22,60601,Chicago,Illinois,2026-06-23,68.1,59.3,Sunny
2026-06-22,60601,Chicago,Illinois,2026-06-24,74.1,60.4,Moderate rain
2026-06-22,98101,Seattle,Washington,2026-06-22,81.9,55.2,Sunny
2026-06-22,98101,Seattle,Washington,2026-06-23,86.9,57.5,Sunny
2026-06-22,98101,Seattle,Washington,2026-06-24,83.1,54.8,Sunny
2026-06-22,33101,Miami,Florida,2026-06-22,89.2,75.9,Sunny
2026-06-22,33101,Miami,Florida,2026-06-23,87.7,83.4,Patchy rain nearby
2026-06-22,33101,Miami,Florida,2026-06-24,86.9,83.4,Patchy rain nearby
2026-06-22,77001,Houston,Texas,2026-06-22,93.3,78.8,Partly Cloudy
2026-06-22,77001,Houston,Texas,2026-06-23,94.5,78.3,Sunny
2026-06-22,77001,Houston,Texas,2026-06-24,95.4,76.7,Sunny
2026-06-22,85001,Phoenix,Arizona,2026-06-22,107.1,72.0,Sunny
2026-06-22,85001,Phoenix,Arizona,2026-06-23,109.7,88.2,Dust haze
2026-06-22,85001,Phoenix,Arizona,2026-06-24,112.0,89.8,Dust haze
2026-06-22,19101,Philadelphia,Pennsylvania,2026-06-22,87.8,66.0,Moderate rain
2026-06-22,19101,Philadelphia,Pennsylvania,2026-06-23,74.6,66.6,Moderate rain
2026-06-22,19101,Philadelphia,Pennsylvania,2026-06-24,82.6,60.2,Sunny
2026-06-22,78201,San Antonio,Texas,2026-06-22,94.5,77.2,Partly Cloudy
2026-06-22,78201,San Antonio,Texas,2026-06-23,94.6,74.8,Sunny
2026-06-22,78201,San Antonio,Texas,2026-06-24,95.2,73.4,Sunny
2026-06-22,92101,San Diego,California,2026-06-22,72.7,61.3,Partly Cloudy
2026-06-22,92101,San Diego,California,2026-06-23,74.6,65.6,Sunny
2026-06-22,92101,San Diego,California,2026-06-24,76.5,68.4,Sunny
2026-06-22,75201,Dallas,Texas,2026-06-22,95.0,69.1,Moderate rain
2026-06-22,75201,Dallas,Texas,2026-06-23,96.8,77.6,Patchy rain nearby
2026-06-22,75201,Dallas,Texas,2026-06-24,96.9,77.0,Sunny
2026-06-22,95101,San Jose,California,2026-06-22,88.0,56.3,Partly Cloudy
2026-06-22,95101,San Jose,California,2026-06-23,90.1,52.1,Sunny
2026-06-22,95101,San Jose,California,2026-06-24,91.1,54.8,Sunny
2026-06-22,78701,Austin,Texas,2026-06-22,94.9,77.7,Overcast
2026-06-22,78701,Austin,Texas,2026-06-23,95.0,76.5,Partly Cloudy
2026-06-22,78701,Austin,Texas,2026-06-24,96.0,73.5,Sunny
2026-06-22,30301,Atlanta,Georgia,2026-06-22,92.7,71.1,Patchy rain nearby
2026-06-22,30301,Atlanta,Georgia,2026-06-23,86.4,67.4,Patchy rain nearby
2026-06-22,30301,Atlanta,Georgia,2026-06-24,90.9,67.2,Sunny
2026-06-22,28201,Charlotte,North Carolina,2026-06-22,93.5,70.2,Patchy rain nearby
2026-06-22,28201,Charlotte,North Carolina,2026-06-23,88.2,70.8,Patchy rain nearby
2026-06-22,28201,Charlotte,North Carolina,2026-06-24,89.0,63.6,Sunny
2026-06-22,80201,Denver,Colorado,2026-06-22,89.6,59.6,Sunny
2026-06-22,80201,Denver,Colorado,2026-06-23,86.7,58.5,Patchy rain nearby
2026-06-22,80201,Denver,Colorado,2026-06-24,90.5,58.2,Patchy rain nearby
2026-06-22,37201,Nashville,Tennessee,2026-06-22,85.8,64.2,Heavy rain
2026-06-22,37201,Nashville,Tennessee,2026-06-23,78.8,60.0,Sunny
2026-06-22,37201,Nashville,Tennessee,2026-06-24,84.1,61.7,Patchy rain nearby
2026-06-22,97201,Portland,Oregon,2026-06-22,90.7,56.7,Sunny
2026-06-22,97201,Portland,Oregon,2026-06-23,93.7,60.7,Sunny
2026-06-22,97201,Portland,Oregon,2026-06-24,87.5,58.1,Sunny
2026-06-22,89101,Las Vegas,Nevada,2026-06-22,103.9,68.7,Sunny
2026-06-22,89101,Las Vegas,Nevada,2026-06-23,107.9,72.3,Sunny
2026-06-22,89101,Las Vegas,Nevada,2026-06-24,106.5,76.0,Moderate rain
2026-06-22,02101,Boston,Massachusetts,2026-06-22,77.5,59.9,Moderate rain
2026-06-22,02101,Boston,Massachusetts,2026-06-23,66.6,59.0,Heavy rain
2026-06-22,02101,Boston,Massachusetts,2026-06-24,79.8,56.2,Sunny
2026-06-23,90045,Los Angeles,California,2026-06-23,74.4,58.5,Partly Cloudy
2026-06-23,90045,Los Angeles,California,2026-06-24,75.8,65.6,Sunny
2026-06-23,90045,Los Angeles,California,2026-06-25,74.1,64.9,Sunny
2026-06-23,10001,New York,New York,2026-06-23,75.6,67.3,Patchy rain nearby
2026-06-23,10001,New York,New York,2026-06-24,84.4,63.8,Sunny
2026-06-23,10001,New York,New York,2026-06-25,81.7,67.4,Sunny
2026-06-23,60601,Chicago,Illinois,2026-06-23,67.3,60.1,Sunny
2026-06-23,60601,Chicago,Illinois,2026-06-24,73.5,60.8,Moderate rain
2026-06-23,60601,Chicago,Illinois,2026-06-25,74.5,64.2,Patchy rain nearby
2026-06-23,98101,Seattle,Washington,2026-06-23,91.9,62.7,Sunny
2026-06-23,98101,Seattle,Washington,2026-06-24,84.4,54.7,Sunny
2026-06-23,98101,Seattle,Washington,2026-06-25,71.8,52.0,Patchy rain nearby
2026-06-23,33101,Miami,Florida,2026-06-23,91.9,78.1,Patchy rain nearby
2026-06-23,33101,Miami,Florida,2026-06-24,87.0,83.5,Moderate rain
2026-06-23,33101,Miami,Florida,2026-06-25,87.9,83.5,Patchy rain nearby
2026-06-23,77001,Houston,Texas,2026-06-23,95.7,80.1,Patchy rain nearby
2026-06-23,77001,Houston,Texas,2026-06-24,95.4,77.0,Sunny
2026-06-23,77001,Houston,Texas,2026-06-25,94.3,77.0,Sunny
2026-06-23,85001,Phoenix,Arizona,2026-06-23,114.6,81.0,Dust haze
2026-06-23,85001,Phoenix,Arizona,2026-06-24,111.4,90.1,Dust haze
2026-06-23,85001,Phoenix,Arizona,2026-06-25,111.0,90.9,Dust haze
2026-06-23,19101,Philadelphia,Pennsylvania,2026-06-23,78.1,65.4,Moderate rain
2026-06-23,19101,Philadelphia,Pennsylvania,2026-06-24,82.1,60.2,Sunny
2026-06-23,19101,Philadelphia,Pennsylvania,2026-06-25,85.9,64.7,Patchy rain nearby
2026-06-23,78201,San Antonio,Texas,2026-06-23,94.5,78.8,Partly Cloudy
2026-06-23,78201,San Antonio,Texas,2026-06-24,95.1,73.5,Partly Cloudy
2026-06-23,78201,San Antonio,Texas,2026-06-25,95.1,71.4,Sunny
2026-06-23,92101,San Diego,California,2026-06-23,74.5,61.3,Partly Cloudy
2026-06-23,92101,San Diego,California,2026-06-24,76.8,68.3,Sunny
2026-06-23,92101,San Diego,California,2026-06-25,75.5,68.3,Sunny
2026-06-23,75201,Dallas,Texas,2026-06-23,97.9,79.2,Sunny
2026-06-23,75201,Dallas,Texas,2026-06-24,97.3,77.0,Sunny
2026-06-23,75201,Dallas,Texas,2026-06-25,98.0,77.0,Sunny
2026-06-23,95101,San Jose,California,2026-06-23,89.9,55.9,Partly Cloudy
2026-06-23,95101,San Jose,California,2026-06-24,90.6,54.5,Sunny
2026-06-23,95101,San Jose,California,2026-06-25,88.2,54.6,Sunny
2026-06-23,78701,Austin,Texas,2026-06-23,94.5,79.9,Patchy rain nearby
2026-06-23,78701,Austin,Texas,2026-06-24,95.9,73.4,Sunny
2026-06-23,78701,Austin,Texas,2026-06-25,95.7,71.7,Partly Cloudy
2026-06-23,30301,Atlanta,Georgia,2026-06-23,88.9,69.6,Patchy rain nearby
2026-06-23,30301,Atlanta,Georgia,2026-06-24,90.7,66.9,Sunny
2026-06-23,30301,Atlanta,Georgia,2026-06-25,85.6,72.9,Patchy rain nearby
2026-06-23,28201,Charlotte,North Carolina,2026-06-23,86.0,71.6,Moderate rain
2026-06-23,28201,Charlotte,North Carolina,2026-06-24,91.0,64.5,Sunny
2026-06-23,28201,Charlotte,North Carolina,2026-06-25,93.2,68.8,Sunny
2026-06-23,80201,Denver,Colorado,2026-06-23,88.3,58.9,Patchy rain nearby
2026-06-23,80201,Denver,Colorado,2026-06-24,91.0,57.9,Sunny
2026-06-23,80201,Denver,Colorado,2026-06-25,90.6,60.2,Patchy rain nearby
2026-06-23,37201,Nashville,Tennessee,2026-06-23,86.5,64.2,Partly Cloudy
2026-06-23,37201,Nashville,Tennessee,2026-06-24,84.9,62.2,Patchy rain nearby
2026-06-23,37201,Nashville,Tennessee,2026-06-25,89.3,69.0,Patchy rain nearby
2026-06-23,97201,Portland,Oregon,2026-06-23,99.0,64.6,Sunny
2026-06-23,97201,Portland,Oregon,2026-06-24,87.3,58.9,Sunny
2026-06-23,97201,Portland,Oregon,2026-06-25,79.3,55.0,Patchy rain nearby
2026-06-23,89101,Las Vegas,Nevada,2026-06-23,115.2,73.2,Sunny
2026-06-23,89101,Las Vegas,Nevada,2026-06-24,105.7,76.5,Patchy rain nearby
2026-06-23,89101,Las Vegas,Nevada,2026-06-25,104.9,78.4,Patchy rain nearby
2026-06-23,02101,Boston,Massachusetts,2026-06-23,71.8,60.2,Moderate rain
2026-06-23,02101,Boston,Massachusetts,2026-06-24,79.6,56.1,Sunny
2026-06-23,02101,Boston,Massachusetts,2026-06-25,82.0,60.1,Sunny
2026-06-24,90045,Los Angeles,California,2026-06-24,75.6,61.0,Partly Cloudy
2026-06-24,90045,Los Angeles,California,2026-06-25,72.6,64.2,Sunny
2026-06-24,90045,Los Angeles,California,2026-06-26,72.7,63.4,Sunny
2026-06-24,10001,New York,New York,2026-06-24,86.5,59.4,Sunny
2026-06-24,10001,New York,New York,2026-06-25,81.6,66.5,Patchy rain nearby
2026-06-24,10001,New York,New York,2026-06-26,71.7,66.3,Moderate rain
2026-06-24,60601,Chicago,Illinois,2026-06-24,76.8,61.2,Moderate rain
2026-06-24,60601,Chicago,Illinois,2026-06-25,74.0,62.6,Patchy rain nearby
2026-06-24,60601,Chicago,Illinois,2026-06-26,69.0,61.3,Sunny
2026-06-24,98101,Seattle,Washington,2026-06-24,88.5,57.8,Sunny
2026-06-24,98101,Seattle,Washington,2026-06-25,74.0,51.1,Overcast
2026-06-24,98101,Seattle,Washington,2026-06-26,64.1,50.7,Patchy rain nearby
2026-06-24,33101,Miami,Florida,2026-06-24,95.4,76.8,Moderate rain
2026-06-24,33101,Miami,Florida,2026-06-25,88.1,83.8,Patchy rain nearby
2026-06-24,33101,Miami,Florida,2026-06-26,88.1,83.6,Patchy rain nearby
2026-06-24,77001,Houston,Texas,2026-06-24,97.3,79.0,Sunny
2026-06-24,77001,Houston,Texas,2026-06-25,92.9,75.9,Sunny
2026-06-24,77001,Houston,Texas,2026-06-26,94.1,77.6,Sunny
2026-06-24,85001,Phoenix,Arizona,2026-06-24,114.8,86.0,Dust haze
2026-06-24,85001,Phoenix,Arizona,2026-06-25,109.8,90.5,Patchy rain nearby
2026-06-24,85001,Phoenix,Arizona,2026-06-26,107.9,89.8,Dust haze
2026-06-24,19101,Philadelphia,Pennsylvania,2026-06-24,89.4,58.8,Sunny
2026-06-24,19101,Philadelphia,Pennsylvania,2026-06-25,87.2,64.6,Patchy rain nearby
2026-06-24,19101,Philadelphia,Pennsylvania,2026-06-26,74.8,66.4,Moderate rain
2026-06-24,78201,San Antonio,Texas,2026-06-24,94.3,75.9,Sunny
2026-06-24,78201,San Antonio,Texas,2026-06-25,94.5,72.8,Partly Cloudy
2026-06-24,78201,San Antonio,Texas,2026-06-26,95.8,73.5,Partly Cloudy
2026-06-24,92101,San Diego,California,2026-06-24,76.6,63.1,Partly Cloudy
2026-06-24,92101,San Diego,California,2026-06-25,74.3,67.1,Sunny
2026-06-24,92101,San Diego,California,2026-06-26,72.4,64.8,Sunny
2026-06-24,75201,Dallas,Texas,2026-06-24,99.5,77.5,Sunny
2026-06-24,75201,Dallas,Texas,2026-06-25,98.3,76.4,Sunny
2026-06-24,75201,Dallas,Texas,2026-06-26,99.2,77.0,Partly Cloudy
2026-06-24,95101,San Jose,California,2026-06-24,90.0,55.8,Sunny
2026-06-24,95101,San Jose,California,2026-06-25,85.2,52.5,Sunny
2026-06-24,95101,San Jose,California,2026-06-26,78.2,52.5,Sunny
2026-06-24,78701,Austin,Texas,2026-06-24,95.4,77.9,Sunny
2026-06-24,78701,Austin,Texas,2026-06-25,96.2,72.2,Partly Cloudy
2026-06-24,78701,Austin,Texas,2026-06-26,97.2,74.5,Partly Cloudy
2026-06-24,30301,Atlanta,Georgia,2026-06-24,93.4,62.8,Sunny
2026-06-24,30301,Atlanta,Georgia,2026-06-25,93.4,72.1,Sunny
2026-06-24,30301,Atlanta,Georgia,2026-06-26,91.6,72.5,Patchy rain nearby
2026-06-24,28201,Charlotte,North Carolina,2026-06-24,91.8,60.4,Sunny
2026-06-24,28201,Charlotte,North Carolina,2026-06-25,92.4,69.1,Sunny
2026-06-24,28201,Charlotte,North Carolina,2026-06-26,94.0,71.9,Patchy rain nearby
2026-06-24,80201,Denver,Colorado,2026-06-24,90.7,58.1,Patchy rain nearby
2026-06-24,80201,Denver,Colorado,2026-06-25,83.9,57.7,Moderate rain
2026-06-24,80201,Denver,Colorado,2026-06-26,92.0,61.1,Sunny
2026-06-24,37201,Nashville,Tennessee,2026-06-24,91.0,62.6,Sunny
2026-06-24,37201,Nashville,Tennessee,2026-06-25,86.6,65.3,Patchy rain nearby
2026-06-24,37201,Nashville,Tennessee,2026-06-26,91.4,71.0,Moderate rain
2026-06-24,97201,Portland,Oregon,2026-06-24,93.2,61.3,Sunny
2026-06-24,97201,Portland,Oregon,2026-06-25,79.0,54.0,Partly Cloudy
2026-06-24,97201,Portland,Oregon,2026-06-26,66.2,54.3,Moderate rain
2026-06-24,89101,Las Vegas,Nevada,2026-06-24,105.4,86.2,Patchy rain nearby
2026-06-24,89101,Las Vegas,Nevada,2026-06-25,103.1,77.3,Sunny
2026-06-24,89101,Las Vegas,Nevada,2026-06-26,98.6,70.0,Sunny
2026-06-24,02101,Boston,Massachusetts,2026-06-24,83.1,60.1,Sunny
2026-06-24,02101,Boston,Massachusetts,2026-06-25,80.6,59.2,Patchy rain nearby
2026-06-24,02101,Boston,Massachusetts,2026-06-26,72.6,60.6,Patchy rain nearby
2026-06-25,90045,Los Angeles,California,2026-06-25,70.9,61.3,Overcast
2026-06-25,90045,Los Angeles,California,2026-06-26,72.5,62.9,Sunny
2026-06-25,90045,Los Angeles,California,2026-06-27,70.8,63.9,Patchy rain nearby
2026-06-25,10001,New York,New York,2026-06-25,88.9,62.8,Patchy rain nearby
2026-06-25,10001,New York,New York,2026-06-26,72.2,66.5,Moderate rain
2026-06-25,10001,New York,New York,2026-06-27,78.4,67.3,Patchy rain nearby
2026-06-25,60601,Chicago,Illinois,2026-06-25,71.6,63.4,Sunny
2026-06-25,60601,Chicago,Illinois,2026-06-26,67.6,59.6,Sunny
2026-06-25,60601,Chicago,Illinois,2026-06-27,74.1,60.4,Patchy rain nearby
2026-06-25,98101,Seattle,Washington,2026-06-25,75.2,54.8,Patchy rain nearby
2026-06-25,98101,Seattle,Washington,2026-06-26,65.5,53.9,Patchy rain nearby
2026-06-25,98101,Seattle,Washington,2026-06-27,64.9,51.2,Patchy rain nearby
2026-06-25,33101,Miami,Florida,2026-06-25,92.5,75.6,Patchy rain nearby
2026-06-25,33101,Miami,Florida,2026-06-26,87.7,83.9,Moderate rain
2026-06-25,33101,Miami,Florida,2026-06-27,88.2,84.0,Patchy rain nearby
2026-06-25,77001,Houston,Texas,2026-06-25,94.3,76.3,Sunny
2026-06-25,77001,Houston,Texas,2026-06-26,93.5,77.2,Partly Cloudy
2026-06-25,77001,Houston,Texas,2026-06-27,93.5,78.3,Partly Cloudy
2026-06-25,85001,Phoenix,Arizona,2026-06-25,115.2,84.7,Dust haze
2026-06-25,85001,Phoenix,Arizona,2026-06-26,107.3,88.7,Dust haze
2026-06-25,85001,Phoenix,Arizona,2026-06-27,105.0,83.8,Dust haze
2026-06-25,19101,Philadelphia,Pennsylvania,2026-06-25,92.8,63.5,Sunny
2026-06-25,19101,Philadelphia,Pennsylvania,2026-06-26,77.8,66.6,Moderate rain
2026-06-25,19101,Philadelphia,Pennsylvania,2026-06-27,71.1,66.8,Patchy rain nearby
2026-06-25,78201,San Antonio,Texas,2026-06-25,94.7,74.5,Sunny
2026-06-25,78201,San Antonio,Texas,2026-06-26,96.2,73.7,Partly Cloudy
2026-06-25,78201,San Antonio,Texas,2026-06-27,95.7,73.9,Partly Cloudy
2026-06-25,92101,San Diego,California,2026-06-25,73.4,63.1,Overcast
2026-06-25,92101,San Diego,California,2026-06-26,73.0,64.7,Sunny
2026-06-25,92101,San Diego,California,2026-06-27,69.8,65.3,Patchy rain nearby
2026-06-25,75201,Dallas,Texas,2026-06-25,98.4,75.7,Sunny
2026-06-25,75201,Dallas,Texas,2026-06-26,99.7,76.2,Sunny
2026-06-25,75201,Dallas,Texas,2026-06-27,100.8,76.9,Sunny
2026-06-25,95101,San Jose,California,2026-06-25,83.0,54.7,Sunny
2026-06-25,95101,San Jose,California,2026-06-26,77.4,55.1,Partly Cloudy
2026-06-25,95101,San Jose,California,2026-06-27,70.2,51.9,Partly Cloudy
2026-06-25,78701,Austin,Texas,2026-06-25,96.7,74.5,Sunny
2026-06-25,78701,Austin,Texas,2026-06-26,99.5,75.0,Partly Cloudy
2026-06-25,78701,Austin,Texas,2026-06-27,98.8,74.5,Partly Cloudy
2026-06-25,30301,Atlanta,Georgia,2026-06-25,90.5,65.5,Sunny
2026-06-25,30301,Atlanta,Georgia,2026-06-26,92.4,72.4,Patchy rain nearby
2026-06-25,30301,Atlanta,Georgia,2026-06-27,96.7,73.6,Sunny
2026-06-25,28201,Charlotte,North Carolina,2026-06-25,95.0,60.1,Sunny
2026-06-25,28201,Charlotte,North Carolina,2026-06-26,92.1,71.4,Patchy rain nearby
2026-06-25,28201,Charlotte,North Carolina,2026-06-27,96.8,71.7,Patchy rain nearby
2026-06-25,80201,Denver,Colorado,2026-06-25,82.1,59.9,Patchy rain nearby
2026-06-25,80201,Denver,Colorado,2026-06-26,89.9,61.2,Patchy rain nearby
2026-06-25,80201,Denver,Colorado,2026-06-27,97.4,64.4,Sunny
2026-06-25,37201,Nashville,Tennessee,2026-06-25,93.6,66.7,Sunny
2026-06-25,37201,Nashville,Tennessee,2026-06-26,91.4,69.6,Moderate rain
2026-06-25,37201,Nashville,Tennessee,2026-06-27,89.2,74.3,Patchy rain nearby
2026-06-25,97201,Portland,Oregon,2026-06-25,78.3,55.7,Patchy rain nearby
2026-06-25,97201,Portland,Oregon,2026-06-26,59.8,52.0,Patchy rain nearby
2026-06-25,97201,Portland,Oregon,2026-06-27,62.6,50.4,Moderate rain
2026-06-25,89101,Las Vegas,Nevada,2026-06-25,113.4,78.3,Sunny
2026-06-25,89101,Las Vegas,Nevada,2026-06-26,97.7,71.5,Sunny
2026-06-25,89101,Las Vegas,Nevada,2026-06-27,94.2,69.8,Sunny
2026-06-25,02101,Boston,Massachusetts,2026-06-25,85.3,60.1,Patchy rain nearby
2026-06-25,02101,Boston,Massachusetts,2026-06-26,73.5,60.8,Moderate rain
2026-06-25,02101,Boston,Massachusetts,2026-06-27,69.1,57.9,Sunny
2026-06-26,90045,Los Angeles,California,2026-06-26,70.9,60.6,Cloudy
2026-06-26,90045,Los Angeles,California,2026-06-27,71.4,63.6,Partly Cloudy
2026-06-26,90045,Los Angeles,California,2026-06-28,69.5,61.9,Sunny
2026-06-26,10001,New York,New York,2026-06-26,95.4,68.9,Patchy rain nearby
2026-06-26,10001,New York,New York,2026-06-27,79.0,67.7,Patchy rain nearby
2026-06-26,10001,New York,New York,2026-06-28,83.2,68.8,Partly Cloudy
2026-06-26,60601,Chicago,Illinois,2026-06-26,71.8,61.6,Sunny
2026-06-26,60601,Chicago,Illinois,2026-06-27,73.3,61.1,Patchy rain nearby
2026-06-26,60601,Chicago,Illinois,2026-06-28,80.4,66.1,Patchy rain nearby
2026-06-26,98101,Seattle,Washington,2026-06-26,69.8,53.3,Patchy rain nearby
2026-06-26,98101,Seattle,Washington,2026-06-27,68.2,51.9,Patchy rain nearby
2026-06-26,98101,Seattle,Washington,2026-06-28,63.1,52.7,Patchy rain nearby
2026-06-26,33101,Miami,Florida,2026-06-26,90.5,78.8,Sunny
2026-06-26,33101,Miami,Florida,2026-06-27,88.0,84.0,Patchy rain nearby
2026-06-26,33101,Miami,Florida,2026-06-28,88.1,83.9,Patchy rain nearby
2026-06-26,77001,Houston,Texas,2026-06-26,93.6,78.1,Sunny
2026-06-26,77001,Houston,Texas,2026-06-27,93.9,78.3,Sunny
2026-06-26,77001,Houston,Texas,2026-06-28,94.8,78.6,Sunny
2026-06-26,85001,Phoenix,Arizona,2026-06-26,114.6,85.1,Dust haze
2026-06-26,85001,Phoenix,Arizona,2026-06-27,103.7,84.9,Dust haze
2026-06-26,85001,Phoenix,Arizona,2026-06-28,98.8,81.0,Dust haze
2026-06-26,19101,Philadelphia,Pennsylvania,2026-06-26,95.0,68.5,Patchy rain nearby
2026-06-26,19101,Philadelphia,Pennsylvania,2026-06-27,74.1,67.6,Moderate rain
2026-06-26,19101,Philadelphia,Pennsylvania,2026-06-28,83.9,68.5,Patchy rain nearby
2026-06-26,78201,San Antonio,Texas,2026-06-26,95.4,75.6,Partly Cloudy
2026-06-26,78201,San Antonio,Texas,2026-06-27,96.4,73.8,Partly Cloudy
2026-06-26,78201,San Antonio,Texas,2026-06-28,96.7,74.6,Partly Cloudy
2026-06-26,92101,San Diego,California,2026-06-26,74.1,62.2,Partly Cloudy
2026-06-26,92101,San Diego,California,2026-06-27,70.1,65.1,Patchy rain nearby
2026-06-26,92101,San Diego,California,2026-06-28,68.1,63.3,Patchy rain nearby
2026-06-26,75201,Dallas,Texas,2026-06-26,98.6,77.9,Sunny
2026-06-26,75201,Dallas,Texas,2026-06-27,99.2,75.5,Sunny
2026-06-26,75201,Dallas,Texas,2026-06-28,100.4,77.5,Sunny
2026-06-26,95101,San Jose,California,2026-06-26,77.9,53.4,Partly Cloudy
2026-06-26,95101,San Jose,California,2026-06-27,70.6,52.2,Patchy rain nearby
2026-06-26,95101,San Jose,California,2026-06-28,79.2,48.1,Sunny
2026-06-26,78701,Austin,Texas,2026-06-26,98.8,77.0,Partly Cloudy
2026-06-26,78701,Austin,Texas,2026-06-27,98.2,74.1,Partly Cloudy
2026-06-26,78701,Austin,Texas,2026-06-28,98.4,75.8,Partly Cloudy
2026-06-26,30301,Atlanta,Georgia,2026-06-26,92.1,69.6,Sunny
2026-06-26,30301,Atlanta,Georgia,2026-06-27,94.5,72.4,Patchy rain nearby
2026-06-26,30301,Atlanta,Georgia,2026-06-28,94.6,74.8,Patchy rain nearby
2026-06-26,28201,Charlotte,North Carolina,2026-06-26,94.3,66.2,Patchy rain nearby
2026-06-26,28201,Charlotte,North Carolina,2026-06-27,92.7,70.7,Moderate rain
2026-06-26,28201,Charlotte,North Carolina,2026-06-28,91.3,69.2,Patchy rain nearby
2026-06-26,80201,Denver,Colorado,2026-06-26,89.2,60.2,Patchy rain nearby
2026-06-26,80201,Denver,Colorado,2026-06-27,96.2,65.0,Sunny
2026-06-26,80201,Denver,Colorado,2026-06-28,96.7,66.9,Sunny
2026-06-26,37201,Nashville,Tennessee,2026-06-26,90.3,71.2,Patchy rain nearby
2026-06-26,37201,Nashville,Tennessee,2026-06-27,88.0,69.3,Moderate rain
2026-06-26,37201,Nashville,Tennessee,2026-06-28,94.3,71.8,Patchy rain nearby
2026-06-26,97201,Portland,Oregon,2026-06-26,62.1,52.5,Patchy rain nearby
2026-06-26,97201,Portland,Oregon,2026-06-27,62.8,50.5,Moderate rain
2026-06-26,97201,Portland,Oregon,2026-06-28,62.6,47.9,Patchy rain nearby
2026-06-26,89101,Las Vegas,Nevada,2026-06-26,108.3,75.4,Sunny
2026-06-26,89101,Las Vegas,Nevada,2026-06-27,92.8,72.0,Sunny
2026-06-26,89101,Las Vegas,Nevada,2026-06-28,86.8,66.7,Sunny
2026-06-26,02101,Boston,Massachusetts,2026-06-26,75.2,63.9,Patchy rain nearby
2026-06-26,02101,Boston,Massachusetts,2026-06-27,81.7,63.0,Patchy rain nearby
2026-06-26,02101,Boston,Massachusetts,2026-06-28,75.9,59.5,Sunny
2026-06-27,90045,Los Angeles,California,2026-06-27,71.0,61.2,Patchy rain nearby
2026-06-27,90045,Los Angeles,California,2026-06-28,69.2,61.7,Sunny
2026-06-27,90045,Los Angeles,California,2026-06-29,71.1,63.1,Sunny
2026-06-27,10001,New York,New York,2026-06-27,84.9,70.0,Patchy rain nearby
2026-06-27,10001,New York,New York,2026-06-28,86.9,69.6,Partly Cloudy
2026-06-27,10001,New York,New York,2026-06-29,88.1,71.1,Sunny
2026-06-27,60601,Chicago,Illinois,2026-06-27,70.9,60.8,Sunny
2026-06-27,60601,Chicago,Illinois,2026-06-28,80.0,63.8,Partly Cloudy
2026-06-27,60601,Chicago,Illinois,2026-06-29,88.4,72.4,Sunny
2026-06-27,98101,Seattle,Washington,2026-06-27,68.4,52.5,Partly Cloudy
2026-06-27,98101,Seattle,Washington,2026-06-28,66.6,52.4,Overcast
2026-06-27,98101,Seattle,Washington,2026-06-29,66.1,53.8,Overcast
2026-06-27,33101,Miami,Florida,2026-06-27,94.3,79.9,Patchy rain nearby
2026-06-27,33101,Miami,Florida,2026-06-28,88.1,83.1,Moderate rain
2026-06-27,33101,Miami,Florida,2026-06-29,87.9,83.7,Partly Cloudy
2026-06-27,77001,Houston,Texas,2026-06-27,94.5,77.2,Sunny
2026-06-27,77001,Houston,Texas,2026-06-28,95.0,78.9,Sunny
2026-06-27,77001,Houston,Texas,2026-06-29,96.2,78.6,Sunny
2026-06-27,85001,Phoenix,Arizona,2026-06-27,105.6,80.1,Dust haze
2026-06-27,85001,Phoenix,Arizona,2026-06-28,99.7,81.6,Dust haze
2026-06-27,85001,Phoenix,Arizona,2026-06-29,98.6,80.0,Dust haze
2026-06-27,19101,Philadelphia,Pennsylvania,2026-06-27,83.5,71.9,Patchy rain nearby
2026-06-27,19101,Philadelphia,Pennsylvania,2026-06-28,86.3,68.2,Partly Cloudy
2026-06-27,19101,Philadelphia,Pennsylvania,2026-06-29,91.1,69.4,Sunny
2026-06-27,78201,San Antonio,Texas,2026-06-27,95.6,75.6,Sunny
2026-06-27,78201,San Antonio,Texas,2026-06-28,96.3,74.5,Partly Cloudy
2026-06-27,78201,San Antonio,Texas,2026-06-29,97.7,74.5,Partly Cloudy
2026-06-27,92101,San Diego,California,2026-06-27,73.0,63.0,Overcast
2026-06-27,92101,San Diego,California,2026-06-28,67.9,62.9,Patchy rain nearby
2026-06-27,92101,San Diego,California,2026-06-29,68.9,63.9,Partly Cloudy
2026-06-27,75201,Dallas,Texas,2026-06-27,100.9,78.3,Sunny
2026-06-27,75201,Dallas,Texas,2026-06-28,100.3,77.7,Sunny
2026-06-27,75201,Dallas,Texas,2026-06-29,101.6,77.7,Sunny
2026-06-27,95101,San Jose,California,2026-06-27,71.2,51.9,Patchy rain nearby
2026-06-27,95101,San Jose,California,2026-06-28,77.4,47.5,Sunny
2026-06-27,95101,San Jose,California,2026-06-29,86.1,48.8,Sunny
2026-06-27,78701,Austin,Texas,2026-06-27,99.9,78.4,Sunny
2026-06-27,78701,Austin,Texas,2026-06-28,97.4,76.0,Partly Cloudy
2026-06-27,78701,Austin,Texas,2026-06-29,99.2,76.6,Partly Cloudy
2026-06-27,30301,Atlanta,Georgia,2026-06-27,92.5,73.8,Patchy rain nearby
2026-06-27,30301,Atlanta,Georgia,2026-06-28,92.5,74.0,Patchy rain nearby
2026-06-27,30301,Atlanta,Georgia,2026-06-29,93.9,72.9,Moderate rain
2026-06-27,28201,Charlotte,North Carolina,2026-06-27,93.6,69.3,Moderate rain
2026-06-27,28201,Charlotte,North Carolina,2026-06-28,91.0,69.9,Patchy rain nearby
2026-06-27,28201,Charlotte,North Carolina,2026-06-29,95.2,69.6,Sunny
2026-06-27,80201,Denver,Colorado,2026-06-27,94.8,67.1,Sunny
2026-06-27,80201,Denver,Colorado,2026-06-28,97.8,65.8,Sunny
2026-06-27,80201,Denver,Colorado,2026-06-29,95.1,65.8,Sunny
2026-06-27,37201,Nashville,Tennessee,2026-06-27,90.3,72.5,Heavy rain
2026-06-27,37201,Nashville,Tennessee,2026-06-28,94.1,70.6,Patchy rain nearby
2026-06-27,37201,Nashville,Tennessee,2026-06-29,95.2,73.0,Sunny
2026-06-27,97201,Portland,Oregon,2026-06-27,61.3,51.6,Patchy rain nearby
2026-06-27,97201,Portland,Oregon,2026-06-28,63.0,47.8,Patchy rain nearby
2026-06-27,97201,Portland,Oregon,2026-06-29,65.5,54.4,Patchy rain nearby
2026-06-27,89101,Las Vegas,Nevada,2026-06-27,103.6,75.9,Sunny
2026-06-27,89101,Las Vegas,Nevada,2026-06-28,88.1,67.4,Sunny
2026-06-27,89101,Las Vegas,Nevada,2026-06-29,89.9,63.9,Sunny
2026-06-27,02101,Boston,Massachusetts,2026-06-27,70.7,61.3,Partly Cloudy
2026-06-27,02101,Boston,Massachusetts,2026-06-28,76.6,59.6,Patchy rain nearby
2026-06-27,02101,Boston,Massachusetts,2026-06-29,77.5,61.0,Partly Cloudy
2026-06-28,90045,Los Angeles,California,2026-06-28,73.0,59.4,Sunny
2026-06-28,90045,Los Angeles,California,2026-06-29,69.7,63.1,Sunny
2026-06-28,90045,Los Angeles,California,2026-06-30,69.9,62.7,Sunny
2026-06-28,10001,New York,New York,2026-06-28,84.0,65.7,Sunny
2026-06-28,10001,New York,New York,2026-06-29,86.1,70.9,Partly Cloudy
2026-06-28,10001,New York,New York,2026-06-30,86.5,71.0,Sunny
2026-06-28,60601,Chicago,Illinois,2026-06-28,81.6,66.4,Sunny
2026-06-28,60601,Chicago,Illinois,2026-06-29,89.2,72.9,Sunny
2026-06-28,60601,Chicago,Illinois,2026-06-30,91.4,75.3,Sunny
2026-06-28,98101,Seattle,Washington,2026-06-28,68.4,52.9,Sunny
2026-06-28,98101,Seattle,Washington,2026-06-29,65.6,49.8,Overcast
2026-06-28,98101,Seattle,Washington,2026-06-30,66.2,54.2,Overcast
2026-06-28,33101,Miami,Florida,2026-06-28,90.3,79.3,Sunny
2026-06-28,33101,Miami,Florida,2026-06-29,88.5,83.7,Partly Cloudy
2026-06-28,33101,Miami,Florida,2026-06-30,87.7,83.7,Patchy rain nearby
2026-06-28,77001,Houston,Texas,2026-06-28,95.5,79.2,Sunny
2026-06-28,77001,Houston,Texas,2026-06-29,96.9,79.9,Partly Cloudy
2026-06-28,77001,Houston,Texas,2026-06-30,97.0,78.6,Sunny
2026-06-28,85001,Phoenix,Arizona,2026-06-28,101.8,77.2,Dust haze
2026-06-28,85001,Phoenix,Arizona,2026-06-29,100.9,80.5,Dust haze
2026-06-28,85001,Phoenix,Arizona,2026-06-30,97.8,77.4,Dust haze
2026-06-28,19101,Philadelphia,Pennsylvania,2026-06-28,81.1,67.3,Partly Cloudy
2026-06-28,19101,Philadelphia,Pennsylvania,2026-06-29,89.4,68.7,Partly Cloudy
2026-06-28,19101,Philadelphia,Pennsylvania,2026-06-30,91.8,68.8,Sunny
2026-06-28,78201,San Antonio,Texas,2026-06-28,96.1,76.8,Sunny
2026-06-28,78201,San Antonio,Texas,2026-06-29,97.2,75.0,Sunny
2026-06-28,78201,San Antonio,Texas,2026-06-30,97.1,73.8,Sunny
2026-06-28,92101,San Diego,California,2026-06-28,68.5,62.6,Patchy rain nearby
2026-06-28,92101,San Diego,California,2026-06-29,68.8,64.0,Patchy rain nearby
2026-06-28,92101,San Diego,California,2026-06-30,68.6,63.5,Sunny
2026-06-28,75201,Dallas,Texas,2026-06-28,101.7,78.6,Sunny
2026-06-28,75201,Dallas,Texas,2026-06-29,102.3,77.8,Sunny
2026-06-28,75201,Dallas,Texas,2026-06-30,101.2,79.2,Sunny
2026-06-28,95101,San Jose,California,2026-06-28,84.0,51.1,Sunny
2026-06-28,95101,San Jose,California,2026-06-29,79.6,49.7,Sunny
2026-06-28,95101,San Jose,California,2026-06-30,80.6,52.1,Sunny
2026-06-28,78701,Austin,Texas,2026-06-28,100.4,79.5,Sunny
2026-06-28,78701,Austin,Texas,2026-06-29,99.3,75.8,Sunny
2026-06-28,78701,Austin,Texas,2026-06-30,98.6,74.6,Sunny
2026-06-28,30301,Atlanta,Georgia,2026-06-28,99.3,72.9,Sunny
2026-06-28,30301,Atlanta,Georgia,2026-06-29,95.1,72.8,Patchy rain nearby
2026-06-28,30301,Atlanta,Georgia,2026-06-30,98.0,77.6,Sunny
2026-06-28,28201,Charlotte,North Carolina,2026-06-28,92.1,66.6,Sunny
2026-06-28,28201,Charlotte,North Carolina,2026-06-29,98.7,71.6,Sunny
2026-06-28,28201,Charlotte,North Carolina,2026-06-30,97.7,74.7,Sunny
2026-06-28,80201,Denver,Colorado,2026-06-28,97.0,66.6,Sunny
2026-06-28,80201,Denver,Colorado,2026-06-29,89.5,61.9,Sunny
2026-06-28,80201,Denver,Colorado,2026-06-30,94.3,59.8,Sunny
2026-06-28,37201,Nashville,Tennessee,2026-06-28,97.7,75.7,Sunny
2026-06-28,37201,Nashville,Tennessee,2026-06-29,95.2,73.3,Sunny
2026-06-28,37201,Nashville,Tennessee,2026-06-30,96.7,74.8,Sunny
2026-06-28,97201,Portland,Oregon,2026-06-28,64.8,54.3,Patchy rain nearby
2026-06-28,97201,Portland,Oregon,2026-06-29,62.4,51.8,Patchy rain nearby
2026-06-28,97201,Portland,Oregon,2026-06-30,63.4,54.0,Patchy rain nearby
2026-06-28,89101,Las Vegas,Nevada,2026-06-28,100.8,71.6,Sunny
2026-06-28,89101,Las Vegas,Nevada,2026-06-29,95.0,66.7,Sunny
2026-06-28,89101,Las Vegas,Nevada,2026-06-30,91.0,63.2,Sunny
2026-06-28,02101,Boston,Massachusetts,2026-06-28,75.4,60.4,Mist
2026-06-28,02101,Boston,Massachusetts,2026-06-29,77.0,61.1,Sunny
2026-06-28,02101,Boston,Massachusetts,2026-06-30,88.7,62.8,Sunny
2026-06-29,90045,Los Angeles,California,2026-06-29,70.3,59.5,Sunny
2026-06-29,90045,Los Angeles,California,2026-06-30,69.3,61.9,Sunny
2026-06-29,90045,Los Angeles,California,2026-07-01,69.4,62.8,Sunny
2026-06-29,10001,New York,New York,2026-06-29,94.6,65.1,Sunny
2026-06-29,10001,New York,New York,2026-06-30,87.0,71.3,Sunny
2026-06-29,10001,New York,New York,2026-07-01,100.6,73.7,Sunny
2026-06-29,60601,Chicago,Illinois,2026-06-29,90.3,70.0,Sunny
2026-06-29,60601,Chicago,Illinois,2026-06-30,90.9,75.3,Sunny
2026-06-29,60601,Chicago,Illinois,2026-07-01,91.5,75.7,Sunny
2026-06-29,98101,Seattle,Washington,2026-06-29,68.5,52.5,Overcast
2026-06-29,98101,Seattle,Washington,2026-06-30,67.7,54.4,Partly Cloudy
2026-06-29,98101,Seattle,Washington,2026-07-01,68.4,52.5,Partly Cloudy
2026-06-29,33101,Miami,Florida,2026-06-29,95.7,79.0,Sunny
2026-06-29,33101,Miami,Florida,2026-06-30,88.3,83.7,Patchy rain nearby
2026-06-29,33101,Miami,Florida,2026-07-01,88.1,83.8,Sunny
2026-06-29,77001,Houston,Texas,2026-06-29,98.1,79.7,Sunny
2026-06-29,77001,Houston,Texas,2026-06-30,96.1,77.9,Sunny
2026-06-29,77001,Houston,Texas,2026-07-01,96.7,78.6,Sunny
2026-06-29,85001,Phoenix,Arizona,2026-06-29,106.7,74.1,Dust haze
2026-06-29,85001,Phoenix,Arizona,2026-06-30,99.3,78.1,Dust haze
2026-06-29,85001,Phoenix,Arizona,2026-07-01,99.7,77.3,Sunny
2026-06-29,19101,Philadelphia,Pennsylvania,2026-06-29,95.9,65.5,Sunny
2026-06-29,19101,Philadelphia,Pennsylvania,2026-06-30,93.2,68.6,Sunny
2026-06-29,19101,Philadelphia,Pennsylvania,2026-07-01,101.6,73.0,Sunny
2026-06-29,78201,San Antonio,Texas,2026-06-29,96.6,75.7,Sunny
2026-06-29,78201,San Antonio,Texas,2026-06-30,97.0,73.9,Sunny
2026-06-29,78201,San Antonio,Texas,2026-07-01,98.2,73.4,Partly Cloudy
2026-06-29,92101,San Diego,California,2026-06-29,72.0,58.3,Partly Cloudy
2026-06-29,92101,San Diego,California,2026-06-30,68.8,64.6,Sunny
2026-06-29,92101,San Diego,California,2026-07-01,69.5,63.4,Sunny
2026-06-29,75201,Dallas,Texas,2026-06-29,102.7,79.9,Sunny
2026-06-29,75201,Dallas,Texas,2026-06-30,100.9,78.6,Sunny
2026-06-29,75201,Dallas,Texas,2026-07-01,101.6,79.3,Sunny
2026-06-29,95101,San Jose,California,2026-06-29,88.2,53.6,Sunny
2026-06-29,95101,San Jose,California,2026-06-30,83.0,52.2,Sunny
2026-06-29,95101,San Jose,California,2026-07-01,81.3,51.3,Sunny
2026-06-29,78701,Austin,Texas,2026-06-29,102.0,78.3,Sunny
2026-06-29,78701,Austin,Texas,2026-06-30,100.4,74.5,Partly Cloudy
2026-06-29,78701,Austin,Texas,2026-07-01,101.4,74.2,Sunny
2026-06-29,30301,Atlanta,Georgia,2026-06-29,100.6,73.4,Sunny
2026-06-29,30301,Atlanta,Georgia,2026-06-30,101.4,78.3,Sunny
2026-06-29,30301,Atlanta,Georgia,2026-07-01,98.4,75.1,Sunny
2026-06-29,28201,Charlotte,North Carolina,2026-06-29,98.3,69.3,Sunny
2026-06-29,28201,Charlotte,North Carolina,2026-06-30,99.6,72.5,Sunny
2026-06-29,28201,Charlotte,North Carolina,2026-07-01,99.8,72.7,Sunny
2026-06-29,80201,Denver,Colorado,2026-06-29,90.8,68.3,Sunny
2026-06-29,80201,Denver,Colorado,2026-06-30,95.3,61.5,Sunny
2026-06-29,80201,Denver,Colorado,2026-07-01,93.0,60.9,Sunny
2026-06-29,37201,Nashville,Tennessee,2026-06-29,102.4,74.8,Sunny
2026-06-29,37201,Nashville,Tennessee,2026-06-30,97.6,73.1,Sunny
2026-06-29,37201,Nashville,Tennessee,2026-07-01,96.6,72.8,Sunny
2026-06-29,97201,Portland,Oregon,2026-06-29,64.9,52.0,Overcast
2026-06-29,97201,Portland,Oregon,2026-06-30,70.7,53.3,Patchy rain nearby
2026-06-29,97201,Portland,Oregon,2026-07-01,67.4,51.7,Cloudy
2026-06-29,89101,Las Vegas,Nevada,2026-06-29,97.2,67.3,Sunny
2026-06-29,89101,Las Vegas,Nevada,2026-06-30,92.7,63.9,Sunny
2026-06-29,89101,Las Vegas,Nevada,2026-07-01,96.8,65.6,Sunny
2026-06-29,02101,Boston,Massachusetts,2026-06-29,76.8,62.8,Sunny
2026-06-29,02101,Boston,Massachusetts,2026-06-30,90.3,62.6,Sunny
2026-06-29,02101,Boston,Massachusetts,2026-07-01,80.0,66.7,Patchy rain nearby
2026-06-30,90045,Los Angeles,California,2026-06-30,68.2,61.0,Sunny
2026-06-30,90045,Los Angeles,California,2026-07-01,68.6,62.3,Sunny
2026-06-30,90045,Los Angeles,California,2026-07-02,70.9,62.2,Sunny
2026-06-30,10001,New York,New York,2026-06-30,98.6,68.5,Sunny
2026-06-30,10001,New York,New York,2026-07-01,100.8,74.9,Sunny
2026-06-30,10001,New York,New York,2026-07-02,103.7,81.6,Sunny
2026-06-30,60601,Chicago,Illinois,2026-06-30,89.1,70.7,Sunny
2026-06-30,60601,Chicago,Illinois,2026-07-01,91.8,75.6,Sunny
2026-06-30,60601,Chicago,Illinois,2026-07-02,91.6,77.6,Sunny
2026-06-30,98101,Seattle,Washington,2026-06-30,68.6,53.4,Partly Cloudy
2026-06-30,98101,Seattle,Washington,2026-07-01,66.1,51.8,Overcast
2026-06-30,98101,Seattle,Washington,2026-07-02,73.3,50.5,Partly Cloudy
2026-06-30,33101,Miami,Florida,2026-06-30,95.7,78.3,Sunny
2026-06-30,33101,Miami,Florida,2026-07-01,87.5,75.8,Patchy rain nearby
2026-06-30,33101,Miami,Florida,2026-07-02,88.0,80.4,Sunny
2026-06-30,77001,Houston,Texas,2026-06-30,98.6,77.9,Sunny
2026-06-30,77001,Houston,Texas,2026-07-01,97.7,79.1,Sunny
2026-06-30,77001,Houston,Texas,2026-07-02,98.0,78.9,Sunny
2026-06-30,85001,Phoenix,Arizona,2026-06-30,106.0,73.0,Dust haze
2026-06-30,85001,Phoenix,Arizona,2026-07-01,101.6,78.5,Sunny
2026-06-30,85001,Phoenix,Arizona,2026-07-02,101.7,79.4,Sunny
2026-06-30,19101,Philadelphia,Pennsylvania,2026-06-30,94.1,66.9,Sunny
2026-06-30,19101,Philadelphia,Pennsylvania,2026-07-01,99.5,72.0,Sunny
2026-06-30,19101,Philadelphia,Pennsylvania,2026-07-02,103.9,79.0,Sunny
2026-06-30,78201,San Antonio,Texas,2026-06-30,96.3,77.2,Sunny
2026-06-30,78201,San Antonio,Texas,2026-07-01,98.4,73.2,Sunny
2026-06-30,78201,San Antonio,Texas,2026-07-02,98.3,73.0,Sunny
2026-06-30,92101,San Diego,California,2026-06-30,72.0,62.1,Sunny
2026-06-30,92101,San Diego,California,2026-07-01,71.5,63.2,Sunny
2026-06-30,92101,San Diego,California,2026-07-02,71.3,63.4,Sunny
2026-06-30,75201,Dallas,Texas,2026-06-30,100.3,77.4,Sunny
2026-06-30,75201,Dallas,Texas,2026-07-01,101.2,79.5,Sunny
2026-06-30,75201,Dallas,Texas,2026-07-02,99.7,81.6,Sunny
2026-06-30,95101,San Jose,California,2026-06-30,89.2,54.8,Sunny
2026-06-30,95101,San Jose,California,2026-07-01,82.8,53.4,Sunny
2026-06-30,95101,San Jose,California,2026-07-02,84.7,49.8,Sunny
2026-06-30,78701,Austin,Texas,2026-06-30,96.4,78.6,Sunny
2026-06-30,78701,Austin,Texas,2026-07-01,99.7,74.2,Sunny
2026-06-30,78701,Austin,Texas,2026-07-02,100.4,73.5,Sunny
2026-06-30,30301,Atlanta,Georgia,2026-06-30,97.9,74.7,Sunny
2026-06-30,30301,Atlanta,Georgia,2026-07-01,99.8,73.8,Sunny
2026-06-30,30301,Atlanta,Georgia,2026-07-02,99.7,76.1,Sunny
2026-06-30,28201,Charlotte,North Carolina,2026-06-30,98.4,72.3,Sunny
2026-06-30,28201,Charlotte,North Carolina,2026-07-01,99.9,71.1,Sunny
2026-06-30,28201,Charlotte,North Carolina,2026-07-02,100.6,73.8,Sunny
2026-06-30,80201,Denver,Colorado,2026-06-30,92.9,60.2,Sunny
2026-06-30,80201,Denver,Colorado,2026-07-01,93.4,61.2,Sunny
2026-06-30,80201,Denver,Colorado,2026-07-02,92.9,61.4,Sunny
2026-06-30,37201,Nashville,Tennessee,2026-06-30,104.0,76.5,Sunny
2026-06-30,37201,Nashville,Tennessee,2026-07-01,99.0,71.1,Sunny
2026-06-30,37201,Nashville,Tennessee,2026-07-02,93.8,69.9,Sunny
2026-06-30,97201,Portland,Oregon,2026-06-30,72.2,52.7,Overcast
2026-06-30,97201,Portland,Oregon,2026-07-01,67.0,49.6,Overcast
2026-06-30,97201,Portland,Oregon,2026-07-02,74.9,48.7,Partly Cloudy
2026-06-30,89101,Las Vegas,Nevada,2026-06-30,100.0,66.4,Sunny
2026-06-30,89101,Las Vegas,Nevada,2026-07-01,95.8,69.8,Sunny
2026-06-30,89101,Las Vegas,Nevada,2026-07-02,98.4,71.9,Sunny
2026-06-30,02101,Boston,Massachusetts,2026-06-30,92.8,59.9,Sunny
2026-06-30,02101,Boston,Massachusetts,2026-07-01,98.6,71.2,Sunny
2026-06-30,02101,Boston,Massachusetts,2026-07-02,101.3,78.3,Sunny
2026-07-01,90045,Los Angeles,California,2026-07-01,68.8,59.2,Sunny
2026-07-01,90045,Los Angeles,California,2026-07-02,71.8,62.8,Sunny
2026-07-01,90045,Los Angeles,California,2026-07-03,75.1,64.5,Sunny
2026-07-01,10001,New York,New York,2026-07-01,101.8,73.9,Sunny
2026-07-01,10001,New York,New York,2026-07-02,100.1,76.5,Sunny
2026-07-01,10001,New York,New York,2026-07-03,102.4,80.5,Sunny
2026-07-01,60601,Chicago,Illinois,2026-07-01,89.6,70.0,Sunny
2026-07-01,60601,Chicago,Illinois,2026-07-02,91.6,76.9,Sunny
2026-07-01,60601,Chicago,Illinois,2026-07-03,88.5,75.9,Sunny
2026-07-01,98101,Seattle,Washington,2026-07-01,64.9,48.7,Overcast
2026-07-01,98101,Seattle,Washington,2026-07-02,72.1,47.4,Partly Cloudy
2026-07-01,98101,Seattle,Washington,2026-07-03,72.5,54.4,Patchy rain nearby
2026-07-01,33101,Miami,Florida,2026-07-01,88.9,77.5,Sunny
2026-07-01,33101,Miami,Florida,2026-07-02,88.2,83.3,Patchy rain nearby
2026-07-01,33101,Miami,Florida,2026-07-03,88.6,84.3,Sunny
2026-07-01,77001,Houston,Texas,2026-07-01,97.5,78.4,Sunny
2026-07-01,77001,Houston,Texas,2026-07-02,94.3,79.7,Sunny
2026-07-01,77001,Houston,Texas,2026-07-03,96.3,79.1,Sunny
2026-07-01,85001,Phoenix,Arizona,2026-07-01,106.3,71.8,Sunny
2026-07-01,85001,Phoenix,Arizona,2026-07-02,102.4,79.5,Sunny
2026-07-01,85001,Phoenix,Arizona,2026-07-03,104.0,82.0,Sunny
2026-07-01,19101,Philadelphia,Pennsylvania,2026-07-01,104.0,72.0,Sunny
2026-07-01,19101,Philadelphia,Pennsylvania,2026-07-02,103.3,75.7,Sunny
2026-07-01,19101,Philadelphia,Pennsylvania,2026-07-03,105.2,79.6,Sunny
2026-07-01,78201,San Antonio,Texas,2026-07-01,98.0,76.3,Sunny
2026-07-01,78201,San Antonio,Texas,2026-07-02,98.1,72.5,Partly Cloudy
2026-07-01,78201,San Antonio,Texas,2026-07-03,98.0,73.9,Sunny
2026-07-01,92101,San Diego,California,2026-07-01,74.1,62.2,Sunny
2026-07-01,92101,San Diego,California,2026-07-02,72.5,63.7,Sunny
2026-07-01,92101,San Diego,California,2026-07-03,73.6,64.6,Sunny
2026-07-01,75201,Dallas,Texas,2026-07-01,101.3,78.4,Sunny
2026-07-01,75201,Dallas,Texas,2026-07-02,98.1,80.7,Sunny
2026-07-01,75201,Dallas,Texas,2026-07-03,97.8,80.3,Sunny
2026-07-01,95101,San Jose,California,2026-07-01,86.5,53.1,Sunny
2026-07-01,95101,San Jose,California,2026-07-02,84.0,50.8,Sunny
2026-07-01,95101,San Jose,California,2026-07-03,87.5,51.9,Sunny
2026-07-01,78701,Austin,Texas,2026-07-01,98.8,78.8,Sunny
2026-07-01,78701,Austin,Texas,2026-07-02,98.7,73.9,Sunny
2026-07-01,78701,Austin,Texas,2026-07-03,99.7,74.9,Sunny
2026-07-01,30301,Atlanta,Georgia,2026-07-01,100.4,71.4,Sunny
2026-07-01,30301,Atlanta,Georgia,2026-07-02,98.1,74.5,Sunny
2026-07-01,30301,Atlanta,Georgia,2026-07-03,100.8,77.3,Sunny
2026-07-01,28201,Charlotte,North Carolina,2026-07-01,104.4,72.0,Sunny
2026-07-01,28201,Charlotte,North Carolina,2026-07-02,98.7,70.3,Sunny
2026-07-01,28201,Charlotte,North Carolina,2026-07-03,98.6,73.4,Sunny
2026-07-01,80201,Denver,Colorado,2026-07-01,92.7,60.8,Sunny
2026-07-01,80201,Denver,Colorado,2026-07-02,93.1,63.2,Sunny
2026-07-01,80201,Denver,Colorado,2026-07-03,95.0,64.3,Sunny
2026-07-01,37201,Nashville,Tennessee,2026-07-01,105.3,75.4,Sunny
2026-07-01,37201,Nashville,Tennessee,2026-07-02,97.5,71.8,Sunny
2026-07-01,37201,Nashville,Tennessee,2026-07-03,95.8,72.6,Sunny
2026-07-01,97201,Portland,Oregon,2026-07-01,65.3,49.8,Overcast
2026-07-01,97201,Portland,Oregon,2026-07-02,76.2,48.9,Partly Cloudy
2026-07-01,97201,Portland,Oregon,2026-07-03,75.6,59.2,Overcast
2026-07-01,89101,Las Vegas,Nevada,2026-07-01,103.6,68.0,Sunny
2026-07-01,89101,Las Vegas,Nevada,2026-07-02,98.2,71.5,Sunny
2026-07-01,89101,Las Vegas,Nevada,2026-07-03,99.5,71.6,Sunny
2026-07-01,02101,Boston,Massachusetts,2026-07-01,96.4,68.0,Sunny
2026-07-01,02101,Boston,Massachusetts,2026-07-02,100.9,70.1,Sunny
2026-07-01,02101,Boston,Massachusetts,2026-07-03,101.9,78.5,Sunny
2026-07-02,90045,Los Angeles,California,2026-07-02,71.2,58.6,Sunny
2026-07-02,90045,Los Angeles,California,2026-07-03,75.3,64.3,Sunny
2026-07-02,90045,Los Angeles,California,2026-07-04,74.2,64.5,Sunny
2026-07-02,10001,New York,New York,2026-07-02,106.5,80.1,Sunny
2026-07-02,10001,New York,New York,2026-07-03,104.3,82.3,Sunny
2026-07-02,10001,New York,New York,2026-07-04,100.1,81.1,Sunny
2026-07-02,60601,Chicago,Illinois,2026-07-02,89.9,60.6,Sunny
2026-07-02,60601,Chicago,Illinois,2026-07-03,87.4,74.4,Sunny
2026-07-02,60601,Chicago,Illinois,2026-07-04,84.3,69.5,Patchy rain nearby
2026-07-02,98101,Seattle,Washington,2026-07-02,73.2,51.4,Partly Cloudy
2026-07-02,98101,Seattle,Washington,2026-07-03,73.9,51.0,Partly Cloudy
2026-07-02,98101,Seattle,Washington,2026-07-04,72.4,52.3,Sunny
2026-07-02,33101,Miami,Florida,2026-07-02,90.9,75.9,Patchy rain nearby
2026-07-02,33101,Miami,Florida,2026-07-03,88.1,82.0,Patchy rain nearby
2026-07-02,33101,Miami,Florida,2026-07-04,88.5,81.1,Patchy rain nearby
2026-07-02,77001,Houston,Texas,2026-07-02,95.4,78.3,Sunny
2026-07-02,77001,Houston,Texas,2026-07-03,98.6,79.3,Sunny
2026-07-02,77001,Houston,Texas,2026-07-04,98.7,78.9,Sunny
2026-07-02,85001,Phoenix,Arizona,2026-07-02,107.4,70.7,Sunny
2026-07-02,85001,Phoenix,Arizona,2026-07-03,102.9,82.1,Sunny
2026-07-02,85001,Phoenix,Arizona,2026-07-04,103.6,83.7,Sunny
2026-07-02,19101,Philadelphia,Pennsylvania,2026-07-02,108.0,78.1,Sunny
2026-07-02,19101,Philadelphia,Pennsylvania,2026-07-03,102.9,80.8,Sunny
2026-07-02,19101,Philadelphia,Pennsylvania,2026-07-04,100.6,76.2,Sunny
2026-07-02,78201,San Antonio,Texas,2026-07-02,97.8,74.7,Sunny
2026-07-02,78201,San Antonio,Texas,2026-07-03,97.3,74.3,Sunny
2026-07-02,78201,San Antonio,Texas,2026-07-04,98.9,75.3,Sunny
2026-07-02,92101,San Diego,California,2026-07-02,74.8,62.6,Sunny
2026-07-02,92101,San Diego,California,2026-07-03,73.4,64.5,Sunny
2026-07-02,92101,San Diego,California,2026-07-04,74.1,65.3,Sunny
2026-07-02,75201,Dallas,Texas,2026-07-02,101.3,77.5,Sunny
2026-07-02,75201,Dallas,Texas,2026-07-03,99.4,79.7,Partly Cloudy
2026-07-02,75201,Dallas,Texas,2026-07-04,102.0,81.5,Sunny
2026-07-02,95101,San Jose,California,2026-07-02,85.3,53.2,Sunny
2026-07-02,95101,San Jose,California,2026-07-03,86.3,51.3,Sunny
2026-07-02,95101,San Jose,California,2026-07-04,89.7,52.4,Sunny
2026-07-02,78701,Austin,Texas,2026-07-02,101.7,76.3,Sunny
2026-07-02,78701,Austin,Texas,2026-07-03,100.8,74.4,Sunny
2026-07-02,78701,Austin,Texas,2026-07-04,100.4,76.0,Sunny
2026-07-02,30301,Atlanta,Georgia,2026-07-02,105.3,72.5,Sunny
2026-07-02,30301,Atlanta,Georgia,2026-07-03,100.5,77.4,Sunny
2026-07-02,30301,Atlanta,Georgia,2026-07-04,100.3,77.0,Sunny
2026-07-02,28201,Charlotte,North Carolina,2026-07-02,106.5,73.0,Sunny
2026-07-02,28201,Charlotte,North Carolina,2026-07-03,101.0,74.8,Sunny
2026-07-02,28201,Charlotte,North Carolina,2026-07-04,100.1,75.4,Sunny
2026-07-02,80201,Denver,Colorado,2026-07-02,93.6,59.3,Sunny
2026-07-02,80201,Denver,Colorado,2026-07-03,94.3,63.9,Sunny
2026-07-02,80201,Denver,Colorado,2026-07-04,94.3,65.3,Sunny
2026-07-02,37201,Nashville,Tennessee,2026-07-02,106.3,72.9,Sunny
2026-07-02,37201,Nashville,Tennessee,2026-07-03,96.7,73.4,Sunny
2026-07-02,37201,Nashville,Tennessee,2026-07-04,97.6,73.5,Sunny
2026-07-02,97201,Portland,Oregon,2026-07-02,76.0,50.5,Sunny
2026-07-02,97201,Portland,Oregon,2026-07-03,79.1,53.8,Partly Cloudy
2026-07-02,97201,Portland,Oregon,2026-07-04,81.4,56.7,Sunny
2026-07-02,89101,Las Vegas,Nevada,2026-07-02,105.1,70.0,Sunny
2026-07-02,89101,Las Vegas,Nevada,2026-07-03,99.3,70.0,Sunny
2026-07-02,89101,Las Vegas,Nevada,2026-07-04,101.0,70.7,Sunny
2026-07-02,02101,Boston,Massachusetts,2026-07-02,104.9,75.9,Sunny
2026-07-02,02101,Boston,Massachusetts,2026-07-03,99.1,76.5,Sunny
2026-07-02,02101,Boston,Massachusetts,2026-07-04,97.2,70.5,Sunny
2026-07-03,90045,Los Angeles,California,2026-07-03,71.8,58.8,Sunny
2026-07-03,90045,Los Angeles,California,2026-07-04,73.5,63.9,Sunny
2026-07-03,90045,Los Angeles,California,2026-07-05,73.5,64.2,Sunny
2026-07-03,10001,New York,New York,2026-07-03,107.4,80.2,Sunny
2026-07-03,10001,New York,New York,2026-07-04,100.4,75.7,Sunny
2026-07-03,10001,New York,New York,2026-07-05,88.7,75.0,Sunny
2026-07-03,60601,Chicago,Illinois,2026-07-03,84.6,60.1,Overcast
2026-07-03,60601,Chicago,Illinois,2026-07-04,88.2,73.6,Sunny
2026-07-03,60601,Chicago,Illinois,2026-07-05,81.3,70.6,Sunny
2026-07-03,98101,Seattle,Washington,2026-07-03,74.2,56.6,Partly Cloudy
2026-07-03,98101,Seattle,Washington,2026-07-04,75.4,50.0,Sunny
2026-07-03,98101,Seattle,Washington,2026-07-05,74.2,48.6,Sunny
2026-07-03,33101,Miami,Florida,2026-07-03,92.7,77.2,Sunny
2026-07-03,33101,Miami,Florida,2026-07-04,88.6,83.6,Sunny
2026-07-03,33101,Miami,Florida,2026-07-05,88.2,83.1,Patchy rain nearby
2026-07-03,77001,Houston,Texas,2026-07-03,97.3,78.6,Sunny
2026-07-03,77001,Houston,Texas,2026-07-04,97.7,78.8,Sunny
2026-07-03,77001,Houston,Texas,2026-07-05,98.1,78.4,Sunny
2026-07-03,85001,Phoenix,Arizona,2026-07-03,111.7,72.5,Sunny
2026-07-03,85001,Phoenix,Arizona,2026-07-04,103.3,86.0,Partly Cloudy
2026-07-03,85001,Phoenix,Arizona,2026-07-05,103.9,90.4,Sunny
2026-07-03,19101,Philadelphia,Pennsylvania,2026-07-03,108.0,80.2,Sunny
2026-07-03,19101,Philadelphia,Pennsylvania,2026-07-04,100.1,75.6,Sunny
2026-07-03,19101,Philadelphia,Pennsylvania,2026-07-05,95.4,72.8,Partly Cloudy
2026-07-03,78201,San Antonio,Texas,2026-07-03,100.2,76.1,Sunny
2026-07-03,78201,San Antonio,Texas,2026-07-04,98.9,74.2,Sunny
2026-07-03,78201,San Antonio,Texas,2026-07-05,98.4,75.1,Sunny
2026-07-03,92101,San Diego,California,2026-07-03,75.2,60.6,Partly Cloudy
2026-07-03,92101,San Diego,California,2026-07-04,73.7,65.2,Sunny
2026-07-03,92101,San Diego,California,2026-07-05,72.3,65.3,Sunny
2026-07-03,75201,Dallas,Texas,2026-07-03,102.2,78.3,Sunny
2026-07-03,75201,Dallas,Texas,2026-07-04,102.1,80.7,Sunny
2026-07-03,75201,Dallas,Texas,2026-07-05,100.6,81.3,Sunny
2026-07-03,95101,San Jose,California,2026-07-03,88.4,53.2,Sunny
2026-07-03,95101,San Jose,California,2026-07-04,89.4,52.3,Sunny
2026-07-03,95101,San Jose,California,2026-07-05,88.0,50.9,Sunny
2026-07-03,78701,Austin,Texas,2026-07-03,102.8,76.6,Sunny
2026-07-03,78701,Austin,Texas,2026-07-04,102.5,75.3,Sunny
2026-07-03,78701,Austin,Texas,2026-07-05,102.5,74.7,Sunny
2026-07-03,30301,Atlanta,Georgia,2026-07-03,104.2,76.5,Sunny
2026-07-03,30301,Atlanta,Georgia,2026-07-04,100.2,79.2,Sunny
2026-07-03,30301,Atlanta,Georgia,2026-07-05,98.3,76.6,Sunny
2026-07-03,28201,Charlotte,North Carolina,2026-07-03,106.5,73.8,Sunny
2026-07-03,28201,Charlotte,North Carolina,2026-07-04,101.9,75.3,Sunny
2026-07-03,28201,Charlotte,North Carolina,2026-07-05,103.0,76.2,Sunny
2026-07-03,80201,Denver,Colorado,2026-07-03,93.0,63.7,Sunny
2026-07-03,80201,Denver,Colorado,2026-07-04,92.6,63.9,Sunny
2026-07-03,80201,Denver,Colorado,2026-07-05,94.3,64.8,Sunny
2026-07-03,37201,Nashville,Tennessee,2026-07-03,105.8,74.3,Sunny
2026-07-03,37201,Nashville,Tennessee,2026-07-04,96.6,73.7,Sunny
2026-07-03,37201,Nashville,Tennessee,2026-07-05,95.0,73.3,Sunny
2026-07-03,97201,Portland,Oregon,2026-07-03,81.0,57.0,Sunny
2026-07-03,97201,Portland,Oregon,2026-07-04,82.4,53.1,Sunny
2026-07-03,97201,Portland,Oregon,2026-07-05,81.2,49.9,Sunny
2026-07-03,89101,Las Vegas,Nevada,2026-07-03,107.4,69.4,Sunny
2026-07-03,89101,Las Vegas,Nevada,2026-07-04,102.8,68.9,Sunny
2026-07-03,89101,Las Vegas,Nevada,2026-07-05,104.1,73.2,Sunny
2026-07-03,02101,Boston,Massachusetts,2026-07-03,103.6,79.2,Sunny
2026-07-03,02101,Boston,Massachusetts,2026-07-04,95.8,71.3,Sunny
2026-07-03,02101,Boston,Massachusetts,2026-07-05,81.9,66.8,Sunny
2026-07-04,90045,Los Angeles,California,2026-07-04,74.9,56.1,Sunny
2026-07-04,90045,Los Angeles,California,2026-07-05,73.8,65.6,Sunny
2026-07-04,90045,Los Angeles,California,2026-07-06,75.5,65.9,Sunny
2026-07-04,10001,New York,New York,2026-07-04,97.9,74.1,Sunny
2026-07-04,10001,New York,New York,2026-07-05,84.3,72.4,Patchy rain nearby
2026-07-04,10001,New York,New York,2026-07-06,82.0,72.0,Partly Cloudy
2026-07-04,60601,Chicago,Illinois,2026-07-04,87.5,67.5,Sunny
2026-07-04,60601,Chicago,Illinois,2026-07-05,82.3,72.6,Sunny
2026-07-04,60601,Chicago,Illinois,2026-07-06,74.9,68.0,Sunny
2026-07-04,98101,Seattle,Washington,2026-07-04,75.5,53.6,Sunny
2026-07-04,98101,Seattle,Washington,2026-07-05,74.4,50.7,Sunny
2026-07-04,98101,Seattle,Washington,2026-07-06,81.1,49.1,Sunny
2026-07-04,33101,Miami,Florida,2026-07-04,92.7,75.2,Sunny
2026-07-04,33101,Miami,Florida,2026-07-05,88.2,83.4,Patchy rain nearby
2026-07-04,33101,Miami,Florida,2026-07-06,88.4,84.1,Patchy rain nearby
2026-07-04,77001,Houston,Texas,2026-07-04,97.0,79.2,Sunny
2026-07-04,77001,Houston,Texas,2026-07-05,97.7,78.8,Sunny
2026-07-04,77001,Houston,Texas,2026-07-06,97.3,78.8,Sunny
2026-07-04,85001,Phoenix,Arizona,2026-07-04,106.7,79.2,Sunny
2026-07-04,85001,Phoenix,Arizona,2026-07-05,107.9,88.7,Partly Cloudy
2026-07-04,85001,Phoenix,Arizona,2026-07-06,109.9,88.5,Sunny
2026-07-04,19101,Philadelphia,Pennsylvania,2026-07-04,108.1,73.8,Sunny
2026-07-04,19101,Philadelphia,Pennsylvania,2026-07-05,86.4,70.6,Partly Cloudy
2026-07-04,19101,Philadelphia,Pennsylvania,2026-07-06,80.7,68.7,Partly Cloudy
2026-07-04,78201,San Antonio,Texas,2026-07-04,101.8,76.6,Sunny
2026-07-04,78201,San Antonio,Texas,2026-07-05,97.8,73.9,Sunny
2026-07-04,78201,San Antonio,Texas,2026-07-06,99.8,74.0,Sunny
2026-07-04,92101,San Diego,California,2026-07-04,77.9,61.0,Sunny
2026-07-04,92101,San Diego,California,2026-07-05,73.2,66.5,Sunny
2026-07-04,92101,San Diego,California,2026-07-06,74.8,66.8,Sunny
2026-07-04,75201,Dallas,Texas,2026-07-04,105.3,80.2,Sunny
2026-07-04,75201,Dallas,Texas,2026-07-05,103.9,81.7,Sunny
2026-07-04,75201,Dallas,Texas,2026-07-06,104.8,83.3,Sunny
2026-07-04,95101,San Jose,California,2026-07-04,90.6,55.8,Sunny
2026-07-04,95101,San Jose,California,2026-07-05,88.0,53.2,Sunny
2026-07-04,95101,San Jose,California,2026-07-06,83.1,51.1,Sunny
2026-07-04,78701,Austin,Texas,2026-07-04,103.6,78.3,Sunny
2026-07-04,78701,Austin,Texas,2026-07-05,100.3,75.8,Sunny
2026-07-04,78701,Austin,Texas,2026-07-06,101.8,76.1,Sunny
2026-07-04,30301,Atlanta,Georgia,2026-07-04,100.9,68.0,Sunny
2026-07-04,30301,Atlanta,Georgia,2026-07-05,96.7,75.4,Patchy rain nearby
2026-07-04,30301,Atlanta,Georgia,2026-07-06,92.8,73.0,Sunny
2026-07-04,28201,Charlotte,North Carolina,2026-07-04,106.2,74.8,Sunny
2026-07-04,28201,Charlotte,North Carolina,2026-07-05,102.7,75.3,Sunny
2026-07-04,28201,Charlotte,North Carolina,2026-07-06,98.1,72.6,Sunny
2026-07-04,80201,Denver,Colorado,2026-07-04,92.6,61.9,Sunny
2026-07-04,80201,Denver,Colorado,2026-07-05,93.0,64.1,Sunny
2026-07-04,80201,Denver,Colorado,2026-07-06,94.1,62.0,Sunny
2026-07-04,37201,Nashville,Tennessee,2026-07-04,94.3,68.5,Sunny
2026-07-04,37201,Nashville,Tennessee,2026-07-05,94.3,71.5,Sunny
2026-07-04,37201,Nashville,Tennessee,2026-07-06,88.1,73.0,Patchy rain nearby
2026-07-04,97201,Portland,Oregon,2026-07-04,82.9,55.8,Sunny
2026-07-04,97201,Portland,Oregon,2026-07-05,81.6,49.8,Sunny
2026-07-04,97201,Portland,Oregon,2026-07-06,87.7,52.3,Sunny
2026-07-04,89101,Las Vegas,Nevada,2026-07-04,109.4,70.0,Sunny
2026-07-04,89101,Las Vegas,Nevada,2026-07-05,103.7,75.9,Sunny
2026-07-04,89101,Las Vegas,Nevada,2026-07-06,104.5,77.1,Sunny
2026-07-04,02101,Boston,Massachusetts,2026-07-04,99.1,70.0,Sunny
2026-07-04,02101,Boston,Massachusetts,2026-07-05,82.5,65.2,Sunny
2026-07-04,02101,Boston,Massachusetts,2026-07-06,82.3,63.1,Sunny
2026-07-05,90045,Los Angeles,California,2026-07-05,73.7,62.1,Sunny
2026-07-05,90045,Los Angeles,California,2026-07-06,76.2,66.8,Sunny
2026-07-05,90045,Los Angeles,California,2026-07-07,77.9,68.0,Sunny
2026-07-05,10001,New York,New York,2026-07-05,91.2,72.9,Sunny
2026-07-05,10001,New York,New York,2026-07-06,74.5,70.4,Light rain shower
2026-07-05,10001,New York,New York,2026-07-07,74.8,65.4,Overcast
2026-07-05,60601,Chicago,Illinois,2026-07-05,72.6,66.6,Sunny
2026-07-05,60601,Chicago,Illinois,2026-07-06,73.9,66.2,Sunny
2026-07-05,60601,Chicago,Illinois,2026-07-07,79.8,65.4,Sunny
2026-07-05,98101,Seattle,Washington,2026-07-05,75.7,51.4,Sunny
2026-07-05,98101,Seattle,Washington,2026-07-06,80.7,49.4,Sunny
2026-07-05,98101,Seattle,Washington,2026-07-07,82.6,50.5,Sunny
2026-07-05,33101,Miami,Florida,2026-07-05,92.8,78.1,Sunny
2026-07-05,33101,Miami,Florida,2026-07-06,88.5,79.9,Patchy rain nearby
2026-07-05,33101,Miami,Florida,2026-07-07,88.9,81.5,Partly Cloudy
2026-07-05,77001,Houston,Texas,2026-07-05,100.0,79.2,Sunny
2026-07-05,77001,Houston,Texas,2026-07-06,98.1,79.8,Sunny
2026-07-05,77001,Houston,Texas,2026-07-07,97.2,77.7,Sunny
2026-07-05,85001,Phoenix,Arizona,2026-07-05,113.4,81.9,Sunny
2026-07-05,85001,Phoenix,Arizona,2026-07-06,109.8,89.8,Sunny
2026-07-05,85001,Phoenix,Arizona,2026-07-07,111.5,91.3,Dust haze
2026-07-05,19101,Philadelphia,Pennsylvania,2026-07-05,97.7,73.2,Sunny
2026-07-05,19101,Philadelphia,Pennsylvania,2026-07-06,82.9,71.5,Light rain shower
2026-07-05,19101,Philadelphia,Pennsylvania,2026-07-07,80.3,69.2,Light rain shower
2026-07-05,78201,San Antonio,Texas,2026-07-05,102.6,76.5,Sunny
2026-07-05,78201,San Antonio,Texas,2026-07-06,99.1,75.1,Sunny
2026-07-05,78201,San Antonio,Texas,2026-07-07,96.9,75.4,Sunny
2026-07-05,92101,San Diego,California,2026-07-05,76.1,62.2,Sunny
2026-07-05,92101,San Diego,California,2026-07-06,76.0,67.3,Sunny
2026-07-05,92101,San Diego,California,2026-07-07,76.1,68.1,Sunny
2026-07-05,75201,Dallas,Texas,2026-07-05,105.6,80.1,Sunny
2026-07-05,75201,Dallas,Texas,2026-07-06,100.7,77.8,Partly Cloudy
2026-07-05,75201,Dallas,Texas,2026-07-07,101.9,76.4,Sunny
2026-07-05,95101,San Jose,California,2026-07-05,82.7,54.7,Sunny
2026-07-05,95101,San Jose,California,2026-07-06,84.6,51.7,Sunny
2026-07-05,95101,San Jose,California,2026-07-07,84.5,51.5,Sunny
2026-07-05,78701,Austin,Texas,2026-07-05,104.0,77.7,Sunny
2026-07-05,78701,Austin,Texas,2026-07-06,101.3,77.0,Sunny
2026-07-05,78701,Austin,Texas,2026-07-07,95.5,77.1,Sunny
2026-07-05,30301,Atlanta,Georgia,2026-07-05,98.2,73.8,Sunny
2026-07-05,30301,Atlanta,Georgia,2026-07-06,93.8,71.9,Patchy rain nearby
2026-07-05,30301,Atlanta,Georgia,2026-07-07,95.4,73.7,Sunny
2026-07-05,28201,Charlotte,North Carolina,2026-07-05,102.9,75.0,Sunny
2026-07-05,28201,Charlotte,North Carolina,2026-07-06,96.0,71.2,Patchy rain nearby
2026-07-05,28201,Charlotte,North Carolina,2026-07-07,94.2,71.2,Partly Cloudy
2026-07-05,80201,Denver,Colorado,2026-07-05,94.8,61.9,Sunny
2026-07-05,80201,Denver,Colorado,2026-07-06,97.5,64.7,Sunny
2026-07-05,80201,Denver,Colorado,2026-07-07,96.2,68.8,Sunny
2026-07-05,37201,Nashville,Tennessee,2026-07-05,96.1,74.1,Sunny
2026-07-05,37201,Nashville,Tennessee,2026-07-06,88.1,72.0,Sunny
2026-07-05,37201,Nashville,Tennessee,2026-07-07,86.0,68.6,Partly Cloudy
2026-07-05,97201,Portland,Oregon,2026-07-05,83.1,53.4,Sunny
2026-07-05,97201,Portland,Oregon,2026-07-06,87.2,53.3,Sunny
2026-07-05,97201,Portland,Oregon,2026-07-07,85.4,56.1,Sunny
2026-07-05,89101,Las Vegas,Nevada,2026-07-05,109.8,77.2,Sunny
2026-07-05,89101,Las Vegas,Nevada,2026-07-06,103.6,76.4,Sunny
2026-07-05,89101,Las Vegas,Nevada,2026-07-07,107.1,77.8,Sunny
2026-07-05,02101,Boston,Massachusetts,2026-07-05,82.9,68.1,Sunny
2026-07-05,02101,Boston,Massachusetts,2026-07-06,68.0,60.4,Light rain
2026-07-05,02101,Boston,Massachusetts,2026-07-07,64.0,58.6,Patchy rain nearby
2026-07-06,90045,Los Angeles,California,2026-07-06,75.3,59.4,Sunny
2026-07-06,90045,Los Angeles,California,2026-07-07,76.5,67.1,Sunny
2026-07-06,90045,Los Angeles,California,2026-07-08,79.1,68.5,Sunny
2026-07-06,10001,New York,New York,2026-07-06,72.5,66.8,Patchy rain nearby
2026-07-06,10001,New York,New York,2026-07-07,72.0,64.6,Patchy rain nearby
2026-07-06,10001,New York,New York,2026-07-08,77.5,64.9,Overcast
2026-07-06,60601,Chicago,Illinois,2026-07-06,73.4,68.0,Sunny
2026-07-06,60601,Chicago,Illinois,2026-07-07,77.9,66.9,Sunny
2026-07-06,60601,Chicago,Illinois,2026-07-08,84.0,69.0,Sunny
2026-07-06,98101,Seattle,Washington,2026-07-06,85.3,54.5,Sunny
2026-07-06,98101,Seattle,Washington,2026-07-07,79.8,49.9,Sunny
2026-07-06,98101,Seattle,Washington,2026-07-08,67.6,52.0,Patchy rain nearby
2026-07-06,33101,Miami,Florida,2026-07-06,93.7,78.4,Sunny
2026-07-06,33101,Miami,Florida,2026-07-07,89.1,82.2,Sunny
2026-07-06,33101,Miami,Florida,2026-07-08,89.3,84.3,Sunny
2026-07-06,77001,Houston,Texas,2026-07-06,97.2,78.6,Sunny
2026-07-06,77001,Houston,Texas,2026-07-07,99.1,80.1,Sunny
2026-07-06,77001,Houston,Texas,2026-07-08,99.1,79.2,Sunny
2026-07-06,85001,Phoenix,Arizona,2026-07-06,115.2,82.4,Sunny
2026-07-06,85001,Phoenix,Arizona,2026-07-07,110.9,92.2,Sunny
2026-07-06,85001,Phoenix,Arizona,2026-07-08,110.7,90.1,Dust haze
2026-07-06,19101,Philadelphia,Pennsylvania,2026-07-06,85.3,68.5,Light rain shower
2026-07-06,19101,Philadelphia,Pennsylvania,2026-07-07,75.4,66.5,Overcast
2026-07-06,19101,Philadelphia,Pennsylvania,2026-07-08,77.3,67.7,Overcast
2026-07-06,78201,San Antonio,Texas,2026-07-06,103.1,76.8,Sunny
2026-07-06,78201,San Antonio,Texas,2026-07-07,98.5,76.1,Sunny
2026-07-06,78201,San Antonio,Texas,2026-07-08,99.2,75.6,Sunny
2026-07-06,92101,San Diego,California,2026-07-06,81.0,61.9,Sunny
2026-07-06,92101,San Diego,California,2026-07-07,75.3,67.1,Sunny
2026-07-06,92101,San Diego,California,2026-07-08,76.5,67.5,Sunny
2026-07-06,75201,Dallas,Texas,2026-07-06,104.9,75.7,Sunny
2026-07-06,75201,Dallas,Texas,2026-07-07,103.9,79.0,Sunny
2026-07-06,75201,Dallas,Texas,2026-07-08,104.2,81.0,Sunny
2026-07-06,95101,San Jose,California,2026-07-06,84.0,54.2,Sunny
2026-07-06,95101,San Jose,California,2026-07-07,82.1,51.6,Sunny
2026-07-06,95101,San Jose,California,2026-07-08,88.2,49.1,Sunny
2026-07-06,78701,Austin,Texas,2026-07-06,104.2,75.9,Sunny
2026-07-06,78701,Austin,Texas,2026-07-07,102.4,74.5,Sunny
2026-07-06,78701,Austin,Texas,2026-07-08,100.3,76.0,Sunny
2026-07-06,30301,Atlanta,Georgia,2026-07-06,89.8,70.5,Sunny
2026-07-06,30301,Atlanta,Georgia,2026-07-07,94.4,74.0,Patchy rain nearby
2026-07-06,30301,Atlanta,Georgia,2026-07-08,94.5,73.2,Sunny
2026-07-06,28201,Charlotte,North Carolina,2026-07-06,96.3,70.7,Sunny
2026-07-06,28201,Charlotte,North Carolina,2026-07-07,95.7,72.2,Partly Cloudy
2026-07-06,28201,Charlotte,North Carolina,2026-07-08,94.4,71.7,Partly Cloudy
2026-07-06,80201,Denver,Colorado,2026-07-06,97.9,67.2,Sunny
2026-07-06,80201,Denver,Colorado,2026-07-07,95.8,69.3,Sunny
2026-07-06,80201,Denver,Colorado,2026-07-08,94.3,64.1,Sunny
2026-07-06,37201,Nashville,Tennessee,2026-07-06,91.0,69.8,Partly Cloudy
2026-07-06,37201,Nashville,Tennessee,2026-07-07,85.6,68.5,Mist
2026-07-06,37201,Nashville,Tennessee,2026-07-08,88.8,67.8,Partly Cloudy
2026-07-06,97201,Portland,Oregon,2026-07-06,92.1,57.4,Sunny
2026-07-06,97201,Portland,Oregon,2026-07-07,84.7,54.1,Sunny
2026-07-06,97201,Portland,Oregon,2026-07-08,74.2,59.3,Overcast
2026-07-06,89101,Las Vegas,Nevada,2026-07-06,111.7,77.2,Sunny
2026-07-06,89101,Las Vegas,Nevada,2026-07-07,107.3,77.7,Sunny
2026-07-06,89101,Las Vegas,Nevada,2026-07-08,108.5,79.1,Sunny
2026-07-06,02101,Boston,Massachusetts,2026-07-06,80.1,61.8,Sunny
2026-07-06,02101,Boston,Massachusetts,2026-07-07,63.4,60.9,Patchy rain nearby
2026-07-06,02101,Boston,Massachusetts,2026-07-08,69.3,59.6,Sunny
2026-07-07,90045,Los Angeles,California,2026-07-07,77.4,59.5,Sunny
2026-07-07,90045,Los Angeles,California,2026-07-08,78.4,68.7,Sunny
2026-07-07,90045,Los Angeles,California,2026-07-09,79.4,69.5,Sunny
2026-07-07,10001,New York,New York,2026-07-07,69.1,64.6,Overcast
2026-07-07,10001,New York,New York,2026-07-08,83.9,66.4,Sunny
2026-07-07,10001,New York,New York,2026-07-09,86.6,70.5,Patchy rain nearby
2026-07-07,60601,Chicago,Illinois,2026-07-07,76.9,66.9,Sunny
2026-07-07,60601,Chicago,Illinois,2026-07-08,83.4,68.7,Sunny
2026-07-07,60601,Chicago,Illinois,2026-07-09,83.9,71.3,Sunny
2026-07-07,98101,Seattle,Washington,2026-07-07,79.5,55.9,Sunny
2026-07-07,98101,Seattle,Washington,2026-07-08,70.5,53.1,Patchy rain nearby
2026-07-07,98101,Seattle,Washington,2026-07-09,73.4,48.0,Sunny
2026-07-07,33101,Miami,Florida,2026-07-07,93.7,77.2,Sunny
2026-07-07,33101,Miami,Florida,2026-07-08,88.9,85.2,Patchy rain nearby
2026-07-07,33101,Miami,Florida,2026-07-09,89.5,85.4,Patchy rain nearby
2026-07-07,77001,Houston,Texas,2026-07-07,98.4,78.4,Sunny
2026-07-07,77001,Houston,Texas,2026-07-08,99.8,79.4,Sunny
2026-07-07,77001,Houston,Texas,2026-07-09,98.7,79.9,Sunny
2026-07-07,85001,Phoenix,Arizona,2026-07-07,118.0,84.6,Sunny
2026-07-07,85001,Phoenix,Arizona,2026-07-08,111.3,91.7,Dust haze
2026-07-07,85001,Phoenix,Arizona,2026-07-09,110.5,92.3,Dust haze
2026-07-07,19101,Philadelphia,Pennsylvania,2026-07-07,75.6,68.0,Mist
2026-07-07,19101,Philadelphia,Pennsylvania,2026-07-08,86.0,66.8,Overcast
2026-07-07,19101,Philadelphia,Pennsylvania,2026-07-09,86.7,70.0,Overcast
2026-07-07,78201,San Antonio,Texas,2026-07-07,100.6,76.6,Sunny
2026-07-07,78201,San Antonio,Texas,2026-07-08,99.6,75.5,Sunny
2026-07-07,78201,San Antonio,Texas,2026-07-09,99.3,75.1,Sunny
2026-07-07,92101,San Diego,California,2026-07-07,82.9,61.0,Sunny
2026-07-07,92101,San Diego,California,2026-07-08,76.7,67.6,Sunny
2026-07-07,92101,San Diego,California,2026-07-09,76.5,68.6,Sunny
2026-07-07,75201,Dallas,Texas,2026-07-07,105.1,79.3,Sunny
2026-07-07,75201,Dallas,Texas,2026-07-08,104.8,77.9,Sunny
2026-07-07,75201,Dallas,Texas,2026-07-09,104.9,81.6,Sunny
2026-07-07,95101,San Jose,California,2026-07-07,80.8,52.7,Sunny
2026-07-07,95101,San Jose,California,2026-07-08,86.0,49.6,Sunny
2026-07-07,95101,San Jose,California,2026-07-09,89.9,52.5,Sunny
2026-07-07,78701,Austin,Texas,2026-07-07,103.1,77.2,Sunny
2026-07-07,78701,Austin,Texas,2026-07-08,102.8,76.4,Sunny
2026-07-07,78701,Austin,Texas,2026-07-09,102.6,76.7,Sunny
2026-07-07,30301,Atlanta,Georgia,2026-07-07,93.6,70.9,Sunny
2026-07-07,30301,Atlanta,Georgia,2026-07-08,97.5,78.1,Sunny
2026-07-07,30301,Atlanta,Georgia,2026-07-09,97.0,77.0,Sunny
2026-07-07,28201,Charlotte,North Carolina,2026-07-07,96.8,73.2,Sunny
2026-07-07,28201,Charlotte,North Carolina,2026-07-08,99.7,76.3,Sunny
2026-07-07,28201,Charlotte,North Carolina,2026-07-09,100.5,76.4,Sunny
2026-07-07,80201,Denver,Colorado,2026-07-07,95.4,68.8,Sunny
2026-07-07,80201,Denver,Colorado,2026-07-08,94.9,67.0,Sunny
2026-07-07,80201,Denver,Colorado,2026-07-09,94.2,64.9,Sunny
2026-07-07,37201,Nashville,Tennessee,2026-07-07,91.6,72.5,Sunny
2026-07-07,37201,Nashville,Tennessee,2026-07-08,89.0,70.6,Patchy rain nearby
2026-07-07,37201,Nashville,Tennessee,2026-07-09,92.7,70.3,Sunny
2026-07-07,97201,Portland,Oregon,2026-07-07,86.2,57.6,Sunny
2026-07-07,97201,Portland,Oregon,2026-07-08,77.0,56.7,Sunny
2026-07-07,97201,Portland,Oregon,2026-07-09,80.7,50.2,Sunny
2026-07-07,89101,Las Vegas,Nevada,2026-07-07,114.6,78.1,Sunny
2026-07-07,89101,Las Vegas,Nevada,2026-07-08,108.7,77.2,Sunny
2026-07-07,89101,Las Vegas,Nevada,2026-07-09,109.5,75.1,Sunny
2026-07-07,02101,Boston,Massachusetts,2026-07-07,66.4,63.6,Patchy rain nearby
2026-07-07,02101,Boston,Massachusetts,2026-07-08,74.8,61.1,Sunny
2026-07-07,02101,Boston,Massachusetts,2026-07-09,90.0,65.3,Sunny
2026-07-08,90045,Los Angeles,California,2026-07-08,78.1,57.7,Sunny
2026-07-08,90045,Los Angeles,California,2026-07-09,78.1,69.1,Sunny
2026-07-08,90045,Los Angeles,California,2026-07-10,78.3,68.1,Sunny
2026-07-08,10001,New York,New York,2026-07-08,84.4,61.7,Sunny
2026-07-08,10001,New York,New York,2026-07-09,86.1,71.2,Sunny
2026-07-08,10001,New York,New York,2026-07-10,91.9,70.7,Sunny
2026-07-08,60601,Chicago,Illinois,2026-07-08,83.6,69.1,Sunny
2026-07-08,60601,Chicago,Illinois,2026-07-09,82.1,70.9,Sunny
2026-07-08,60601,Chicago,Illinois,2026-07-10,76.7,68.6,Sunny
2026-07-08,98101,Seattle,Washington,2026-07-08,69.0,54.9,Partly Cloudy
2026-07-08,98101,Seattle,Washington,2026-07-09,76.2,51.2,Partly Cloudy
2026-07-08,98101,Seattle,Washington,2026-07-10,71.3,52.0,Overcast
2026-07-08,33101,Miami,Florida,2026-07-08,91.2,79.7,Sunny
2026-07-08,33101,Miami,Florida,2026-07-09,88.1,83.8,Partly Cloudy
2026-07-08,33101,Miami,Florida,2026-07-10,89.0,84.9,Patchy rain nearby
2026-07-08,77001,Houston,Texas,2026-07-08,99.5,75.9,Sunny
2026-07-08,77001,Houston,Texas,2026-07-09,99.0,79.2,Sunny
2026-07-08,77001,Houston,Texas,2026-07-10,93.4,79.9,Partly Cloudy
2026-07-08,85001,Phoenix,Arizona,2026-07-08,109.9,84.9,Dust haze
2026-07-08,85001,Phoenix,Arizona,2026-07-09,110.4,90.8,Dust haze
2026-07-08,85001,Phoenix,Arizona,2026-07-10,108.9,89.2,Dust haze
2026-07-08,19101,Philadelphia,Pennsylvania,2026-07-08,85.7,64.8,Sunny
2026-07-08,19101,Philadelphia,Pennsylvania,2026-07-09,88.4,70.3,Patchy rain nearby
2026-07-08,19101,Philadelphia,Pennsylvania,2026-07-10,91.8,69.8,Sunny
2026-07-08,78201,San Antonio,Texas,2026-07-08,98.5,74.7,Sunny
2026-07-08,78201,San Antonio,Texas,2026-07-09,98.5,74.3,Sunny
2026-07-08,78201,San Antonio,Texas,2026-07-10,88.8,74.0,Patchy rain nearby
2026-07-08,92101,San Diego,California,2026-07-08,76.2,62.6,Sunny
2026-07-08,92101,San Diego,California,2026-07-09,75.2,67.7,Sunny
2026-07-08,92101,San Diego,California,2026-07-10,75.8,67.6,Sunny
2026-07-08,75201,Dallas,Texas,2026-07-08,102.0,77.0,Sunny
2026-07-08,75201,Dallas,Texas,2026-07-09,102.9,80.8,Sunny
2026-07-08,75201,Dallas,Texas,2026-07-10,98.7,79.1,Sunny
2026-07-08,95101,San Jose,California,2026-07-08,85.1,54.0,Sunny
2026-07-08,95101,San Jose,California,2026-07-09,89.0,51.2,Sunny
2026-07-08,95101,San Jose,California,2026-07-10,92.3,53.1,Sunny
2026-07-08,78701,Austin,Texas,2026-07-08,101.0,78.3,Sunny
2026-07-08,78701,Austin,Texas,2026-07-09,100.9,76.1,Sunny
2026-07-08,78701,Austin,Texas,2026-07-10,92.3,74.7,Sunny
2026-07-08,30301,Atlanta,Georgia,2026-07-08,97.1,73.6,Sunny
2026-07-08,30301,Atlanta,Georgia,2026-07-09,93.2,76.9,Sunny
2026-07-08,30301,Atlanta,Georgia,2026-07-10,97.3,75.1,Sunny
2026-07-08,28201,Charlotte,North Carolina,2026-07-08,99.7,75.0,Sunny
2026-07-08,28201,Charlotte,North Carolina,2026-07-09,98.8,75.7,Sunny
2026-07-08,28201,Charlotte,North Carolina,2026-07-10,99.7,74.4,Sunny
2026-07-08,80201,Denver,Colorado,2026-07-08,93.3,66.4,Sunny
2026-07-08,80201,Denver,Colorado,2026-07-09,91.1,63.7,Sunny
2026-07-08,80201,Denver,Colorado,2026-07-10,93.3,63.8,Sunny
2026-07-08,37201,Nashville,Tennessee,2026-07-08,88.2,72.3,Sunny
2026-07-08,37201,Nashville,Tennessee,2026-07-09,94.1,68.9,Sunny
2026-07-08,37201,Nashville,Tennessee,2026-07-10,94.6,72.8,Sunny
2026-07-08,97201,Portland,Oregon,2026-07-08,78.3,57.2,Sunny
2026-07-08,97201,Portland,Oregon,2026-07-09,81.0,50.2,Sunny
2026-07-08,97201,Portland,Oregon,2026-07-10,80.7,55.8,Partly Cloudy
2026-07-08,89101,Las Vegas,Nevada,2026-07-08,107.4,75.9,Sunny
2026-07-08,89101,Las Vegas,Nevada,2026-07-09,108.0,77.8,Sunny
2026-07-08,89101,Las Vegas,Nevada,2026-07-10,107.4,74.1,Sunny
2026-07-08,02101,Boston,Massachusetts,2026-07-08,77.5,62.2,Sunny
2026-07-08,02101,Boston,Massachusetts,2026-07-09,88.0,64.6,Sunny
2026-07-08,02101,Boston,Massachusetts,2026-07-10,84.1,68.1,Cloudy
2026-07-09,90045,Los Angeles,California,2026-07-09,78.1,59.2,Sunny
2026-07-09,90045,Los Angeles,California,2026-07-10,78.1,67.9,Sunny
2026-07-09,90045,Los Angeles,California,2026-07-11,77.4,68.4,Sunny
2026-07-09,10001,New York,New York,2026-07-09,90.0,69.3,Sunny
2026-07-09,10001,New York,New York,2026-07-10,92.1,72.2,Sunny
2026-07-09,10001,New York,New York,2026-07-11,87.5,70.8,Sunny
2026-07-09,60601,Chicago,Illinois,2026-07-09,83.2,69.8,Sunny
2026-07-09,60601,Chicago,Illinois,2026-07-10,78.0,69.1,Sunny
2026-07-09,60601,Chicago,Illinois,2026-07-11,80.3,69.5,Sunny
2026-07-09,98101,Seattle,Washington,2026-07-09,76.3,52.7,Sunny
2026-07-09,98101,Seattle,Washington,2026-07-10,70.5,52.8,Overcast
2026-07-09,98101,Seattle,Washington,2026-07-11,74.1,52.1,Sunny
2026-07-09,33101,Miami,Florida,2026-07-09,93.4,79.3,Sunny
2026-07-09,33101,Miami,Florida,2026-07-10,88.5,85.2,Patchy rain nearby
2026-07-09,33101,Miami,Florida,2026-07-11,88.6,84.3,Patchy rain nearby
2026-07-09,77001,Houston,Texas,2026-07-09,97.5,77.5,Sunny
2026-07-09,77001,Houston,Texas,2026-07-10,95.6,79.4,Sunny
2026-07-09,77001,Houston,Texas,2026-07-11,91.4,80.4,Partly Cloudy
2026-07-09,85001,Phoenix,Arizona,2026-07-09,115.2,85.5,Dust haze
2026-07-09,85001,Phoenix,Arizona,2026-07-10,108.9,89.0,Dust haze
2026-07-09,85001,Phoenix,Arizona,2026-07-11,106.6,88.7,Dust haze
2026-07-09,19101,Philadelphia,Pennsylvania,2026-07-09,85.4,70.7,Sunny
2026-07-09,19101,Philadelphia,Pennsylvania,2026-07-10,91.4,71.1,Mist
2026-07-09,19101,Philadelphia,Pennsylvania,2026-07-11,87.8,68.4,Sunny
2026-07-09,78201,San Antonio,Texas,2026-07-09,98.0,73.4,Sunny
2026-07-09,78201,San Antonio,Texas,2026-07-10,90.9,73.9,Cloudy
2026-07-09,78201,San Antonio,Texas,2026-07-11,92.3,74.6,Light rain shower
2026-07-09,92101,San Diego,California,2026-07-09,75.7,61.5,Sunny
2026-07-09,92101,San Diego,California,2026-07-10,75.7,67.5,Sunny
2026-07-09,92101,San Diego,California,2026-07-11,75.2,67.4,Sunny
2026-07-09,75201,Dallas,Texas,2026-07-09,103.6,80.4,Sunny
2026-07-09,75201,Dallas,Texas,2026-07-10,101.1,79.7,Sunny
2026-07-09,75201,Dallas,Texas,2026-07-11,98.7,79.9,Sunny
2026-07-09,95101,San Jose,California,2026-07-09,90.4,52.9,Sunny
2026-07-09,95101,San Jose,California,2026-07-10,92.3,53.3,Sunny
2026-07-09,95101,San Jose,California,2026-07-11,93.1,55.6,Sunny
2026-07-09,78701,Austin,Texas,2026-07-09,100.6,76.8,Sunny
2026-07-09,78701,Austin,Texas,2026-07-10,91.5,74.9,Sunny
2026-07-09,78701,Austin,Texas,2026-07-11,93.7,75.1,Sunny
2026-07-09,30301,Atlanta,Georgia,2026-07-09,97.3,72.7,Sunny
2026-07-09,30301,Atlanta,Georgia,2026-07-10,94.2,72.8,Sunny
2026-07-09,30301,Atlanta,Georgia,2026-07-11,95.0,75.6,Sunny
2026-07-09,28201,Charlotte,North Carolina,2026-07-09,98.8,73.2,Sunny
2026-07-09,28201,Charlotte,North Carolina,2026-07-10,99.8,74.5,Sunny
2026-07-09,28201,Charlotte,North Carolina,2026-07-11,95.4,73.8,Patchy rain nearby
2026-07-09,80201,Denver,Colorado,2026-07-09,91.5,63.9,Sunny
2026-07-09,80201,Denver,Colorado,2026-07-10,92.7,64.8,Sunny
2026-07-09,80201,Denver,Colorado,2026-07-11,96.5,66.3,Sunny
2026-07-09,37201,Nashville,Tennessee,2026-07-09,94.8,70.7,Sunny
2026-07-09,37201,Nashville,Tennessee,2026-07-10,94.6,73.9,Sunny
2026-07-09,37201,Nashville,Tennessee,2026-07-11,92.9,73.5,Patchy rain nearby
2026-07-09,97201,Portland,Oregon,2026-07-09,80.8,52.7,Sunny
2026-07-09,97201,Portland,Oregon,2026-07-10,80.9,55.4,Partly Cloudy
2026-07-09,97201,Portland,Oregon,2026-07-11,76.1,59.7,Overcast
2026-07-09,89101,Las Vegas,Nevada,2026-07-09,111.6,75.0,Sunny
2026-07-09,89101,Las Vegas,Nevada,2026-07-10,107.8,74.4,Sunny
2026-07-09,89101,Las Vegas,Nevada,2026-07-11,108.0,76.6,Sunny
2026-07-09,02101,Boston,Massachusetts,2026-07-09,93.4,64.9,Sunny
2026-07-09,02101,Boston,Massachusetts,2026-07-10,86.2,67.6,Light rain shower
2026-07-09,02101,Boston,Massachusetts,2026-07-11,74.8,63.0,Sunny
2026-07-10,90045,Los Angeles,California,2026-07-10,77.7,63.1,Sunny
2026-07-10,90045,Los Angeles,California,2026-07-11,77.4,68.3,Sunny
2026-07-10,90045,Los Angeles,California,2026-07-12,78.7,68.9,Sunny
2026-07-10,10001,New York,New York,2026-07-10,91.4,72.9,Sunny
2026-07-10,10001,New York,New York,2026-07-11,86.5,73.1,Patchy rain nearby
2026-07-10,10001,New York,New York,2026-07-12,82.7,68.5,Sunny
2026-07-10,60601,Chicago,Illinois,2026-07-10,76.5,70.5,Sunny
2026-07-10,60601,Chicago,Illinois,2026-07-11,78.3,70.1,Sunny
2026-07-10,60601,Chicago,Illinois,2026-07-12,79.8,69.5,Sunny
2026-07-10,98101,Seattle,Washington,2026-07-10,77.2,54.8,Sunny
2026-07-10,98101,Seattle,Washington,2026-07-11,69.7,52.3,Partly Cloudy
2026-07-10,98101,Seattle,Washington,2026-07-12,73.8,46.3,Sunny
2026-07-10,33101,Miami,Florida,2026-07-10,94.6,77.7,Sunny
2026-07-10,33101,Miami,Florida,2026-07-11,89.1,81.6,Partly Cloudy
2026-07-10,33101,Miami,Florida,2026-07-12,88.0,82.1,Partly Cloudy
2026-07-10,77001,Houston,Texas,2026-07-10,94.8,78.4,Sunny
2026-07-10,77001,Houston,Texas,2026-07-11,86.8,78.7,Partly Cloudy
2026-07-10,77001,Houston,Texas,2026-07-12,87.0,79.1,Patchy rain nearby
2026-07-10,85001,Phoenix,Arizona,2026-07-10,113.2,86.5,Dust haze
2026-07-10,85001,Phoenix,Arizona,2026-07-11,107.7,89.7,Dust haze
2026-07-10,85001,Phoenix,Arizona,2026-07-12,108.0,89.3,Dust haze
2026-07-10,19101,Philadelphia,Pennsylvania,2026-07-10,90.7,72.5,Sunny
2026-07-10,19101,Philadelphia,Pennsylvania,2026-07-11,89.3,72.1,Partly Cloudy
2026-07-10,19101,Philadelphia,Pennsylvania,2026-07-12,84.1,68.6,Sunny
2026-07-10,78201,San Antonio,Texas,2026-07-10,90.3,73.6,Sunny
2026-07-10,78201,San Antonio,Texas,2026-07-11,92.8,74.3,Patchy rain nearby
2026-07-10,78201,San Antonio,Texas,2026-07-12,96.6,74.5,Patchy rain nearby
2026-07-10,92101,San Diego,California,2026-07-10,75.1,62.2,Sunny
2026-07-10,92101,San Diego,California,2026-07-11,75.9,67.9,Sunny
2026-07-10,92101,San Diego,California,2026-07-12,76.5,69.1,Sunny
2026-07-10,75201,Dallas,Texas,2026-07-10,102.7,79.5,Sunny
2026-07-10,75201,Dallas,Texas,2026-07-11,96.4,80.4,Sunny
2026-07-10,75201,Dallas,Texas,2026-07-12,97.5,76.2,Patchy rain nearby
2026-07-10,95101,San Jose,California,2026-07-10,86.6,54.5,Sunny
2026-07-10,95101,San Jose,California,2026-07-11,93.2,54.8,Sunny
2026-07-10,95101,San Jose,California,2026-07-12,94.2,61.1,Sunny
2026-07-10,78701,Austin,Texas,2026-07-10,92.3,75.9,Sunny
2026-07-10,78701,Austin,Texas,2026-07-11,97.1,75.3,Partly Cloudy
2026-07-10,78701,Austin,Texas,2026-07-12,95.0,76.5,Partly Cloudy
2026-07-10,30301,Atlanta,Georgia,2026-07-10,96.1,71.6,Sunny
2026-07-10,30301,Atlanta,Georgia,2026-07-11,94.3,74.9,Sunny
2026-07-10,30301,Atlanta,Georgia,2026-07-12,95.6,74.1,Sunny
2026-07-10,28201,Charlotte,North Carolina,2026-07-10,97.5,74.5,Sunny
2026-07-10,28201,Charlotte,North Carolina,2026-07-11,94.7,71.5,Sunny
2026-07-10,28201,Charlotte,North Carolina,2026-07-12,87.3,70.7,Patchy rain nearby
2026-07-10,80201,Denver,Colorado,2026-07-10,92.8,63.0,Sunny
2026-07-10,80201,Denver,Colorado,2026-07-11,97.1,62.7,Sunny
2026-07-10,80201,Denver,Colorado,2026-07-12,97.5,69.2,Sunny
2026-07-10,37201,Nashville,Tennessee,2026-07-10,90.0,72.1,Patchy rain nearby
2026-07-10,37201,Nashville,Tennessee,2026-07-11,84.5,70.0,Light rain shower
2026-07-10,37201,Nashville,Tennessee,2026-07-12,75.8,70.3,Patchy rain nearby
2026-07-10,97201,Portland,Oregon,2026-07-10,84.2,57.0,Sunny
2026-07-10,97201,Portland,Oregon,2026-07-11,73.8,57.3,Patchy rain nearby
2026-07-10,97201,Portland,Oregon,2026-07-12,83.5,48.3,Sunny
2026-07-10,89101,Las Vegas,Nevada,2026-07-10,118.4,75.6,Sunny
2026-07-10,89101,Las Vegas,Nevada,2026-07-11,108.9,75.8,Sunny
2026-07-10,89101,Las Vegas,Nevada,2026-07-12,109.5,80.5,Sunny
2026-07-10,02101,Boston,Massachusetts,2026-07-10,89.6,68.0,Sunny
2026-07-10,02101,Boston,Massachusetts,2026-07-11,74.0,62.5,Partly Cloudy
2026-07-10,02101,Boston,Massachusetts,2026-07-12,75.0,59.7,Sunny
2026-07-11,90045,Los Angeles,California,2026-07-11,75.9,62.8,Partly Cloudy
2026-07-11,90045,Los Angeles,California,2026-07-12,74.9,68.5,Sunny
2026-07-11,90045,Los Angeles,California,2026-07-13,78.4,69.5,Sunny
2026-07-11,10001,New York,New York,2026-07-11,83.8,71.1,Sunny
2026-07-11,10001,New York,New York,2026-07-12,83.1,69.4,Sunny
2026-07-11,10001,New York,New York,2026-07-13,83.3,68.5,Sunny
2026-07-11,60601,Chicago,Illinois,2026-07-11,81.1,72.0,Sunny
2026-07-11,60601,Chicago,Illinois,2026-07-12,78.6,69.1,Sunny
2026-07-11,60601,Chicago,Illinois,2026-07-13,83.6,69.1,Sunny
2026-07-11,98101,Seattle,Washington,2026-07-11,74.8,55.2,Partly Cloudy
2026-07-11,98101,Seattle,Washington,2026-07-12,73.6,52.1,Sunny
2026-07-11,98101,Seattle,Washington,2026-07-13,76.7,47.2,Sunny
2026-07-11,33101,Miami,Florida,2026-07-11,93.0,75.7,Sunny
2026-07-11,33101,Miami,Florida,2026-07-12,88.3,84.7,Sunny
2026-07-11,33101,Miami,Florida,2026-07-13,88.0,84.3,Sunny
2026-07-11,77001,Houston,Texas,2026-07-11,91.8,77.2,Sunny
2026-07-11,77001,Houston,Texas,2026-07-12,93.0,79.6,Partly Cloudy
2026-07-11,77001,Houston,Texas,2026-07-13,87.8,76.3,Patchy rain nearby
2026-07-11,85001,Phoenix,Arizona,2026-07-11,106.4,84.2,Dust haze
2026-07-11,85001,Phoenix,Arizona,2026-07-12,106.5,80.9,Sunny
2026-07-11,85001,Phoenix,Arizona,2026-07-13,102.1,82.5,Sunny
2026-07-11,19101,Philadelphia,Pennsylvania,2026-07-11,84.6,71.6,Sunny
2026-07-11,19101,Philadelphia,Pennsylvania,2026-07-12,86.0,68.1,Sunny
2026-07-11,19101,Philadelphia,Pennsylvania,2026-07-13,88.3,66.7,Sunny
2026-07-11,78201,San Antonio,Texas,2026-07-11,92.6,76.6,Patchy rain nearby
2026-07-11,78201,San Antonio,Texas,2026-07-12,99.5,75.0,Partly Cloudy
2026-07-11,78201,San Antonio,Texas,2026-07-13,97.1,76.6,Sunny
2026-07-11,92101,San Diego,California,2026-07-11,74.2,63.7,Sunny
2026-07-11,92101,San Diego,California,2026-07-12,76.2,68.6,Sunny
2026-07-11,92101,San Diego,California,2026-07-13,77.9,70.3,Sunny
2026-07-11,75201,Dallas,Texas,2026-07-11,99.9,79.5,Sunny
2026-07-11,75201,Dallas,Texas,2026-07-12,101.7,79.2,Sunny
2026-07-11,75201,Dallas,Texas,2026-07-13,100.9,74.6,Patchy rain nearby
2026-07-11,95101,San Jose,California,2026-07-11,91.9,53.2,Sunny
2026-07-11,95101,San Jose,California,2026-07-12,94.4,60.9,Sunny
2026-07-11,95101,San Jose,California,2026-07-13,92.1,64.4,Partly Cloudy
2026-07-11,78701,Austin,Texas,2026-07-11,96.1,76.8,Sunny
2026-07-11,78701,Austin,Texas,2026-07-12,101.7,75.7,Patchy rain nearby
2026-07-11,78701,Austin,Texas,2026-07-13,93.7,75.8,Partly Cloudy
2026-07-11,30301,Atlanta,Georgia,2026-07-11,94.3,73.6,Sunny
2026-07-11,30301,Atlanta,Georgia,2026-07-12,93.4,72.7,Patchy rain nearby
2026-07-11,30301,Atlanta,Georgia,2026-07-13,82.8,72.5,Patchy rain nearby
2026-07-11,28201,Charlotte,North Carolina,2026-07-11,96.7,71.2,Sunny
2026-07-11,28201,Charlotte,North Carolina,2026-07-12,88.5,70.3,Partly Cloudy
2026-07-11,28201,Charlotte,North Carolina,2026-07-13,78.4,70.0,Mist
2026-07-11,80201,Denver,Colorado,2026-07-11,97.6,63.7,Sunny
2026-07-11,80201,Denver,Colorado,2026-07-12,96.0,69.9,Sunny
2026-07-11,80201,Denver,Colorado,2026-07-13,97.0,68.8,Sunny
2026-07-11,37201,Nashville,Tennessee,2026-07-11,91.9,70.3,Sunny
2026-07-11,37201,Nashville,Tennessee,2026-07-12,77.1,69.3,Light rain shower
2026-07-11,37201,Nashville,Tennessee,2026-07-13,80.6,68.2,Patchy rain nearby
2026-07-11,97201,Portland,Oregon,2026-07-11,79.3,58.9,Partly Cloudy
2026-07-11,97201,Portland,Oregon,2026-07-12,80.1,51.8,Sunny
2026-07-11,97201,Portland,Oregon,2026-07-13,84.9,51.4,Sunny
2026-07-11,89101,Las Vegas,Nevada,2026-07-11,107.5,75.4,Sunny
2026-07-11,89101,Las Vegas,Nevada,2026-07-12,106.4,80.5,Sunny
2026-07-11,89101,Las Vegas,Nevada,2026-07-13,98.3,82.6,Sunny
2026-07-11,02101,Boston,Massachusetts,2026-07-11,79.7,64.5,Sunny
2026-07-11,02101,Boston,Massachusetts,2026-07-12,76.7,61.1,Sunny
2026-07-11,02101,Boston,Massachusetts,2026-07-13,88.6,59.7,Sunny
2026-07-12,90045,Los Angeles,California,2026-07-12,76.7,60.4,Sunny
2026-07-12,90045,Los Angeles,California,2026-07-13,79.3,69.1,Sunny
2026-07-12,90045,Los Angeles,California,2026-07-14,80.7,70.2,Sunny
2026-07-12,10001,New York,New York,2026-07-12,89.6,65.5,Sunny
2026-07-12,10001,New York,New York,2026-07-13,82.6,70.5,Partly Cloudy
2026-07-12,10001,New York,New York,2026-07-14,93.2,70.4,Sunny
2026-07-12,60601,Chicago,Illinois,2026-07-12,79.5,73.1,Sunny
2026-07-12,60601,Chicago,Illinois,2026-07-13,84.0,70.4,Sunny
2026-07-12,60601,Chicago,Illinois,2026-07-14,88.0,74.4,Sunny
2026-07-12,98101,Seattle,Washington,2026-07-12,73.6,52.8,Sunny
2026-07-12,98101,Seattle,Washington,2026-07-13,78.3,47.9,Sunny
2026-07-12,98101,Seattle,Washington,2026-07-14,80.4,50.4,Sunny
2026-07-12,33101,Miami,Florida,2026-07-12,90.9,79.5,Sunny
2026-07-12,33101,Miami,Florida,2026-07-13,88.0,84.0,Sunny
2026-07-12,33101,Miami,Florida,2026-07-14,88.0,80.9,Sunny
2026-07-12,77001,Houston,Texas,2026-07-12,97.0,78.3,Sunny
2026-07-12,77001,Houston,Texas,2026-07-13,89.0,74.4,Patchy rain nearby
2026-07-12,77001,Houston,Texas,2026-07-14,84.5,74.0,Patchy rain nearby
2026-07-12,85001,Phoenix,Arizona,2026-07-12,107.8,78.8,Sunny
2026-07-12,85001,Phoenix,Arizona,2026-07-13,105.2,84.6,Sunny
2026-07-12,85001,Phoenix,Arizona,2026-07-14,103.6,86.7,Sunny
2026-07-12,19101,Philadelphia,Pennsylvania,2026-07-12,87.7,66.7,Sunny
2026-07-12,19101,Philadelphia,Pennsylvania,2026-07-13,86.8,69.0,Sunny
2026-07-12,19101,Philadelphia,Pennsylvania,2026-07-14,91.1,67.3,Sunny
2026-07-12,78201,San Antonio,Texas,2026-07-12,99.3,75.9,Sunny
2026-07-12,78201,San Antonio,Texas,2026-07-13,99.3,76.1,Sunny
2026-07-12,78201,San Antonio,Texas,2026-07-14,84.2,75.7,Patchy rain nearby
2026-07-12,92101,San Diego,California,2026-07-12,78.1,64.6,Sunny
2026-07-12,92101,San Diego,California,2026-07-13,77.7,70.7,Patchy rain nearby
2026-07-12,92101,San Diego,California,2026-07-14,79.6,70.9,Sunny
2026-07-12,75201,Dallas,Texas,2026-07-12,98.5,77.4,Sunny
2026-07-12,75201,Dallas,Texas,2026-07-13,91.4,74.1,Patchy rain nearby
2026-07-12,75201,Dallas,Texas,2026-07-14,92.7,77.9,Sunny
2026-07-12,95101,San Jose,California,2026-07-12,94.5,59.4,Sunny
2026-07-12,95101,San Jose,California,2026-07-13,94.2,66.6,Sunny
2026-07-12,95101,San Jose,California,2026-07-14,96.6,63.8,Sunny
2026-07-12,78701,Austin,Texas,2026-07-12,101.6,76.6,Sunny
2026-07-12,78701,Austin,Texas,2026-07-13,99.1,74.2,Partly Cloudy
2026-07-12,78701,Austin,Texas,2026-07-14,89.4,73.4,Patchy rain nearby
2026-07-12,30301,Atlanta,Georgia,2026-07-12,92.7,72.3,Sunny
2026-07-12,30301,Atlanta,Georgia,2026-07-13,81.8,71.8,Light rain shower
2026-07-12,30301,Atlanta,Georgia,2026-07-14,73.8,69.9,Light rain shower
2026-07-12,28201,Charlotte,North Carolina,2026-07-12,92.9,68.0,Sunny
2026-07-12,28201,Charlotte,North Carolina,2026-07-13,76.0,69.1,Patchy rain nearby
2026-07-12,28201,Charlotte,North Carolina,2026-07-14,79.2,67.1,Overcast
2026-07-12,80201,Denver,Colorado,2026-07-12,96.5,68.3,Sunny
2026-07-12,80201,Denver,Colorado,2026-07-13,98.1,68.7,Sunny
2026-07-12,80201,Denver,Colorado,2026-07-14,96.8,68.5,Sunny
2026-07-12,37201,Nashville,Tennessee,2026-07-12,78.7,70.7,Patchy rain nearby
2026-07-12,37201,Nashville,Tennessee,2026-07-13,81.2,68.8,Light rain shower
2026-07-12,37201,Nashville,Tennessee,2026-07-14,81.9,68.0,Mist
2026-07-12,97201,Portland,Oregon,2026-07-12,80.5,52.0,Sunny
2026-07-12,97201,Portland,Oregon,2026-07-13,88.1,52.0,Sunny
2026-07-12,97201,Portland,Oregon,2026-07-14,88.3,56.2,Sunny
2026-07-12,89101,Las Vegas,Nevada,2026-07-12,107.8,79.9,Sunny
2026-07-12,89101,Las Vegas,Nevada,2026-07-13,102.8,82.4,Sunny
2026-07-12,89101,Las Vegas,Nevada,2026-07-14,104.0,81.3,Sunny
2026-07-12,02101,Boston,Massachusetts,2026-07-12,77.9,62.4,Sunny
2026-07-12,02101,Boston,Massachusetts,2026-07-13,85.7,60.8,Sunny
2026-07-12,02101,Boston,Massachusetts,2026-07-14,96.2,67.6,Sunny
2026-07-13,90045,Los Angeles,California,2026-07-13,77.5,64.2,Sunny
2026-07-13,90045,Los Angeles,California,2026-07-14,80.2,70.5,Sunny
2026-07-13,90045,Los Angeles,California,2026-07-15,84.6,72.5,Sunny
2026-07-13,10001,New York,New York,2026-07-13,91.0,66.0,Sunny
2026-07-13,10001,New York,New York,2026-07-14,94.1,71.5,Sunny
2026-07-13,10001,New York,New York,2026-07-15,101.8,77.1,Sunny
2026-07-13,60601,Chicago,Illinois,2026-07-13,83.7,71.2,Sunny
2026-07-13,60601,Chicago,Illinois,2026-07-14,87.9,73.3,Sunny
2026-07-13,60601,Chicago,Illinois,2026-07-15,89.1,74.8,Sunny
2026-07-13,98101,Seattle,Washington,2026-07-13,77.7,50.7,Sunny
2026-07-13,98101,Seattle,Washington,2026-07-14,79.6,49.6,Sunny
2026-07-13,98101,Seattle,Washington,2026-07-15,82.5,53.5,Sunny
2026-07-13,33101,Miami,Florida,2026-07-13,92.7,78.8,Sunny
2026-07-13,33101,Miami,Florida,2026-07-14,88.3,80.3,Sunny
2026-07-13,33101,Miami,Florida,2026-07-15,88.3,83.8,Sunny
2026-07-13,77001,Houston,Texas,2026-07-13,91.8,78.0,Sunny
2026-07-13,77001,Houston,Texas,2026-07-14,80.5,75.4,Light rain shower
2026-07-13,77001,Houston,Texas,2026-07-15,77.9,74.1,Partly Cloudy
2026-07-13,85001,Phoenix,Arizona,2026-07-13,104.9,77.9,Sunny
2026-07-13,85001,Phoenix,Arizona,2026-07-14,105.1,87.1,Sunny
2026-07-13,85001,Phoenix,Arizona,2026-07-15,105.3,86.8,Sunny
2026-07-13,19101,Philadelphia,Pennsylvania,2026-07-13,86.7,66.2,Sunny
2026-07-13,19101,Philadelphia,Pennsylvania,2026-07-14,92.8,67.6,Sunny
2026-07-13,19101,Philadelphia,Pennsylvania,2026-07-15,99.5,74.9,Sunny
2026-07-13,78201,San Antonio,Texas,2026-07-13,96.1,77.4,Partly Cloudy
2026-07-13,78201,San Antonio,Texas,2026-07-14,85.8,75.0,Patchy rain nearby
2026-07-13,78201,San Antonio,Texas,2026-07-15,74.6,71.0,Light rain shower
2026-07-13,92101,San Diego,California,2026-07-13,77.6,62.6,Sunny
2026-07-13,92101,San Diego,California,2026-07-14,80.0,71.1,Sunny
2026-07-13,92101,San Diego,California,2026-07-15,80.7,71.7,Sunny
2026-07-13,75201,Dallas,Texas,2026-07-13,96.8,73.4,Sunny
2026-07-13,75201,Dallas,Texas,2026-07-14,92.3,74.3,Sunny
2026-07-13,75201,Dallas,Texas,2026-07-15,89.2,75.9,Sunny
2026-07-13,95101,San Jose,California,2026-07-13,96.1,61.9,Sunny
2026-07-13,95101,San Jose,California,2026-07-14,97.0,64.1,Sunny
2026-07-13,95101,San Jose,California,2026-07-15,94.8,60.4,Sunny
2026-07-13,78701,Austin,Texas,2026-07-13,100.4,74.0,Sunny
2026-07-13,78701,Austin,Texas,2026-07-14,85.5,71.9,Partly Cloudy
2026-07-13,78701,Austin,Texas,2026-07-15,83.4,72.3,Partly Cloudy
2026-07-13,30301,Atlanta,Georgia,2026-07-13,82.8,71.2,Patchy rain nearby
2026-07-13,30301,Atlanta,Georgia,2026-07-14,77.3,69.3,Patchy rain nearby
2026-07-13,30301,Atlanta,Georgia,2026-07-15,85.6,69.2,Patchy rain nearby
2026-07-13,28201,Charlotte,North Carolina,2026-07-13,77.3,71.0,Patchy rain nearby
2026-07-13,28201,Charlotte,North Carolina,2026-07-14,89.7,67.3,Sunny
2026-07-13,28201,Charlotte,North Carolina,2026-07-15,97.2,71.6,Sunny
2026-07-13,80201,Denver,Colorado,2026-07-13,98.0,68.7,Sunny
2026-07-13,80201,Denver,Colorado,2026-07-14,96.0,68.4,Sunny
2026-07-13,80201,Denver,Colorado,2026-07-15,95.0,68.2,Sunny
2026-07-13,37201,Nashville,Tennessee,2026-07-13,84.6,71.1,Sunny
2026-07-13,37201,Nashville,Tennessee,2026-07-14,83.1,69.3,Patchy rain nearby
2026-07-13,37201,Nashville,Tennessee,2026-07-15,87.4,70.7,Sunny
2026-07-13,97201,Portland,Oregon,2026-07-13,87.7,55.4,Sunny
2026-07-13,97201,Portland,Oregon,2026-07-14,88.6,55.1,Sunny
2026-07-13,97201,Portland,Oregon,2026-07-15,91.6,56.2,Sunny
2026-07-13,89101,Las Vegas,Nevada,2026-07-13,110.5,87.1,Sunny
2026-07-13,89101,Las Vegas,Nevada,2026-07-14,103.3,81.7,Patchy rain nearby
2026-07-13,89101,Las Vegas,Nevada,2026-07-15,103.0,84.0,Sunny
2026-07-13,02101,Boston,Massachusetts,2026-07-13,93.2,61.5,Sunny
2026-07-13,02101,Boston,Massachusetts,2026-07-14,97.3,67.4,Sunny
2026-07-13,02101,Boston,Massachusetts,2026-07-15,93.4,77.7,Sunny
2026-07-14,90045,Los Angeles,California,2026-07-14,83.0,63.9,Sunny
2026-07-14,90045,Los Angeles,California,2026-07-15,83.5,72.2,Sunny
2026-07-14,90045,Los Angeles,California,2026-07-16,81.8,72.4,Sunny
2026-07-14,10001,New York,New York,2026-07-14,98.1,67.6,Sunny
2026-07-14,10001,New York,New York,2026-07-15,101.8,77.7,Sunny
2026-07-14,10001,New York,New York,2026-07-16,96.1,78.8,Sunny
2026-07-14,60601,Chicago,Illinois,2026-07-14,88.0,75.0,Sunny
2026-07-14,60601,Chicago,Illinois,2026-07-15,89.2,75.5,Sunny
2026-07-14,60601,Chicago,Illinois,2026-07-16,85.5,76.7,Partly Cloudy
2026-07-14,98101,Seattle,Washington,2026-07-14,83.1,53.8,Sunny
2026-07-14,98101,Seattle,Washington,2026-07-15,85.0,57.2,Sunny
2026-07-14,98101,Seattle,Washington,2026-07-16,87.3,56.2,Sunny
2026-07-14,33101,Miami,Florida,2026-07-14,92.5,76.1,Sunny
2026-07-14,33101,Miami,Florida,2026-07-15,88.5,83.3,Sunny
2026-07-14,33101,Miami,Florida,2026-07-16,88.9,84.3,Sunny
2026-07-14,77001,Houston,Texas,2026-07-14,77.6,75.2,Patchy rain nearby
2026-07-14,77001,Houston,Texas,2026-07-15,76.5,72.0,Partly Cloudy
2026-07-14,77001,Houston,Texas,2026-07-16,85.4,74.3,Light rain shower
2026-07-14,85001,Phoenix,Arizona,2026-07-14,106.2,78.1,Sunny
2026-07-14,85001,Phoenix,Arizona,2026-07-15,106.1,89.6,Sunny
2026-07-14,85001,Phoenix,Arizona,2026-07-16,97.2,85.9,Patchy rain nearby
2026-07-14,19101,Philadelphia,Pennsylvania,2026-07-14,93.4,66.9,Sunny
2026-07-14,19101,Philadelphia,Pennsylvania,2026-07-15,99.3,74.5,Sunny
2026-07-14,19101,Philadelphia,Pennsylvania,2026-07-16,96.1,76.2,Sunny
2026-07-14,78201,San Antonio,Texas,2026-07-14,86.0,71.8,Patchy rain nearby
2026-07-14,78201,San Antonio,Texas,2026-07-15,77.4,71.2,Patchy rain nearby
2026-07-14,78201,San Antonio,Texas,2026-07-16,73.6,69.9,Light rain shower
2026-07-14,92101,San Diego,California,2026-07-14,80.3,65.7,Sunny
2026-07-14,92101,San Diego,California,2026-07-15,80.8,72.3,Sunny
2026-07-14,92101,San Diego,California,2026-07-16,78.0,71.6,Sunny
2026-07-14,75201,Dallas,Texas,2026-07-14,89.1,77.2,Sunny
2026-07-14,75201,Dallas,Texas,2026-07-15,89.9,74.9,Partly Cloudy
2026-07-14,75201,Dallas,Texas,2026-07-16,79.9,74.8,Partly Cloudy
2026-07-14,95101,San Jose,California,2026-07-14,95.2,60.3,Sunny
2026-07-14,95101,San Jose,California,2026-07-15,92.7,58.2,Sunny
2026-07-14,95101,San Jose,California,2026-07-16,85.6,54.6,Sunny
2026-07-14,78701,Austin,Texas,2026-07-14,86.9,74.4,Sunny
2026-07-14,78701,Austin,Texas,2026-07-15,79.8,72.3,Partly Cloudy
2026-07-14,78701,Austin,Texas,2026-07-16,73.4,70.0,Partly Cloudy
2026-07-14,30301,Atlanta,Georgia,2026-07-14,81.4,72.0,Partly Cloudy
2026-07-14,30301,Atlanta,Georgia,2026-07-15,84.9,71.1,Mist
2026-07-14,30301,Atlanta,Georgia,2026-07-16,77.0,72.3,Partly Cloudy
2026-07-14,28201,Charlotte,North Carolina,2026-07-14,85.5,70.7,Patchy rain nearby
2026-07-14,28201,Charlotte,North Carolina,2026-07-15,94.8,70.8,Sunny
2026-07-14,28201,Charlotte,North Carolina,2026-07-16,98.8,74.7,Sunny
2026-07-14,80201,Denver,Colorado,2026-07-14,95.3,68.2,Sunny
2026-07-14,80201,Denver,Colorado,2026-07-15,94.9,67.7,Sunny
2026-07-14,80201,Denver,Colorado,2026-07-16,94.3,68.6,Sunny
2026-07-14,37201,Nashville,Tennessee,2026-07-14,85.0,72.9,Sunny
2026-07-14,37201,Nashville,Tennessee,2026-07-15,87.5,70.5,Patchy rain nearby
2026-07-14,37201,Nashville,Tennessee,2026-07-16,86.3,71.4,Mist
2026-07-14,97201,Portland,Oregon,2026-07-14,90.4,58.3,Sunny
2026-07-14,97201,Portland,Oregon,2026-07-15,92.8,60.8,Sunny
2026-07-14,97201,Portland,Oregon,2026-07-16,87.6,61.8,Sunny
2026-07-14,89101,Las Vegas,Nevada,2026-07-14,102.8,81.0,Sunny
2026-07-14,89101,Las Vegas,Nevada,2026-07-15,107.4,82.7,Sunny
2026-07-14,89101,Las Vegas,Nevada,2026-07-16,107.0,83.9,Sunny
2026-07-14,02101,Boston,Massachusetts,2026-07-14,99.7,69.4,Sunny
2026-07-14,02101,Boston,Massachusetts,2026-07-15,93.6,77.1,Sunny
2026-07-14,02101,Boston,Massachusetts,2026-07-16,90.1,65.6,Sunny
2026-07-15,90045,Los Angeles,California,2026-07-15,83.0,62.8,Sunny
2026-07-15,90045,Los Angeles,California,2026-07-16,82.1,72.2,Sunny
2026-07-15,90045,Los Angeles,California,2026-07-17,76.8,70.3,Partly Cloudy
2026-07-15,10001,New York,New York,2026-07-15,104.0,73.0,Sunny
2026-07-15,10001,New York,New York,2026-07-16,95.8,78.6,Sunny
2026-07-15,10001,New York,New York,2026-07-17,89.1,74.8,Sunny
2026-07-15,60601,Chicago,Illinois,2026-07-15,88.7,76.5,Sunny
2026-07-15,60601,Chicago,Illinois,2026-07-16,85.1,74.3,Sunny
2026-07-15,60601,Chicago,Illinois,2026-07-17,86.3,75.4,Sunny
2026-07-15,98101,Seattle,Washington,2026-07-15,83.2,56.7,Sunny
2026-07-15,98101,Seattle,Washington,2026-07-16,68.0,55.1,Patchy rain nearby
2026-07-15,98101,Seattle,Washington,2026-07-17,79.4,50.8,Sunny
2026-07-15,33101,Miami,Florida,2026-07-15,95.7,76.8,Sunny
2026-07-15,33101,Miami,Florida,2026-07-16,89.7,83.2,Sunny
2026-07-15,33101,Miami,Florida,2026-07-17,89.8,83.8,Sunny
2026-07-15,77001,Houston,Texas,2026-07-15,89.2,74.3,Sunny
2026-07-15,77001,Houston,Texas,2026-07-16,93.0,75.9,Patchy rain nearby
2026-07-15,77001,Houston,Texas,2026-07-17,94.6,78.4,Sunny
2026-07-15,85001,Phoenix,Arizona,2026-07-15,107.0,85.1,Sunny
2026-07-15,85001,Phoenix,Arizona,2026-07-16,101.1,88.7,Sunny
2026-07-15,85001,Phoenix,Arizona,2026-07-17,100.6,83.7,Partly Cloudy
2026-07-15,19101,Philadelphia,Pennsylvania,2026-07-15,99.0,72.7,Sunny
2026-07-15,19101,Philadelphia,Pennsylvania,2026-07-16,96.5,76.9,Sunny
2026-07-15,19101,Philadelphia,Pennsylvania,2026-07-17,91.2,73.8,Sunny
2026-07-15,78201,San Antonio,Texas,2026-07-15,76.8,71.7,Patchy rain nearby
2026-07-15,78201,San Antonio,Texas,2026-07-16,76.5,71.1,Light rain shower
2026-07-15,78201,San Antonio,Texas,2026-07-17,85.9,70.2,Partly Cloudy
2026-07-15,92101,San Diego,California,2026-07-15,79.7,65.8,Sunny
2026-07-15,92101,San Diego,California,2026-07-16,77.8,71.4,Sunny
2026-07-15,92101,San Diego,California,2026-07-17,74.8,70.4,Sunny
2026-07-15,75201,Dallas,Texas,2026-07-15,91.4,73.8,Sunny
2026-07-15,75201,Dallas,Texas,2026-07-16,86.6,75.8,Partly Cloudy
2026-07-15,75201,Dallas,Texas,2026-07-17,89.7,72.9,Patchy rain nearby
2026-07-15,95101,San Jose,California,2026-07-15,94.1,61.9,Sunny
2026-07-15,95101,San Jose,California,2026-07-16,88.1,55.8,Sunny
2026-07-15,95101,San Jose,California,2026-07-17,89.2,53.4,Sunny
2026-07-15,78701,Austin,Texas,2026-07-15,81.1,72.7,Partly Cloudy
2026-07-15,78701,Austin,Texas,2026-07-16,77.1,72.1,Light rain shower
2026-07-15,78701,Austin,Texas,2026-07-17,91.3,70.8,Partly Cloudy
2026-07-15,30301,Atlanta,Georgia,2026-07-15,86.4,72.7,Partly Cloudy
2026-07-15,30301,Atlanta,Georgia,2026-07-16,92.2,72.1,Partly Cloudy
2026-07-15,30301,Atlanta,Georgia,2026-07-17,93.6,75.0,Sunny
2026-07-15,28201,Charlotte,North Carolina,2026-07-15,99.3,68.7,Sunny
2026-07-15,28201,Charlotte,North Carolina,2026-07-16,101.6,75.0,Sunny
2026-07-15,28201,Charlotte,North Carolina,2026-07-17,104.1,78.3,Sunny
2026-07-15,80201,Denver,Colorado,2026-07-15,93.4,67.6,Sunny
2026-07-15,80201,Denver,Colorado,2026-07-16,93.8,66.9,Sunny
2026-07-15,80201,Denver,Colorado,2026-07-17,95.3,69.7,Sunny
2026-07-15,37201,Nashville,Tennessee,2026-07-15,86.4,74.0,Sunny
2026-07-15,37201,Nashville,Tennessee,2026-07-16,86.9,71.3,Patchy rain nearby
2026-07-15,37201,Nashville,Tennessee,2026-07-17,90.0,70.8,Sunny
2026-07-15,97201,Portland,Oregon,2026-07-15,90.4,57.9,Sunny
2026-07-15,97201,Portland,Oregon,2026-07-16,78.8,56.5,Sunny
2026-07-15,97201,Portland,Oregon,2026-07-17,84.8,53.7,Sunny
2026-07-15,89101,Las Vegas,Nevada,2026-07-15,107.8,82.0,Sunny
2026-07-15,89101,Las Vegas,Nevada,2026-07-16,107.3,83.4,Sunny
2026-07-15,89101,Las Vegas,Nevada,2026-07-17,98.4,84.9,Sunny
2026-07-15,02101,Boston,Massachusetts,2026-07-15,94.1,74.4,Sunny
2026-07-15,02101,Boston,Massachusetts,2026-07-16,91.0,68.7,Sunny
2026-07-15,02101,Boston,Massachusetts,2026-07-17,84.6,63.7,Sunny
2026-07-16,90045,Los Angeles,California,2026-07-16,82.6,64.2,Sunny
2026-07-16,90045,Los Angeles,California,2026-07-17,77.9,70.1,Sunny
2026-07-16,90045,Los Angeles,California,2026-07-18,78.1,69.7,Sunny
2026-07-16,10001,New York,New York,2026-07-16,95.8,69.3,Sunny
2026-07-16,10001,New York,New York,2026-07-17,90.0,73.9,Sunny
2026-07-16,10001,New York,New York,2026-07-18,82.4,72.8,Sunny
2026-07-16,60601,Chicago,Illinois,2026-07-16,85.3,76.8,Sunny
2026-07-16,60601,Chicago,Illinois,2026-07-17,85.5,74.1,Sunny
2026-07-16,60601,Chicago,Illinois,2026-07-18,90.4,74.8,Sunny
2026-07-16,98101,Seattle,Washington,2026-07-16,74.8,57.4,Sunny
2026-07-16,98101,Seattle,Washington,2026-07-17,81.0,51.6,Sunny
2026-07-16,98101,Seattle,Washington,2026-07-18,80.8,53.0,Sunny
2026-07-16,33101,Miami,Florida,2026-07-16,96.8,77.2,Sunny
2026-07-16,33101,Miami,Florida,2026-07-17,89.6,84.0,Sunny
2026-07-16,33101,Miami,Florida,2026-07-18,87.1,82.9,Sunny
2026-07-16,77001,Houston,Texas,2026-07-16,93.5,77.4,Sunny
2026-07-16,77001,Houston,Texas,2026-07-17,95.9,78.2,Sunny
2026-07-16,77001,Houston,Texas,2026-07-18,96.1,78.0,Sunny
2026-07-16,85001,Phoenix,Arizona,2026-07-16,103.0,82.6,Sunny
2026-07-16,85001,Phoenix,Arizona,2026-07-17,87.7,79.1,Patchy rain nearby
2026-07-16,85001,Phoenix,Arizona,2026-07-18,93.3,78.4,Patchy rain nearby
2026-07-16,19101,Philadelphia,Pennsylvania,2026-07-16,96.7,75.0,Sunny
2026-07-16,19101,Philadelphia,Pennsylvania,2026-07-17,91.0,73.8,Sunny
2026-07-16,19101,Philadelphia,Pennsylvania,2026-07-18,76.4,70.1,Partly Cloudy
2026-07-16,78201,San Antonio,Texas,2026-07-16,86.9,75.9,Partly Cloudy
2026-07-16,78201,San Antonio,Texas,2026-07-17,89.7,73.6,Partly Cloudy
2026-07-16,78201,San Antonio,Texas,2026-07-18,93.7,74.8,Sunny
2026-07-16,92101,San Diego,California,2026-07-16,77.5,65.1,Sunny
2026-07-16,92101,San Diego,California,2026-07-17,76.6,70.5,Sunny
2026-07-16,92101,San Diego,California,2026-07-18,77.0,69.4,Sunny
2026-07-16,75201,Dallas,Texas,2026-07-16,92.6,73.9,Partly Cloudy
2026-07-16,75201,Dallas,Texas,2026-07-17,93.9,76.8,Partly Cloudy
2026-07-16,75201,Dallas,Texas,2026-07-18,97.2,77.4,Sunny
2026-07-16,95101,San Jose,California,2026-07-16,87.9,55.9,Sunny
2026-07-16,95101,San Jose,California,2026-07-17,87.7,51.7,Sunny
2026-07-16,95101,San Jose,California,2026-07-18,88.5,50.9,Sunny
2026-07-16,78701,Austin,Texas,2026-07-16,86.3,72.9,Mist
2026-07-16,78701,Austin,Texas,2026-07-17,91.5,71.8,Partly Cloudy
2026-07-16,78701,Austin,Texas,2026-07-18,94.2,74.3,Partly Cloudy
2026-07-16,30301,Atlanta,Georgia,2026-07-16,90.5,73.9,Sunny
2026-07-16,30301,Atlanta,Georgia,2026-07-17,92.9,74.2,Sunny
2026-07-16,30301,Atlanta,Georgia,2026-07-18,93.9,75.1,Sunny
2026-07-16,28201,Charlotte,North Carolina,2026-07-16,102.4,73.4,Sunny
2026-07-16,28201,Charlotte,North Carolina,2026-07-17,102.9,77.7,Sunny
2026-07-16,28201,Charlotte,North Carolina,2026-07-18,99.6,77.4,Sunny
2026-07-16,80201,Denver,Colorado,2026-07-16,94.2,66.9,Sunny
2026-07-16,80201,Denver,Colorado,2026-07-17,95.3,69.2,Sunny
2026-07-16,80201,Denver,Colorado,2026-07-18,97.4,68.4,Sunny
2026-07-16,37201,Nashville,Tennessee,2026-07-16,89.8,75.1,Sunny
2026-07-16,37201,Nashville,Tennessee,2026-07-17,89.0,72.6,Mist
2026-07-16,37201,Nashville,Tennessee,2026-07-18,91.4,72.1,Partly Cloudy
2026-07-16,97201,Portland,Oregon,2026-07-16,77.3,60.0,Sunny
2026-07-16,97201,Portland,Oregon,2026-07-17,84.4,53.5,Sunny
2026-07-16,97201,Portland,Oregon,2026-07-18,85.0,55.5,Sunny
2026-07-16,89101,Las Vegas,Nevada,2026-07-16,106.2,82.6,Sunny
2026-07-16,89101,Las Vegas,Nevada,2026-07-17,95.1,82.5,Patchy rain nearby
2026-07-16,89101,Las Vegas,Nevada,2026-07-18,101.0,80.0,Sunny
2026-07-16,02101,Boston,Massachusetts,2026-07-16,94.1,66.0,Sunny
2026-07-16,02101,Boston,Massachusetts,2026-07-17,85.1,65.1,Sunny
2026-07-16,02101,Boston,Massachusetts,2026-07-18,90.7,62.3,Sunny
2026-07-17,90045,Los Angeles,California,2026-07-17,78.4,67.6,Partly Cloudy
2026-07-17,90045,Los Angeles,California,2026-07-18,78.0,70.0,Sunny
2026-07-17,90045,Los Angeles,California,2026-07-19,79.4,70.1,Sunny
2026-07-17,10001,New York,New York,2026-07-17,92.8,65.5,Sunny
2026-07-17,10001,New York,New York,2026-07-18,82.0,71.9,Sunny
2026-07-17,10001,New York,New York,2026-07-19,84.1,70.7,Sunny
2026-07-17,60601,Chicago,Illinois,2026-07-17,89.4,78.3,Sunny
2026-07-17,60601,Chicago,Illinois,2026-07-18,90.1,73.9,Sunny
2026-07-17,60601,Chicago,Illinois,2026-07-19,79.9,71.7,Sunny
2026-07-17,98101,Seattle,Washington,2026-07-17,78.8,55.4,Sunny
2026-07-17,98101,Seattle,Washington,2026-07-18,79.4,51.9,Sunny
2026-07-17,98101,Seattle,Washington,2026-07-19,80.1,51.8,Sunny
2026-07-17,33101,Miami,Florida,2026-07-17,95.9,78.8,Sunny
2026-07-17,33101,Miami,Florida,2026-07-18,87.6,82.9,Sunny
2026-07-17,33101,Miami,Florida,2026-07-19,87.5,83.4,Sunny
2026-07-17,77001,Houston,Texas,2026-07-17,95.0,78.6,Sunny
2026-07-17,77001,Houston,Texas,2026-07-18,92.6,78.3,Sunny
2026-07-17,77001,Houston,Texas,2026-07-19,97.1,76.5,Sunny
2026-07-17,85001,Phoenix,Arizona,2026-07-17,94.1,77.5,Patchy rain nearby
2026-07-17,85001,Phoenix,Arizona,2026-07-18,100.8,86.5,Partly Cloudy
2026-07-17,85001,Phoenix,Arizona,2026-07-19,100.9,86.2,Sunny
2026-07-17,19101,Philadelphia,Pennsylvania,2026-07-17,90.5,70.9,Sunny
2026-07-17,19101,Philadelphia,Pennsylvania,2026-07-18,80.1,72.2,Light rain shower
2026-07-17,19101,Philadelphia,Pennsylvania,2026-07-19,84.8,70.9,Sunny
2026-07-17,78201,San Antonio,Texas,2026-07-17,93.7,75.2,Sunny
2026-07-17,78201,San Antonio,Texas,2026-07-18,93.5,75.6,Sunny
2026-07-17,78201,San Antonio,Texas,2026-07-19,96.8,75.2,Sunny
2026-07-17,92101,San Diego,California,2026-07-17,77.1,68.2,Sunny
2026-07-17,92101,San Diego,California,2026-07-18,76.2,69.5,Sunny
2026-07-17,92101,San Diego,California,2026-07-19,78.4,69.7,Sunny
2026-07-17,75201,Dallas,Texas,2026-07-17,93.7,76.3,Sunny
2026-07-17,75201,Dallas,Texas,2026-07-18,94.8,77.0,Sunny
2026-07-17,75201,Dallas,Texas,2026-07-19,99.3,79.3,Sunny
2026-07-17,95101,San Jose,California,2026-07-17,89.1,54.3,Sunny
2026-07-17,95101,San Jose,California,2026-07-18,88.2,51.5,Sunny
2026-07-17,95101,San Jose,California,2026-07-19,90.2,53.7,Sunny
2026-07-17,78701,Austin,Texas,2026-07-17,94.3,74.8,Sunny
2026-07-17,78701,Austin,Texas,2026-07-18,94.6,75.1,Sunny
2026-07-17,78701,Austin,Texas,2026-07-19,97.4,74.4,Sunny
2026-07-17,30301,Atlanta,Georgia,2026-07-17,95.5,75.6,Sunny
2026-07-17,30301,Atlanta,Georgia,2026-07-18,95.1,74.2,Sunny
2026-07-17,30301,Atlanta,Georgia,2026-07-19,95.7,74.5,Sunny
2026-07-17,28201,Charlotte,North Carolina,2026-07-17,101.5,79.2,Sunny
2026-07-17,28201,Charlotte,North Carolina,2026-07-18,97.4,78.1,Sunny
2026-07-17,28201,Charlotte,North Carolina,2026-07-19,98.4,74.2,Sunny
2026-07-17,80201,Denver,Colorado,2026-07-17,94.0,67.6,Sunny
2026-07-17,80201,Denver,Colorado,2026-07-18,96.4,66.7,Sunny
2026-07-17,80201,Denver,Colorado,2026-07-19,100.6,70.1,Sunny
2026-07-17,37201,Nashville,Tennessee,2026-07-17,93.0,74.5,Sunny
2026-07-17,37201,Nashville,Tennessee,2026-07-18,90.3,71.7,Sunny
2026-07-17,37201,Nashville,Tennessee,2026-07-19,91.6,71.1,Patchy rain nearby
2026-07-17,97201,Portland,Oregon,2026-07-17,81.3,55.8,Sunny
2026-07-17,97201,Portland,Oregon,2026-07-18,83.9,54.7,Sunny
2026-07-17,97201,Portland,Oregon,2026-07-19,87.0,55.1,Sunny
2026-07-17,89101,Las Vegas,Nevada,2026-07-17,93.0,76.6,Sunny
2026-07-17,89101,Las Vegas,Nevada,2026-07-18,101.6,78.3,Sunny
2026-07-17,89101,Las Vegas,Nevada,2026-07-19,104.9,83.7,Sunny
2026-07-17,02101,Boston,Massachusetts,2026-07-17,89.1,62.6,Sunny
2026-07-17,02101,Boston,Massachusetts,2026-07-18,90.7,62.3,Sunny
2026-07-17,02101,Boston,Massachusetts,2026-07-19,83.6,67.4,Sunny
2026-07-18,90045,Los Angeles,California,2026-07-18,78.4,68.5,Sunny
2026-07-18,90045,Los Angeles,California,2026-07-19,79.4,69.9,Sunny
2026-07-18,90045,Los Angeles,California,2026-07-20,79.9,70.6,Sunny
2026-07-18,10001,New York,New York,2026-07-18,78.3,69.1,Smoky haze
2026-07-18,10001,New York,New York,2026-07-19,83.8,69.4,Sunny
2026-07-18,10001,New York,New York,2026-07-20,82.3,66.9,Sunny
2026-07-18,60601,Chicago,Illinois,2026-07-18,88.9,73.4,Sunny
2026-07-18,60601,Chicago,Illinois,2026-07-19,79.1,70.9,Sunny
2026-07-18,60601,Chicago,Illinois,2026-07-20,83.2,69.2,Sunny
2026-07-18,98101,Seattle,Washington,2026-07-18,80.0,55.0,Sunny
2026-07-18,98101,Seattle,Washington,2026-07-19,79.6,51.7,Sunny
2026-07-18,98101,Seattle,Washington,2026-07-20,85.3,54.8,Overcast
2026-07-18,33101,Miami,Florida,2026-07-18,90.0,78.4,Sunny
2026-07-18,33101,Miami,Florida,2026-07-19,88.2,84.3,Sunny
2026-07-18,33101,Miami,Florida,2026-07-20,88.5,84.0,Sunny
2026-07-18,77001,Houston,Texas,2026-07-18,95.0,78.6,Sunny
2026-07-18,77001,Houston,Texas,2026-07-19,96.8,76.6,Sunny
2026-07-18,77001,Houston,Texas,2026-07-20,99.8,76.1,Sunny
2026-07-18,85001,Phoenix,Arizona,2026-07-18,94.0,78.1,Sunny
2026-07-18,85001,Phoenix,Arizona,2026-07-19,102.1,87.8,Sunny
2026-07-18,85001,Phoenix,Arizona,2026-07-20,101.5,89.5,Sunny
2026-07-18,19101,Philadelphia,Pennsylvania,2026-07-18,93.4,71.3,Smoky haze
2026-07-18,19101,Philadelphia,Pennsylvania,2026-07-19,83.7,68.4,Sunny
2026-07-18,19101,Philadelphia,Pennsylvania,2026-07-20,86.9,64.2,Sunny
2026-07-18,78201,San Antonio,Texas,2026-07-18,96.1,76.1,Sunny
2026-07-18,78201,San Antonio,Texas,2026-07-19,95.5,74.5,Sunny
2026-07-18,78201,San Antonio,Texas,2026-07-20,98.9,72.1,Sunny
2026-07-18,92101,San Diego,California,2026-07-18,77.1,66.9,Sunny
2026-07-18,92101,San Diego,California,2026-07-19,78.6,69.9,Sunny
2026-07-18,92101,San Diego,California,2026-07-20,80.4,71.7,Sunny
2026-07-18,75201,Dallas,Texas,2026-07-18,97.4,77.2,Sunny
2026-07-18,75201,Dallas,Texas,2026-07-19,100.9,79.1,Sunny
2026-07-18,75201,Dallas,Texas,2026-07-20,103.5,81.8,Sunny
2026-07-18,95101,San Jose,California,2026-07-18,90.6,54.1,Sunny
2026-07-18,95101,San Jose,California,2026-07-19,91.9,57.0,Sunny
2026-07-18,95101,San Jose,California,2026-07-20,93.1,58.3,Sunny
2026-07-18,78701,Austin,Texas,2026-07-18,96.8,76.8,Sunny
2026-07-18,78701,Austin,Texas,2026-07-19,98.8,73.9,Sunny
2026-07-18,78701,Austin,Texas,2026-07-20,100.3,73.9,Sunny
2026-07-18,30301,Atlanta,Georgia,2026-07-18,93.3,70.0,Sunny
2026-07-18,30301,Atlanta,Georgia,2026-07-19,96.7,75.8,Sunny
2026-07-18,30301,Atlanta,Georgia,2026-07-20,96.1,75.3,Sunny
2026-07-18,28201,Charlotte,North Carolina,2026-07-18,95.7,77.9,Sunny
2026-07-18,28201,Charlotte,North Carolina,2026-07-19,98.7,76.1,Sunny
2026-07-18,28201,Charlotte,North Carolina,2026-07-20,94.8,74.0,Sunny
2026-07-18,80201,Denver,Colorado,2026-07-18,96.1,66.6,Sunny
2026-07-18,80201,Denver,Colorado,2026-07-19,99.4,68.8,Sunny
2026-07-18,80201,Denver,Colorado,2026-07-20,101.8,73.2,Sunny
2026-07-18,37201,Nashville,Tennessee,2026-07-18,91.5,75.4,Sunny
2026-07-18,37201,Nashville,Tennessee,2026-07-19,89.5,72.1,Patchy rain nearby
2026-07-18,37201,Nashville,Tennessee,2026-07-20,93.2,73.7,Sunny
2026-07-18,97201,Portland,Oregon,2026-07-18,83.6,54.7,Sunny
2026-07-18,97201,Portland,Oregon,2026-07-19,87.3,54.2,Sunny
2026-07-18,97201,Portland,Oregon,2026-07-20,90.7,60.5,Sunny
2026-07-18,89101,Las Vegas,Nevada,2026-07-18,100.9,75.4,Sunny
2026-07-18,89101,Las Vegas,Nevada,2026-07-19,103.2,84.3,Sunny
2026-07-18,89101,Las Vegas,Nevada,2026-07-20,102.0,84.5,Sunny
2026-07-18,02101,Boston,Massachusetts,2026-07-18,93.4,63.7,Smoky haze
2026-07-18,02101,Boston,Massachusetts,2026-07-19,82.0,66.7,Sunny
2026-07-18,02101,Boston,Massachusetts,2026-07-20,82.1,59.4,Sunny
2026-07-19,90045,Los Angeles,California,2026-07-19,78.3,65.5,Sunny
2026-07-19,90045,Los Angeles,California,2026-07-20,80.0,70.0,Sunny
2026-07-19,90045,Los Angeles,California,2026-07-21,81.2,71.3,Sunny
2026-07-19,10001,New York,New York,2026-07-19,82.9,70.0,Sunny
2026-07-19,10001,New York,New York,2026-07-20,82.6,66.7,Sunny
2026-07-19,10001,New York,New York,2026-07-21,80.6,72.9,Sunny
2026-07-19,60601,Chicago,Illinois,2026-07-19,77.0,70.6,Sunny
2026-07-19,60601,Chicago,Illinois,2026-07-20,82.6,66.4,Sunny
2026-07-19,60601,Chicago,Illinois,2026-07-21,83.0,70.0,Sunny
2026-07-19,98101,Seattle,Washington,2026-07-19,79.0,54.1,Sunny
2026-07-19,98101,Seattle,Washington,2026-07-20,83.0,54.0,Overcast
2026-07-19,98101,Seattle,Washington,2026-07-21,89.5,59.8,Sunny
2026-07-19,33101,Miami,Florida,2026-07-19,94.5,80.8,Sunny
2026-07-19,33101,Miami,Florida,2026-07-20,88.1,84.4,Patchy rain nearby
2026-07-19,33101,Miami,Florida,2026-07-21,88.2,84.1,Sunny
2026-07-19,77001,Houston,Texas,2026-07-19,97.6,76.3,Sunny
2026-07-19,77001,Houston,Texas,2026-07-20,100.9,76.3,Sunny
2026-07-19,77001,Houston,Texas,2026-07-21,101.1,78.0,Sunny
2026-07-19,85001,Phoenix,Arizona,2026-07-19,101.0,80.2,Sunny
2026-07-19,85001,Phoenix,Arizona,2026-07-20,103.0,88.9,Sunny
2026-07-19,85001,Phoenix,Arizona,2026-07-21,103.7,89.8,Sunny
2026-07-19,19101,Philadelphia,Pennsylvania,2026-07-19,85.3,70.7,Sunny
2026-07-19,19101,Philadelphia,Pennsylvania,2026-07-20,86.9,64.3,Sunny
2026-07-19,19101,Philadelphia,Pennsylvania,2026-07-21,90.1,70.3,Sunny
2026-07-19,78201,San Antonio,Texas,2026-07-19,96.2,76.5,Sunny
2026-07-19,78201,San Antonio,Texas,2026-07-20,99.0,72.6,Sunny
2026-07-19,78201,San Antonio,Texas,2026-07-21,100.3,73.4,Sunny
2026-07-19,92101,San Diego,California,2026-07-19,77.5,68.2,Sunny
2026-07-19,92101,San Diego,California,2026-07-20,80.1,70.5,Sunny
2026-07-19,92101,San Diego,California,2026-07-21,78.5,71.9,Sunny
2026-07-19,75201,Dallas,Texas,2026-07-19,100.0,79.5,Sunny
2026-07-19,75201,Dallas,Texas,2026-07-20,102.2,80.8,Sunny
2026-07-19,75201,Dallas,Texas,2026-07-21,105.0,82.2,Sunny
2026-07-19,95101,San Jose,California,2026-07-19,89.7,56.5,Sunny
2026-07-19,95101,San Jose,California,2026-07-20,82.6,57.3,Partly Cloudy
2026-07-19,95101,San Jose,California,2026-07-21,90.6,58.5,Sunny
2026-07-19,78701,Austin,Texas,2026-07-19,94.9,76.6,Sunny
2026-07-19,78701,Austin,Texas,2026-07-20,98.4,73.3,Sunny
2026-07-19,78701,Austin,Texas,2026-07-21,100.4,74.2,Sunny
2026-07-19,30301,Atlanta,Georgia,2026-07-19,96.8,73.2,Sunny
2026-07-19,30301,Atlanta,Georgia,2026-07-20,94.7,74.1,Sunny
2026-07-19,30301,Atlanta,Georgia,2026-07-21,96.9,76.6,Sunny
2026-07-19,28201,Charlotte,North Carolina,2026-07-19,97.7,74.5,Sunny
2026-07-19,28201,Charlotte,North Carolina,2026-07-20,96.0,73.0,Partly Cloudy
2026-07-19,28201,Charlotte,North Carolina,2026-07-21,98.1,75.2,Partly Cloudy
2026-07-19,80201,Denver,Colorado,2026-07-19,98.3,67.3,Sunny
2026-07-19,80201,Denver,Colorado,2026-07-20,100.9,72.0,Sunny
2026-07-19,80201,Denver,Colorado,2026-07-21,95.3,72.6,Sunny
2026-07-19,37201,Nashville,Tennessee,2026-07-19,92.1,75.3,Sunny
2026-07-19,37201,Nashville,Tennessee,2026-07-20,88.2,72.6,Sunny
2026-07-19,37201,Nashville,Tennessee,2026-07-21,96.3,73.1,Sunny
2026-07-19,97201,Portland,Oregon,2026-07-19,87.1,56.3,Sunny
2026-07-19,97201,Portland,Oregon,2026-07-20,88.9,60.1,Overcast
2026-07-19,97201,Portland,Oregon,2026-07-21,93.2,65.6,Sunny
2026-07-19,89101,Las Vegas,Nevada,2026-07-19,101.3,82.4,Sunny
2026-07-19,89101,Las Vegas,Nevada,2026-07-20,101.4,82.8,Sunny
2026-07-19,89101,Las Vegas,Nevada,2026-07-21,103.3,82.8,Patchy rain nearby
2026-07-19,02101,Boston,Massachusetts,2026-07-19,84.6,65.8,Sunny
2026-07-19,02101,Boston,Massachusetts,2026-07-20,85.0,59.2,Sunny
2026-07-19,02101,Boston,Massachusetts,2026-07-21,82.5,61.3,Sunny
2026-07-20,90045,Los Angeles,California,2026-07-20,79.8,62.2,Sunny
2026-07-20,90045,Los Angeles,California,2026-07-21,81.2,71.0,Sunny
2026-07-20,90045,Los Angeles,California,2026-07-22,81.5,71.6,Sunny
2026-07-20,10001,New York,New York,2026-07-20,85.6,59.0,Sunny
2026-07-20,10001,New York,New York,2026-07-21,80.9,72.0,Sunny
2026-07-20,10001,New York,New York,2026-07-22,86.7,71.0,Sunny
2026-07-20,60601,Chicago,Illinois,2026-07-20,83.9,69.1,Smoky haze
2026-07-20,60601,Chicago,Illinois,2026-07-21,82.7,67.4,Patchy rain nearby
2026-07-20,60601,Chicago,Illinois,2026-07-22,72.2,61.1,Sunny
2026-07-20,98101,Seattle,Washington,2026-07-20,86.6,56.5,Sunny
2026-07-20,98101,Seattle,Washington,2026-07-21,91.4,61.0,Sunny
2026-07-20,98101,Seattle,Washington,2026-07-22,93.4,61.6,Sunny
2026-07-20,33101,Miami,Florida,2026-07-20,92.8,82.4,Sunny
2026-07-20,33101,Miami,Florida,2026-07-21,88.2,84.0,Sunny
2026-07-20,33101,Miami,Florida,2026-07-22,88.5,84.1,Patchy rain nearby
2026-07-20,77001,Houston,Texas,2026-07-20,100.4,77.2,Sunny
2026-07-20,77001,Houston,Texas,2026-07-21,102.9,77.4,Sunny
2026-07-20,77001,Houston,Texas,2026-07-22,107.2,80.7,Partly Cloudy
2026-07-20,85001,Phoenix,Arizona,2026-07-20,104.2,83.1,Sunny
2026-07-20,85001,Phoenix,Arizona,2026-07-21,101.9,88.7,Sunny
2026-07-20,85001,Phoenix,Arizona,2026-07-22,105.0,88.3,Sunny
2026-07-20,19101,Philadelphia,Pennsylvania,2026-07-20,87.1,61.7,Sunny
2026-07-20,19101,Philadelphia,Pennsylvania,2026-07-21,89.5,70.4,Light rain shower
2026-07-20,19101,Philadelphia,Pennsylvania,2026-07-22,83.4,69.8,Sunny
2026-07-20,78201,San Antonio,Texas,2026-07-20,98.7,74.5,Sunny
2026-07-20,78201,San Antonio,Texas,2026-07-21,99.8,73.6,Sunny
2026-07-20,78201,San Antonio,Texas,2026-07-22,103.4,76.7,Sunny
2026-07-20,92101,San Diego,California,2026-07-20,79.6,65.3,Sunny
2026-07-20,92101,San Diego,California,2026-07-21,79.6,72.0,Sunny
2026-07-20,92101,San Diego,California,2026-07-22,79.4,71.2,Sunny
2026-07-20,75201,Dallas,Texas,2026-07-20,102.9,81.0,Sunny
2026-07-20,75201,Dallas,Texas,2026-07-21,106.7,84.0,Sunny
2026-07-20,75201,Dallas,Texas,2026-07-22,109.2,89.0,Sunny
2026-07-20,95101,San Jose,California,2026-07-20,92.7,57.2,Partly Cloudy
2026-07-20,95101,San Jose,California,2026-07-21,94.5,61.4,Partly Cloudy
2026-07-20,95101,San Jose,California,2026-07-22,95.2,64.3,Sunny
2026-07-20,78701,Austin,Texas,2026-07-20,99.0,76.5,Sunny
2026-07-20,78701,Austin,Texas,2026-07-21,102.8,74.7,Sunny
2026-07-20,78701,Austin,Texas,2026-07-22,108.1,79.6,Sunny
2026-07-20,30301,Atlanta,Georgia,2026-07-20,95.5,72.9,Sunny
2026-07-20,30301,Atlanta,Georgia,2026-07-21,94.9,75.5,Sunny
2026-07-20,30301,Atlanta,Georgia,2026-07-22,92.7,75.3,Cloudy
2026-07-20,28201,Charlotte,North Carolina,2026-07-20,96.1,75.6,Sunny
2026-07-20,28201,Charlotte,North Carolina,2026-07-21,96.3,77.2,Sunny
2026-07-20,28201,Charlotte,North Carolina,2026-07-22,86.3,75.6,Patchy rain nearby
2026-07-20,80201,Denver,Colorado,2026-07-20,100.6,73.1,Sunny
2026-07-20,80201,Denver,Colorado,2026-07-21,97.9,71.2,Sunny
2026-07-20,80201,Denver,Colorado,2026-07-22,98.8,71.0,Sunny
2026-07-20,37201,Nashville,Tennessee,2026-07-20,91.4,75.9,Overcast
2026-07-20,37201,Nashville,Tennessee,2026-07-21,92.8,73.0,Sunny
2026-07-20,37201,Nashville,Tennessee,2026-07-22,82.8,67.6,Patchy rain nearby
2026-07-20,97201,Portland,Oregon,2026-07-20,90.5,59.7,Sunny
2026-07-20,97201,Portland,Oregon,2026-07-21,97.1,65.8,Sunny
2026-07-20,97201,Portland,Oregon,2026-07-22,98.9,67.0,Sunny
2026-07-20,89101,Las Vegas,Nevada,2026-07-20,103.8,81.9,Sunny
2026-07-20,89101,Las Vegas,Nevada,2026-07-21,104.3,83.9,Sunny
2026-07-20,89101,Las Vegas,Nevada,2026-07-22,105.6,87.6,Sunny
2026-07-20,02101,Boston,Massachusetts,2026-07-20,85.8,57.9,Sunny
2026-07-20,02101,Boston,Massachusetts,2026-07-21,81.7,61.0,Sunny
2026-07-20,02101,Boston,Massachusetts,2026-07-22,85.6,67.8,Patchy rain nearby
2026-07-21,90045,Los Angeles,California,2026-07-21,79.1,65.3,Sunny
2026-07-21,90045,Los Angeles,California,2026-07-22,82.8,71.8,Sunny
2026-07-21,90045,Los Angeles,California,2026-07-23,82.2,72.1,Sunny
2026-07-21,10001,New York,New York,2026-07-21,82.9,69.4,Sunny
2026-07-21,10001,New York,New York,2026-07-22,86.9,71.8,Partly Cloudy
2026-07-21,10001,New York,New York,2026-07-23,82.7,65.8,Sunny
2026-07-21,60601,Chicago,Illinois,2026-07-21,84.7,67.8,Patchy rain nearby
2026-07-21,60601,Chicago,Illinois,2026-07-22,69.3,62.6,Patchy rain nearby
2026-07-21,60601,Chicago,Illinois,2026-07-23,75.1,61.4,Sunny
2026-07-21,98101,Seattle,Washington,2026-07-21,93.2,61.5,Sunny
2026-07-21,98101,Seattle,Washington,2026-07-22,94.2,62.3,Sunny
2026-07-21,98101,Seattle,Washington,2026-07-23,87.6,63.1,Sunny
2026-07-21,33101,Miami,Florida,2026-07-21,91.6,81.3,Sunny
2026-07-21,33101,Miami,Florida,2026-07-22,88.0,83.4,Sunny
2026-07-21,33101,Miami,Florida,2026-07-23,88.3,84.5,Partly Cloudy
2026-07-21,77001,Houston,Texas,2026-07-21,102.3,76.3,Sunny
2026-07-21,77001,Houston,Texas,2026-07-22,106.7,81.1,Sunny
2026-07-21,77001,Houston,Texas,2026-07-23,97.9,81.2,Sunny
2026-07-21,85001,Phoenix,Arizona,2026-07-21,101.5,77.5,Sunny
2026-07-21,85001,Phoenix,Arizona,2026-07-22,105.3,89.9,Sunny
2026-07-21,85001,Phoenix,Arizona,2026-07-23,111.2,96.8,Sunny
2026-07-21,19101,Philadelphia,Pennsylvania,2026-07-21,89.1,70.2,Patchy rain nearby
2026-07-21,19101,Philadelphia,Pennsylvania,2026-07-22,85.6,71.9,Patchy rain nearby
2026-07-21,19101,Philadelphia,Pennsylvania,2026-07-23,82.3,65.7,Sunny
2026-07-21,78201,San Antonio,Texas,2026-07-21,99.8,75.0,Sunny
2026-07-21,78201,San Antonio,Texas,2026-07-22,103.3,77.7,Sunny
2026-07-21,78201,San Antonio,Texas,2026-07-23,103.2,82.6,Sunny
2026-07-21,92101,San Diego,California,2026-07-21,80.6,65.7,Sunny
2026-07-21,92101,San Diego,California,2026-07-22,79.8,73.6,Sunny
2026-07-21,92101,San Diego,California,2026-07-23,80.3,71.9,Sunny
2026-07-21,75201,Dallas,Texas,2026-07-21,107.6,80.8,Sunny
2026-07-21,75201,Dallas,Texas,2026-07-22,107.7,89.1,Sunny
2026-07-21,75201,Dallas,Texas,2026-07-23,103.7,81.1,Sunny
2026-07-21,95101,San Jose,California,2026-07-21,95.5,59.2,Sunny
2026-07-21,95101,San Jose,California,2026-07-22,92.1,64.2,Sunny
2026-07-21,95101,San Jose,California,2026-07-23,83.5,57.9,Sunny
2026-07-21,78701,Austin,Texas,2026-07-21,104.0,76.5,Sunny
2026-07-21,78701,Austin,Texas,2026-07-22,109.0,81.6,Sunny
2026-07-21,78701,Austin,Texas,2026-07-23,105.2,84.9,Sunny
2026-07-21,30301,Atlanta,Georgia,2026-07-21,96.0,73.2,Partly Cloudy
2026-07-21,30301,Atlanta,Georgia,2026-07-22,91.3,74.9,Sunny
2026-07-21,30301,Atlanta,Georgia,2026-07-23,86.1,75.7,Partly Cloudy
2026-07-21,28201,Charlotte,North Carolina,2026-07-21,98.1,76.1,Sunny
2026-07-21,28201,Charlotte,North Carolina,2026-07-22,95.8,78.6,Partly Cloudy
2026-07-21,28201,Charlotte,North Carolina,2026-07-23,81.5,71.0,Patchy rain nearby
2026-07-21,80201,Denver,Colorado,2026-07-21,97.7,71.1,Sunny
2026-07-21,80201,Denver,Colorado,2026-07-22,96.8,68.2,Sunny
2026-07-21,80201,Denver,Colorado,2026-07-23,92.7,66.0,Sunny
2026-07-21,37201,Nashville,Tennessee,2026-07-21,92.5,75.7,Sunny
2026-07-21,37201,Nashville,Tennessee,2026-07-22,83.2,70.2,Patchy rain nearby
2026-07-21,37201,Nashville,Tennessee,2026-07-23,80.4,64.0,Sunny
2026-07-21,97201,Portland,Oregon,2026-07-21,100.3,67.5,Sunny
2026-07-21,97201,Portland,Oregon,2026-07-22,101.4,67.8,Sunny
2026-07-21,97201,Portland,Oregon,2026-07-23,91.0,66.8,Sunny
2026-07-21,89101,Las Vegas,Nevada,2026-07-21,102.1,83.8,Sunny
2026-07-21,89101,Las Vegas,Nevada,2026-07-22,104.8,83.6,Sunny
2026-07-21,89101,Las Vegas,Nevada,2026-07-23,109.1,86.4,Sunny
2026-07-21,02101,Boston,Massachusetts,2026-07-21,86.4,61.5,Sunny
2026-07-21,02101,Boston,Massachusetts,2026-07-22,82.1,67.7,Patchy rain nearby
2026-07-21,02101,Boston,Massachusetts,2026-07-23,75.9,60.0,Sunny
2026-07-22,90045,Los Angeles,California,2026-07-22,80.7,66.7,Sunny
2026-07-22,90045,Los Angeles,California,2026-07-23,84.3,73.0,Sunny
2026-07-22,90045,Los Angeles,California,2026-07-24,84.2,73.9,Sunny
2026-07-22,10001,New York,New York,2026-07-22,86.2,72.1,Sunny
2026-07-22,10001,New York,New York,2026-07-23,82.6,66.8,Sunny
2026-07-22,10001,New York,New York,2026-07-24,83.6,68.5,Sunny
2026-07-22,60601,Chicago,Illinois,2026-07-22,72.7,63.7,Sunny
2026-07-22,60601,Chicago,Illinois,2026-07-23,76.0,61.5,Sunny
2026-07-22,60601,Chicago,Illinois,2026-07-24,78.2,66.4,Sunny
2026-07-22,98101,Seattle,Washington,2026-07-22,93.7,62.8,Sunny
2026-07-22,98101,Seattle,Washington,2026-07-23,79.8,60.7,Sunny
2026-07-22,98101,Seattle,Washington,2026-07-24,84.9,56.6,Sunny
2026-07-22,33101,Miami,Florida,2026-07-22,90.5,80.6,Sunny
2026-07-22,33101,Miami,Florida,2026-07-23,88.7,84.3,Patchy rain nearby
2026-07-22,33101,Miami,Florida,2026-07-24,88.0,83.2,Sunny
2026-07-22,77001,Houston,Texas,2026-07-22,105.9,77.5,Sunny
2026-07-22,77001,Houston,Texas,2026-07-23,95.7,78.4,Sunny
2026-07-22,77001,Houston,Texas,2026-07-24,96.8,78.3,Partly Cloudy
2026-07-22,85001,Phoenix,Arizona,2026-07-22,102.4,80.4,Sunny
2026-07-22,85001,Phoenix,Arizona,2026-07-23,109.0,94.5,Sunny
2026-07-22,85001,Phoenix,Arizona,2026-07-24,114.2,98.2,Sunny
2026-07-22,19101,Philadelphia,Pennsylvania,2026-07-22,87.1,72.9,Partly Cloudy
2026-07-22,19101,Philadelphia,Pennsylvania,2026-07-23,83.2,65.8,Sunny
2026-07-22,19101,Philadelphia,Pennsylvania,2026-07-24,84.9,64.5,Sunny
2026-07-22,78201,San Antonio,Texas,2026-07-22,103.1,77.0,Sunny
2026-07-22,78201,San Antonio,Texas,2026-07-23,101.2,82.4,Sunny
2026-07-22,78201,San Antonio,Texas,2026-07-24,99.3,79.9,Partly Cloudy
2026-07-22,92101,San Diego,California,2026-07-22,79.1,70.3,Sunny
2026-07-22,92101,San Diego,California,2026-07-23,81.3,72.1,Sunny
2026-07-22,92101,San Diego,California,2026-07-24,79.7,72.8,Sunny
2026-07-22,75201,Dallas,Texas,2026-07-22,108.3,86.0,Sunny
2026-07-22,75201,Dallas,Texas,2026-07-23,102.6,81.4,Sunny
2026-07-22,75201,Dallas,Texas,2026-07-24,102.4,82.4,Partly Cloudy
2026-07-22,95101,San Jose,California,2026-07-22,88.6,60.5,Sunny
2026-07-22,95101,San Jose,California,2026-07-23,83.2,55.3,Sunny
2026-07-22,95101,San Jose,California,2026-07-24,88.2,53.4,Sunny
2026-07-22,78701,Austin,Texas,2026-07-22,107.8,79.2,Sunny
2026-07-22,78701,Austin,Texas,2026-07-23,101.9,83.8,Sunny
2026-07-22,78701,Austin,Texas,2026-07-24,98.5,79.4,Partly Cloudy
2026-07-22,30301,Atlanta,Georgia,2026-07-22,92.5,74.1,Sunny
2026-07-22,30301,Atlanta,Georgia,2026-07-23,91.9,75.6,Patchy rain nearby
2026-07-22,30301,Atlanta,Georgia,2026-07-24,87.5,74.7,Light rain shower
2026-07-22,28201,Charlotte,North Carolina,2026-07-22,97.0,77.4,Sunny
2026-07-22,28201,Charlotte,North Carolina,2026-07-23,80.0,71.7,Light rain shower
2026-07-22,28201,Charlotte,North Carolina,2026-07-24,73.1,69.0,Mist
2026-07-22,80201,Denver,Colorado,2026-07-22,96.3,67.1,Sunny
2026-07-22,80201,Denver,Colorado,2026-07-23,90.2,69.4,Partly Cloudy
2026-07-22,80201,Denver,Colorado,2026-07-24,97.9,67.7,Sunny
2026-07-22,37201,Nashville,Tennessee,2026-07-22,87.8,71.6,Sunny
2026-07-22,37201,Nashville,Tennessee,2026-07-23,81.5,65.0,Sunny
2026-07-22,37201,Nashville,Tennessee,2026-07-24,84.6,65.8,Sunny
2026-07-22,97201,Portland,Oregon,2026-07-22,97.0,71.1,Sunny
2026-07-22,97201,Portland,Oregon,2026-07-23,86.9,63.7,Sunny
2026-07-22,97201,Portland,Oregon,2026-07-24,88.2,60.4,Sunny
2026-07-22,89101,Las Vegas,Nevada,2026-07-22,104.6,81.3,Sunny
2026-07-22,89101,Las Vegas,Nevada,2026-07-23,108.1,87.0,Sunny
2026-07-22,89101,Las Vegas,Nevada,2026-07-24,111.4,90.7,Sunny
2026-07-22,02101,Boston,Massachusetts,2026-07-22,87.1,68.0,Partly Cloudy
2026-07-22,02101,Boston,Massachusetts,2026-07-23,77.2,62.0,Sunny
2026-07-22,02101,Boston,Massachusetts,2026-07-24,81.1,58.4,Sunny
2026-07-23,90045,Los Angeles,California,2026-07-23,83.4,63.3,Sunny
2026-07-23,90045,Los Angeles,California,2026-07-24,83.7,74.0,Sunny
2026-07-23,90045,Los Angeles,California,2026-07-25,83.6,73.4,Sunny
2026-07-23,10001,New York,New York,2026-07-23,85.3,62.1,Sunny
2026-07-23,10001,New York,New York,2026-07-24,82.9,68.8,Sunny
2026-07-23,10001,New York,New York,2026-07-25,83.6,68.4,Sunny
2026-07-23,60601,Chicago,Illinois,2026-07-23,75.1,63.1,Sunny
2026-07-23,60601,Chicago,Illinois,2026-07-24,77.7,66.0,Sunny
2026-07-23,60601,Chicago,Illinois,2026-07-25,77.1,65.5,Patchy rain nearby
2026-07-23,98101,Seattle,Washington,2026-07-23,77.6,61.9,Patchy rain nearby
2026-07-23,98101,Seattle,Washington,2026-07-24,86.3,56.2,Sunny
2026-07-23,98101,Seattle,Washington,2026-07-25,77.4,56.6,Partly Cloudy
2026-07-23,33101,Miami,Florida,2026-07-23,90.0,79.3,Sunny
2026-07-23,33101,Miami,Florida,2026-07-24,87.5,84.2,Patchy rain nearby
2026-07-23,33101,Miami,Florida,2026-07-25,88.3,80.6,Patchy rain nearby
2026-07-23,77001,Houston,Texas,2026-07-23,93.4,79.7,Sunny
2026-07-23,77001,Houston,Texas,2026-07-24,94.1,79.6,Patchy rain nearby
2026-07-23,77001,Houston,Texas,2026-07-25,99.2,78.6,Sunny
2026-07-23,85001,Phoenix,Arizona,2026-07-23,109.6,85.3,Sunny
2026-07-23,85001,Phoenix,Arizona,2026-07-24,114.0,98.1,Sunny
2026-07-23,85001,Phoenix,Arizona,2026-07-25,115.8,92.1,Dust haze
2026-07-23,19101,Philadelphia,Pennsylvania,2026-07-23,85.1,63.9,Sunny
2026-07-23,19101,Philadelphia,Pennsylvania,2026-07-24,85.0,64.6,Sunny
2026-07-23,19101,Philadelphia,Pennsylvania,2026-07-25,87.5,64.7,Sunny
2026-07-23,78201,San Antonio,Texas,2026-07-23,101.3,80.6,Sunny
2026-07-23,78201,San Antonio,Texas,2026-07-24,99.7,77.7,Sunny
2026-07-23,78201,San Antonio,Texas,2026-07-25,99.4,73.5,Sunny
2026-07-23,92101,San Diego,California,2026-07-23,81.6,65.8,Sunny
2026-07-23,92101,San Diego,California,2026-07-24,80.0,73.2,Sunny
2026-07-23,92101,San Diego,California,2026-07-25,81.8,72.6,Sunny
2026-07-23,75201,Dallas,Texas,2026-07-23,102.2,80.2,Sunny
2026-07-23,75201,Dallas,Texas,2026-07-24,98.3,78.5,Sunny
2026-07-23,75201,Dallas,Texas,2026-07-25,102.0,81.2,Sunny
2026-07-23,95101,San Jose,California,2026-07-23,83.1,57.5,Sunny
2026-07-23,95101,San Jose,California,2026-07-24,88.2,53.6,Sunny
2026-07-23,95101,San Jose,California,2026-07-25,88.5,54.7,Sunny
2026-07-23,78701,Austin,Texas,2026-07-23,102.0,82.8,Sunny
2026-07-23,78701,Austin,Texas,2026-07-24,100.6,77.9,Sunny
2026-07-23,78701,Austin,Texas,2026-07-25,99.7,75.2,Sunny
2026-07-23,30301,Atlanta,Georgia,2026-07-23,95.0,73.6,Sunny
2026-07-23,30301,Atlanta,Georgia,2026-07-24,86.5,76.4,Patchy rain nearby
2026-07-23,30301,Atlanta,Georgia,2026-07-25,80.5,74.6,Partly Cloudy
2026-07-23,28201,Charlotte,North Carolina,2026-07-23,87.6,69.6,Sunny
2026-07-23,28201,Charlotte,North Carolina,2026-07-24,73.2,69.1,Light rain shower
2026-07-23,28201,Charlotte,North Carolina,2026-07-25,72.9,69.3,Patchy rain nearby
2026-07-23,80201,Denver,Colorado,2026-07-23,90.0,65.8,Sunny
2026-07-23,80201,Denver,Colorado,2026-07-24,97.4,68.5,Sunny
2026-07-23,80201,Denver,Colorado,2026-07-25,101.3,73.5,Sunny
2026-07-23,37201,Nashville,Tennessee,2026-07-23,87.4,66.0,Sunny
2026-07-23,37201,Nashville,Tennessee,2026-07-24,83.6,65.6,Sunny
2026-07-23,37201,Nashville,Tennessee,2026-07-25,84.6,67.2,Patchy rain nearby
2026-07-23,97201,Portland,Oregon,2026-07-23,83.7,63.3,Sunny
2026-07-23,97201,Portland,Oregon,2026-07-24,89.2,60.3,Sunny
2026-07-23,97201,Portland,Oregon,2026-07-25,78.3,57.4,Sunny
2026-07-23,89101,Las Vegas,Nevada,2026-07-23,108.0,82.9,Sunny
2026-07-23,89101,Las Vegas,Nevada,2026-07-24,111.0,87.7,Sunny
2026-07-23,89101,Las Vegas,Nevada,2026-07-25,112.4,89.2,Sunny
2026-07-23,02101,Boston,Massachusetts,2026-07-23,79.9,59.5,Sunny
2026-07-23,02101,Boston,Massachusetts,2026-07-24,80.3,58.7,Sunny
2026-07-23,02101,Boston,Massachusetts,2026-07-25,75.2,59.5,Sunny
2026-07-24,90045,Los Angeles,California,2026-07-24,82.4,63.7,Sunny
2026-07-24,90045,Los Angeles,California,2026-07-25,83.0,73.2,Sunny
2026-07-24,90045,Los Angeles,California,2026-07-26,82.6,74.1,Sunny
2026-07-24,10001,New York,New York,2026-07-24,89.1,61.7,Sunny
2026-07-24,10001,New York,New York,2026-07-25,82.2,69.4,Sunny
2026-07-24,10001,New York,New York,2026-07-26,86.5,68.3,Sunny
2026-07-24,60601,Chicago,Illinois,2026-07-24,76.3,65.8,Sunny
2026-07-24,60601,Chicago,Illinois,2026-07-25,79.2,63.5,Patchy rain nearby
2026-07-24,60601,Chicago,Illinois,2026-07-26,90.3,71.2,Patchy rain nearby
2026-07-24,98101,Seattle,Washington,2026-07-24,85.6,58.6,Sunny
2026-07-24,98101,Seattle,Washington,2026-07-25,77.5,56.3,Partly Cloudy
2026-07-24,98101,Seattle,Washington,2026-07-26,78.8,57.6,Partly Cloudy
2026-07-24,33101,Miami,Florida,2026-07-24,92.1,79.0,Sunny
2026-07-24,33101,Miami,Florida,2026-07-25,88.2,84.1,Patchy rain nearby
2026-07-24,33101,Miami,Florida,2026-07-26,90.4,80.5,Sunny
2026-07-24,77001,Houston,Texas,2026-07-24,96.0,76.6,Sunny
2026-07-24,77001,Houston,Texas,2026-07-25,96.8,79.4,Sunny
2026-07-24,77001,Houston,Texas,2026-07-26,99.3,79.1,Sunny
2026-07-24,85001,Phoenix,Arizona,2026-07-24,112.4,88.0,Sunny
2026-07-24,85001,Phoenix,Arizona,2026-07-25,113.8,96.8,Sunny
2026-07-24,85001,Phoenix,Arizona,2026-07-26,108.4,94.7,Dust haze
2026-07-24,19101,Philadelphia,Pennsylvania,2026-07-24,86.2,63.1,Sunny
2026-07-24,19101,Philadelphia,Pennsylvania,2026-07-25,85.2,66.3,Sunny
2026-07-24,19101,Philadelphia,Pennsylvania,2026-07-26,87.4,64.9,Sunny
2026-07-24,78201,San Antonio,Texas,2026-07-24,95.2,75.9,Sunny
2026-07-24,78201,San Antonio,Texas,2026-07-25,96.0,73.8,Sunny
2026-07-24,78201,San Antonio,Texas,2026-07-26,97.1,74.6,Sunny
2026-07-24,92101,San Diego,California,2026-07-24,79.2,67.5,Sunny
2026-07-24,92101,San Diego,California,2026-07-25,80.9,72.5,Sunny
2026-07-24,92101,San Diego,California,2026-07-26,78.2,72.8,Sunny
2026-07-24,75201,Dallas,Texas,2026-07-24,101.4,79.9,Sunny
2026-07-24,75201,Dallas,Texas,2026-07-25,101.9,82.3,Sunny
2026-07-24,75201,Dallas,Texas,2026-07-26,104.2,83.3,Sunny
2026-07-24,95101,San Jose,California,2026-07-24,87.0,55.6,Sunny
2026-07-24,95101,San Jose,California,2026-07-25,86.6,54.9,Sunny
2026-07-24,95101,San Jose,California,2026-07-26,88.5,55.5,Sunny
2026-07-24,78701,Austin,Texas,2026-07-24,99.3,77.0,Sunny
2026-07-24,78701,Austin,Texas,2026-07-25,98.6,76.3,Sunny
2026-07-24,78701,Austin,Texas,2026-07-26,98.7,75.7,Sunny
2026-07-24,30301,Atlanta,Georgia,2026-07-24,90.9,75.4,Sunny
2026-07-24,30301,Atlanta,Georgia,2026-07-25,82.8,73.6,Partly Cloudy
2026-07-24,30301,Atlanta,Georgia,2026-07-26,91.3,71.8,Partly Cloudy
2026-07-24,28201,Charlotte,North Carolina,2026-07-24,74.0,67.8,Patchy rain nearby
2026-07-24,28201,Charlotte,North Carolina,2026-07-25,81.5,69.0,Light rain shower
2026-07-24,28201,Charlotte,North Carolina,2026-07-26,86.7,69.1,Patchy rain nearby
2026-07-24,80201,Denver,Colorado,2026-07-24,98.4,69.1,Sunny
2026-07-24,80201,Denver,Colorado,2026-07-25,101.5,74.5,Sunny
2026-07-24,80201,Denver,Colorado,2026-07-26,103.3,74.0,Sunny
2026-07-24,37201,Nashville,Tennessee,2026-07-24,89.2,67.6,Sunny
2026-07-24,37201,Nashville,Tennessee,2026-07-25,85.5,70.5,Partly Cloudy
2026-07-24,37201,Nashville,Tennessee,2026-07-26,93.1,71.7,Sunny
2026-07-24,97201,Portland,Oregon,2026-07-24,88.5,58.8,Sunny
2026-07-24,97201,Portland,Oregon,2026-07-25,82.7,57.9,Sunny
2026-07-24,97201,Portland,Oregon,2026-07-26,84.1,57.8,Sunny
2026-07-24,89101,Las Vegas,Nevada,2026-07-24,111.0,84.9,Sunny
2026-07-24,89101,Las Vegas,Nevada,2026-07-25,112.1,87.0,Sunny
2026-07-24,89101,Las Vegas,Nevada,2026-07-26,108.5,88.6,Sunny
2026-07-24,02101,Boston,Massachusetts,2026-07-24,85.8,59.5,Sunny
2026-07-24,02101,Boston,Massachusetts,2026-07-25,77.0,59.1,Sunny
2026-07-24,02101,Boston,Massachusetts,2026-07-26,74.0,55.8,Sunny
2026-07-25,90045,Los Angeles,California,2026-07-25,82.1,64.4,Sunny
2026-07-25,90045,Los Angeles,California,2026-07-26,82.7,73.0,Sunny
2026-07-25,90045,Los Angeles,California,2026-07-27,82.1,73.1,Sunny
2026-07-25,10001,New York,New York,2026-07-25,85.1,59.9,Sunny
2026-07-25,10001,New York,New York,2026-07-26,84.1,67.5,Sunny
2026-07-25,10001,New York,New York,2026-07-27,83.0,70.0,Sunny
2026-07-25,60601,Chicago,Illinois,2026-07-25,79.7,65.8,Sunny
2026-07-25,60601,Chicago,Illinois,2026-07-26,89.9,72.3,Sunny
2026-07-25,60601,Chicago,Illinois,2026-07-27,86.6,71.6,Sunny
2026-07-25,98101,Seattle,Washington,2026-07-25,75.3,58.6,Sunny
2026-07-25,98101,Seattle,Washington,2026-07-26,75.6,60.9,Partly Cloudy
2026-07-25,98101,Seattle,Washington,2026-07-27,78.7,58.1,Overcast
2026-07-25,33101,Miami,Florida,2026-07-25,95.2,79.9,Sunny
2026-07-25,33101,Miami,Florida,2026-07-26,89.8,83.0,Sunny
2026-07-25,33101,Miami,Florida,2026-07-27,88.9,83.2,Patchy rain nearby
2026-07-25,77001,Houston,Texas,2026-07-25,95.5,77.2,Sunny
2026-07-25,77001,Houston,Texas,2026-07-26,98.7,79.0,Partly Cloudy
2026-07-25,77001,Houston,Texas,2026-07-27,100.4,79.0,Sunny
2026-07-25,85001,Phoenix,Arizona,2026-07-25,112.7,91.8,Dust haze
2026-07-25,85001,Phoenix,Arizona,2026-07-26,107.2,95.9,Dust haze
2026-07-25,85001,Phoenix,Arizona,2026-07-27,107.1,93.3,Dust haze
2026-07-25,19101,Philadelphia,Pennsylvania,2026-07-25,87.3,63.1,Sunny
2026-07-25,19101,Philadelphia,Pennsylvania,2026-07-26,88.2,63.0,Sunny
2026-07-25,19101,Philadelphia,Pennsylvania,2026-07-27,87.3,67.0,Patchy rain nearby
2026-07-25,78201,San Antonio,Texas,2026-07-25,95.9,75.9,Sunny
2026-07-25,78201,San Antonio,Texas,2026-07-26,96.5,74.2,Sunny
2026-07-25,78201,San Antonio,Texas,2026-07-27,100.1,75.8,Sunny
2026-07-25,92101,San Diego,California,2026-07-25,79.2,66.6,Sunny
2026-07-25,92101,San Diego,California,2026-07-26,80.1,72.6,Sunny
2026-07-25,92101,San Diego,California,2026-07-27,79.7,72.1,Sunny
2026-07-25,75201,Dallas,Texas,2026-07-25,100.2,81.0,Sunny
2026-07-25,75201,Dallas,Texas,2026-07-26,103.8,83.0,Sunny
2026-07-25,75201,Dallas,Texas,2026-07-27,105.3,84.6,Sunny
2026-07-25,95101,San Jose,California,2026-07-25,85.3,55.4,Sunny
2026-07-25,95101,San Jose,California,2026-07-26,87.0,54.5,Sunny
2026-07-25,95101,San Jose,California,2026-07-27,88.7,53.5,Sunny
2026-07-25,78701,Austin,Texas,2026-07-25,99.9,77.7,Sunny
2026-07-25,78701,Austin,Texas,2026-07-26,100.3,74.6,Sunny
2026-07-25,78701,Austin,Texas,2026-07-27,102.2,76.2,Sunny
2026-07-25,30301,Atlanta,Georgia,2026-07-25,87.1,72.7,Sunny
2026-07-25,30301,Atlanta,Georgia,2026-07-26,93.9,71.8,Partly Cloudy
2026-07-25,30301,Atlanta,Georgia,2026-07-27,92.5,76.0,Sunny
2026-07-25,28201,Charlotte,North Carolina,2026-07-25,81.0,69.4,Patchy rain nearby
2026-07-25,28201,Charlotte,North Carolina,2026-07-26,88.9,68.9,Partly Cloudy
2026-07-25,28201,Charlotte,North Carolina,2026-07-27,91.0,71.7,Sunny
2026-07-25,80201,Denver,Colorado,2026-07-25,98.8,73.4,Sunny
2026-07-25,80201,Denver,Colorado,2026-07-26,100.4,72.6,Sunny
2026-07-25,80201,Denver,Colorado,2026-07-27,96.7,74.4,Patchy rain nearby
2026-07-25,37201,Nashville,Tennessee,2026-07-25,85.2,70.7,Sunny
2026-07-25,37201,Nashville,Tennessee,2026-07-26,92.2,72.9,Patchy rain nearby
2026-07-25,37201,Nashville,Tennessee,2026-07-27,85.2,69.6,Sunny
2026-07-25,97201,Portland,Oregon,2026-07-25,79.2,57.7,Sunny
2026-07-25,97201,Portland,Oregon,2026-07-26,83.6,61.3,Sunny
2026-07-25,97201,Portland,Oregon,2026-07-27,83.5,56.7,Sunny
2026-07-25,89101,Las Vegas,Nevada,2026-07-25,111.4,83.3,Sunny
2026-07-25,89101,Las Vegas,Nevada,2026-07-26,109.7,88.2,Sunny
2026-07-25,89101,Las Vegas,Nevada,2026-07-27,109.2,86.5,Sunny
2026-07-25,02101,Boston,Massachusetts,2026-07-25,81.0,60.3,Sunny
2026-07-25,02101,Boston,Massachusetts,2026-07-26,73.7,56.1,Sunny
2026-07-25,02101,Boston,Massachusetts,2026-07-27,76.4,53.8,Sunny
2026-07-26,90045,Los Angeles,California,2026-07-26,82.3,65.1,Partly Cloudy
2026-07-26,90045,Los Angeles,California,2026-07-27,81.2,72.9,Sunny
2026-07-26,90045,Los Angeles,California,2026-07-28,80.9,71.9,Sunny
2026-07-26,10001,New York,New York,2026-07-26,85.5,60.4,Sunny
2026-07-26,10001,New York,New York,2026-07-27,80.4,70.4,Partly Cloudy
2026-07-26,10001,New York,New York,2026-07-28,80.6,69.0,Patchy rain nearby
2026-07-26,60601,Chicago,Illinois,2026-07-26,87.6,71.8,Sunny
2026-07-26,60601,Chicago,Illinois,2026-07-27,89.2,70.5,Sunny
2026-07-26,60601,Chicago,Illinois,2026-07-28,80.2,71.7,Sunny
2026-07-26,98101,Seattle,Washington,2026-07-26,73.8,59.4,Partly Cloudy
2026-07-26,98101,Seattle,Washington,2026-07-27,82.3,55.1,Sunny
2026-07-26,98101,Seattle,Washington,2026-07-28,73.4,57.1,Partly Cloudy
2026-07-26,33101,Miami,Florida,2026-07-26,91.4,78.3,Sunny
2026-07-26,33101,Miami,Florida,2026-07-27,89.1,82.0,Patchy rain nearby
2026-07-26,33101,Miami,Florida,2026-07-28,90.2,82.4,Light rain shower
2026-07-26,77001,Houston,Texas,2026-07-26,99.3,75.9,Sunny
2026-07-26,77001,Houston,Texas,2026-07-27,100.5,78.8,Sunny
2026-07-26,77001,Houston,Texas,2026-07-28,101.3,79.0,Sunny
2026-07-26,85001,Phoenix,Arizona,2026-07-26,109.4,87.1,Dust haze
2026-07-26,85001,Phoenix,Arizona,2026-07-27,108.6,94.2,Sunny
2026-07-26,85001,Phoenix,Arizona,2026-07-28,106.6,91.3,Dust haze
2026-07-26,19101,Philadelphia,Pennsylvania,2026-07-26,88.8,61.3,Sunny
2026-07-26,19101,Philadelphia,Pennsylvania,2026-07-27,80.0,68.3,Partly Cloudy
2026-07-26,19101,Philadelphia,Pennsylvania,2026-07-28,83.9,66.8,Partly Cloudy
2026-07-26,78201,San Antonio,Texas,2026-07-26,97.0,75.0,Sunny
2026-07-26,78201,San Antonio,Texas,2026-07-27,100.6,75.0,Sunny
2026-07-26,78201,San Antonio,Texas,2026-07-28,101.0,75.0,Sunny
2026-07-26,92101,San Diego,California,2026-07-26,78.2,67.3,Sunny
2026-07-26,92101,San Diego,California,2026-07-27,79.1,71.4,Sunny
2026-07-26,92101,San Diego,California,2026-07-28,77.4,71.3,Sunny
2026-07-26,75201,Dallas,Texas,2026-07-26,104.7,80.2,Sunny
2026-07-26,75201,Dallas,Texas,2026-07-27,106.3,84.3,Sunny
2026-07-26,75201,Dallas,Texas,2026-07-28,107.0,83.7,Sunny
2026-07-26,95101,San Jose,California,2026-07-26,86.0,56.1,Sunny
2026-07-26,95101,San Jose,California,2026-07-27,86.1,52.9,Sunny
2026-07-26,95101,San Jose,California,2026-07-28,88.7,55.5,Sunny
2026-07-26,78701,Austin,Texas,2026-07-26,101.0,76.5,Sunny
2026-07-26,78701,Austin,Texas,2026-07-27,102.4,75.9,Sunny
2026-07-26,78701,Austin,Texas,2026-07-28,104.2,76.6,Sunny
2026-07-26,30301,Atlanta,Georgia,2026-07-26,94.5,73.8,Sunny
2026-07-26,30301,Atlanta,Georgia,2026-07-27,97.5,76.1,Sunny
2026-07-26,30301,Atlanta,Georgia,2026-07-28,100.8,77.2,Sunny
2026-07-26,28201,Charlotte,North Carolina,2026-07-26,89.8,70.2,Sunny
2026-07-26,28201,Charlotte,North Carolina,2026-07-27,96.8,72.4,Sunny
2026-07-26,28201,Charlotte,North Carolina,2026-07-28,98.0,75.1,Sunny
2026-07-26,80201,Denver,Colorado,2026-07-26,102.4,73.5,Sunny
2026-07-26,80201,Denver,Colorado,2026-07-27,96.2,74.0,Patchy rain nearby
2026-07-26,80201,Denver,Colorado,2026-07-28,98.1,71.5,Sunny
2026-07-26,37201,Nashville,Tennessee,2026-07-26,92.7,76.8,Sunny
2026-07-26,37201,Nashville,Tennessee,2026-07-27,94.7,75.2,Sunny
2026-07-26,37201,Nashville,Tennessee,2026-07-28,96.6,72.6,Sunny
2026-07-26,97201,Portland,Oregon,2026-07-26,84.8,57.9,Sunny
2026-07-26,97201,Portland,Oregon,2026-07-27,84.9,57.5,Sunny
2026-07-26,97201,Portland,Oregon,2026-07-28,81.2,57.8,Partly Cloudy
2026-07-26,89101,Las Vegas,Nevada,2026-07-26,110.1,82.8,Sunny
2026-07-26,89101,Las Vegas,Nevada,2026-07-27,108.1,87.5,Sunny
2026-07-26,89101,Las Vegas,Nevada,2026-07-28,108.3,87.3,Sunny
2026-07-26,02101,Boston,Massachusetts,2026-07-26,74.7,57.0,Sunny
2026-07-26,02101,Boston,Massachusetts,2026-07-27,78.9,56.1,Sunny
2026-07-26,02101,Boston,Massachusetts,2026-07-28,82.4,60.9,Sunny
2026-07-27,90045,Los Angeles,California,2026-07-27,84.4,63.0,Sunny
2026-07-27,90045,Los Angeles,California,2026-07-28,81.3,72.2,Sunny
2026-07-27,90045,Los Angeles,California,2026-07-29,81.3,70.8,Sunny
2026-07-27,10001,New York,New York,2026-07-27,90.5,66.0,Sunny
2026-07-27,10001,New York,New York,2026-07-28,76.6,67.6,Light rain shower
2026-07-27,10001,New York,New York,2026-07-29,79.5,67.6,Patchy rain nearby
2026-07-27,60601,Chicago,Illinois,2026-07-27,86.5,73.6,Sunny
2026-07-27,60601,Chicago,Illinois,2026-07-28,78.5,70.4,Sunny
2026-07-27,60601,Chicago,Illinois,2026-07-29,80.4,68.9,Sunny
2026-07-27,98101,Seattle,Washington,2026-07-27,81.7,57.7,Sunny
2026-07-27,98101,Seattle,Washington,2026-07-28,75.5,56.4,Partly Cloudy
2026-07-27,98101,Seattle,Washington,2026-07-29,78.7,51.8,Sunny
2026-07-27,33101,Miami,Florida,2026-07-27,90.3,75.6,Sunny
2026-07-27,33101,Miami,Florida,2026-07-28,91.7,80.7,Patchy rain nearby
2026-07-27,33101,Miami,Florida,2026-07-29,93.7,82.7,Sunny
2026-07-27,77001,Houston,Texas,2026-07-27,98.4,77.4,Sunny
2026-07-27,77001,Houston,Texas,2026-07-28,99.3,78.5,Sunny
2026-07-27,77001,Houston,Texas,2026-07-29,101.0,79.0,Sunny
2026-07-27,85001,Phoenix,Arizona,2026-07-27,108.1,88.5,Dust haze
2026-07-27,85001,Phoenix,Arizona,2026-07-28,105.9,90.1,Dust haze
2026-07-27,85001,Phoenix,Arizona,2026-07-29,107.4,92.8,Dust haze
2026-07-27,19101,Philadelphia,Pennsylvania,2026-07-27,89.6,68.4,Sunny
2026-07-27,19101,Philadelphia,Pennsylvania,2026-07-28,83.4,68.3,Sunny
2026-07-27,19101,Philadelphia,Pennsylvania,2026-07-29,82.4,69.0,Patchy rain nearby
2026-07-27,78201,San Antonio,Texas,2026-07-27,100.8,75.2,Sunny
2026-07-27,78201,San Antonio,Texas,2026-07-28,101.5,75.3,Sunny
2026-07-27,78201,San Antonio,Texas,2026-07-29,102.4,75.8,Sunny
2026-07-27,92101,San Diego,California,2026-07-27,78.8,68.4,Sunny
2026-07-27,92101,San Diego,California,2026-07-28,77.9,71.5,Sunny
2026-07-27,92101,San Diego,California,2026-07-29,77.5,69.6,Sunny
2026-07-27,75201,Dallas,Texas,2026-07-27,104.6,78.6,Sunny
2026-07-27,75201,Dallas,Texas,2026-07-28,105.1,83.2,Sunny
2026-07-27,75201,Dallas,Texas,2026-07-29,104.9,83.6,Sunny
2026-07-27,95101,San Jose,California,2026-07-27,84.6,54.7,Sunny
2026-07-27,95101,San Jose,California,2026-07-28,86.4,54.9,Sunny
2026-07-27,95101,San Jose,California,2026-07-29,91.0,55.0,Sunny
2026-07-27,78701,Austin,Texas,2026-07-27,101.2,76.6,Sunny
2026-07-27,78701,Austin,Texas,2026-07-28,102.6,75.7,Sunny
2026-07-27,78701,Austin,Texas,2026-07-29,103.3,75.8,Sunny
2026-07-27,30301,Atlanta,Georgia,2026-07-27,98.4,74.8,Sunny
2026-07-27,30301,Atlanta,Georgia,2026-07-28,100.2,74.3,Sunny
2026-07-27,30301,Atlanta,Georgia,2026-07-29,95.5,78.9,Sunny
2026-07-27,28201,Charlotte,North Carolina,2026-07-27,95.6,71.6,Sunny
2026-07-27,28201,Charlotte,North Carolina,2026-07-28,98.7,73.8,Sunny
2026-07-27,28201,Charlotte,North Carolina,2026-07-29,94.7,73.5,Sunny
2026-07-27,80201,Denver,Colorado,2026-07-27,96.3,74.1,Partly Cloudy
2026-07-27,80201,Denver,Colorado,2026-07-28,98.3,68.0,Sunny
2026-07-27,80201,Denver,Colorado,2026-07-29,95.4,68.9,Sunny
2026-07-27,37201,Nashville,Tennessee,2026-07-27,91.4,74.1,Sunny
2026-07-27,37201,Nashville,Tennessee,2026-07-28,94.9,74.6,Sunny
2026-07-27,37201,Nashville,Tennessee,2026-07-29,88.6,73.1,Sunny
2026-07-27,97201,Portland,Oregon,2026-07-27,84.1,56.5,Sunny
2026-07-27,97201,Portland,Oregon,2026-07-28,80.4,58.5,Partly Cloudy
2026-07-27,97201,Portland,Oregon,2026-07-29,83.6,55.7,Sunny
2026-07-27,89101,Las Vegas,Nevada,2026-07-27,107.3,84.0,Sunny
2026-07-27,89101,Las Vegas,Nevada,2026-07-28,106.6,86.3,Sunny
2026-07-27,89101,Las Vegas,Nevada,2026-07-29,107.5,85.9,Sunny
2026-07-27,02101,Boston,Massachusetts,2026-07-27,77.2,54.3,Sunny
2026-07-27,02101,Boston,Massachusetts,2026-07-28,77.1,62.3,Light rain shower
2026-07-27,02101,Boston,Massachusetts,2026-07-29,67.9,65.2,Light rain shower
2026-07-28,90045,Los Angeles,California,2026-07-28,84.4,63.5,Sunny
2026-07-28,90045,Los Angeles,California,2026-07-29,81.5,71.1,Sunny
2026-07-28,90045,Los Angeles,California,2026-07-30,81.9,71.2,Sunny
2026-07-28,10001,New York,New York,2026-07-28,88.9,68.0,Sunny
2026-07-28,10001,New York,New York,2026-07-29,82.2,70.3,Light rain shower
2026-07-28,10001,New York,New York,2026-07-30,76.5,67.3,Light rain shower
2026-07-28,60601,Chicago,Illinois,2026-07-28,76.7,62.4,Sunny
2026-07-28,60601,Chicago,Illinois,2026-07-29,79.3,69.4,Sunny
2026-07-28,60601,Chicago,Illinois,2026-07-30,85.4,71.2,Sunny
2026-07-28,98101,Seattle,Washington,2026-07-28,73.7,57.4,Sunny
2026-07-28,98101,Seattle,Washington,2026-07-29,77.9,51.8,Sunny
2026-07-28,98101,Seattle,Washington,2026-07-30,80.2,49.0,Sunny
2026-07-28,33101,Miami,Florida,2026-07-28,91.8,75.7,Sunny
2026-07-28,33101,Miami,Florida,2026-07-29,93.4,83.1,Sunny
2026-07-28,33101,Miami,Florida,2026-07-30,93.4,82.9,Sunny
2026-07-28,77001,Houston,Texas,2026-07-28,102.2,76.3,Sunny
2026-07-28,77001,Houston,Texas,2026-07-29,100.6,78.9,Sunny
2026-07-28,77001,Houston,Texas,2026-07-30,100.9,79.4,Sunny
2026-07-28,85001,Phoenix,Arizona,2026-07-28,107.6,88.3,Dust haze
2026-07-28,85001,Phoenix,Arizona,2026-07-29,108.0,93.1,Dust haze
2026-07-28,85001,Phoenix,Arizona,2026-07-30,110.4,95.1,Dust haze
2026-07-28,19101,Philadelphia,Pennsylvania,2026-07-28,89.4,68.3,Sunny
2026-07-28,19101,Philadelphia,Pennsylvania,2026-07-29,83.3,66.0,Partly Cloudy
2026-07-28,19101,Philadelphia,Pennsylvania,2026-07-30,78.6,66.4,Patchy rain nearby
2026-07-28,78201,San Antonio,Texas,2026-07-28,102.6,75.9,Sunny
2026-07-28,78201,San Antonio,Texas,2026-07-29,102.4,75.6,Sunny
2026-07-28,78201,San Antonio,Texas,2026-07-30,102.1,76.0,Sunny
2026-07-28,92101,San Diego,California,2026-07-28,79.7,67.8,Sunny
2026-07-28,92101,San Diego,California,2026-07-29,78.7,70.0,Sunny
2026-07-28,92101,San Diego,California,2026-07-30,80.4,70.9,Sunny
2026-07-28,75201,Dallas,Texas,2026-07-28,106.7,80.2,Sunny
2026-07-28,75201,Dallas,Texas,2026-07-29,105.4,83.9,Sunny
2026-07-28,75201,Dallas,Texas,2026-07-30,106.7,85.8,Sunny
2026-07-28,95101,San Jose,California,2026-07-28,90.0,55.4,Sunny
2026-07-28,95101,San Jose,California,2026-07-29,91.8,55.1,Sunny
2026-07-28,95101,San Jose,California,2026-07-30,92.2,56.5,Sunny
2026-07-28,78701,Austin,Texas,2026-07-28,103.3,77.5,Sunny
2026-07-28,78701,Austin,Texas,2026-07-29,103.0,75.8,Sunny
2026-07-28,78701,Austin,Texas,2026-07-30,103.2,77.0,Sunny
2026-07-28,30301,Atlanta,Georgia,2026-07-28,100.6,74.1,Sunny
2026-07-28,30301,Atlanta,Georgia,2026-07-29,94.0,78.6,Partly Cloudy
2026-07-28,30301,Atlanta,Georgia,2026-07-30,92.3,73.0,Sunny
2026-07-28,28201,Charlotte,North Carolina,2026-07-28,94.9,72.1,Sunny
2026-07-28,28201,Charlotte,North Carolina,2026-07-29,96.0,74.1,Sunny
2026-07-28,28201,Charlotte,North Carolina,2026-07-30,90.1,68.3,Sunny
2026-07-28,80201,Denver,Colorado,2026-07-28,96.8,68.8,Sunny
2026-07-28,80201,Denver,Colorado,2026-07-29,96.8,67.6,Sunny
2026-07-28,80201,Denver,Colorado,2026-07-30,92.9,69.2,Sunny
2026-07-28,37201,Nashville,Tennessee,2026-07-28,96.8,78.1,Sunny
2026-07-28,37201,Nashville,Tennessee,2026-07-29,88.9,72.7,Sunny
2026-07-28,37201,Nashville,Tennessee,2026-07-30,85.0,65.4,Sunny
2026-07-28,97201,Portland,Oregon,2026-07-28,80.4,59.0,Sunny
2026-07-28,97201,Portland,Oregon,2026-07-29,83.6,56.7,Sunny
2026-07-28,97201,Portland,Oregon,2026-07-30,83.3,54.2,Sunny
2026-07-28,89101,Las Vegas,Nevada,2026-07-28,115.7,82.4,Sunny
2026-07-28,89101,Las Vegas,Nevada,2026-07-29,106.9,84.5,Sunny
2026-07-28,89101,Las Vegas,Nevada,2026-07-30,108.6,84.8,Sunny
2026-07-28,02101,Boston,Massachusetts,2026-07-28,88.3,65.7,Sunny
2026-07-28,02101,Boston,Massachusetts,2026-07-29,67.5,65.3,Moderate rain
2026-07-28,02101,Boston,Massachusetts,2026-07-30,71.2,63.4,Fog
2026-07-29,90045,Los Angeles,California,2026-07-29,85.6,66.6,Sunny
2026-07-29,90045,Los Angeles,California,2026-07-30,81.4,70.4,Sunny
2026-07-29,90045,Los Angeles,California,2026-07-31,82.4,71.5,Sunny
2026-07-29,10001,New York,New York,2026-07-29,84.6,69.3,Patchy rain nearby
2026-07-29,10001,New York,New York,2026-07-30,75.8,66.8,Patchy rain nearby
2026-07-29,10001,New York,New York,2026-07-31,83.4,67.4,Partly Cloudy
2026-07-29,60601,Chicago,Illinois,2026-07-29,78.5,65.5,Sunny
2026-07-29,60601,Chicago,Illinois,2026-07-30,84.3,69.8,Sunny
2026-07-29,60601,Chicago,Illinois,2026-07-31,80.2,70.3,Sunny
2026-07-29,98101,Seattle,Washington,2026-07-29,78.8,53.6,Sunny
2026-07-29,98101,Seattle,Washington,2026-07-30,78.0,49.8,Sunny
2026-07-29,98101,Seattle,Washington,2026-07-31,83.8,49.9,Sunny
2026-07-29,33101,Miami,Florida,2026-07-29,93.4,77.9,Sunny
2026-07-29,33101,Miami,Florida,2026-07-30,93.7,83.0,Sunny
2026-07-29,33101,Miami,Florida,2026-07-31,93.0,83.8,Sunny
2026-07-29,77001,Houston,Texas,2026-07-29,103.5,76.8,Sunny
2026-07-29,77001,Houston,Texas,2026-07-30,100.4,79.8,Sunny
2026-07-29,77001,Houston,Texas,2026-07-31,102.8,79.1,Sunny
2026-07-29,85001,Phoenix,Arizona,2026-07-29,114.4,86.5,Sunny
2026-07-29,85001,Phoenix,Arizona,2026-07-30,110.2,94.5,Dust haze
2026-07-29,85001,Phoenix,Arizona,2026-07-31,113.6,95.3,Dust haze
2026-07-29,19101,Philadelphia,Pennsylvania,2026-07-29,83.8,68.4,Sunny
2026-07-29,19101,Philadelphia,Pennsylvania,2026-07-30,76.2,67.4,Patchy rain nearby
2026-07-29,19101,Philadelphia,Pennsylvania,2026-07-31,78.4,66.9,Light rain shower
2026-07-29,78201,San Antonio,Texas,2026-07-29,101.3,77.9,Sunny
2026-07-29,78201,San Antonio,Texas,2026-07-30,100.4,76.0,Sunny
2026-07-29,78201,San Antonio,Texas,2026-07-31,100.9,75.9,Sunny
2026-07-29,92101,San Diego,California,2026-07-29,80.1,66.4,Sunny
2026-07-29,92101,San Diego,California,2026-07-30,80.2,69.9,Sunny
2026-07-29,92101,San Diego,California,2026-07-31,82.0,72.2,Sunny
2026-07-29,75201,Dallas,Texas,2026-07-29,106.0,80.2,Sunny
2026-07-29,75201,Dallas,Texas,2026-07-30,106.5,86.0,Sunny
2026-07-29,75201,Dallas,Texas,2026-07-31,107.2,85.7,Sunny
2026-07-29,95101,San Jose,California,2026-07-29,90.3,57.0,Sunny
2026-07-29,95101,San Jose,California,2026-07-30,92.4,55.4,Sunny
2026-07-29,95101,San Jose,California,2026-07-31,96.4,57.8,Sunny
2026-07-29,78701,Austin,Texas,2026-07-29,103.5,78.8,Sunny
2026-07-29,78701,Austin,Texas,2026-07-30,102.5,77.1,Sunny
2026-07-29,78701,Austin,Texas,2026-07-31,103.5,76.8,Sunny
2026-07-29,30301,Atlanta,Georgia,2026-07-29,97.3,77.4,Sunny
2026-07-29,30301,Atlanta,Georgia,2026-07-30,93.2,74.9,Sunny
2026-07-29,30301,Atlanta,Georgia,2026-07-31,94.7,70.9,Sunny
2026-07-29,28201,Charlotte,North Carolina,2026-07-29,93.0,70.2,Sunny
2026-07-29,28201,Charlotte,North Carolina,2026-07-30,90.5,68.4,Sunny
2026-07-29,28201,Charlotte,North Carolina,2026-07-31,94.7,68.6,Sunny
2026-07-29,80201,Denver,Colorado,2026-07-29,95.7,66.8,Sunny
2026-07-29,80201,Denver,Colorado,2026-07-30,93.1,68.1,Sunny
2026-07-29,80201,Denver,Colorado,2026-07-31,98.3,68.5,Sunny
2026-07-29,37201,Nashville,Tennessee,2026-07-29,97.0,72.9,Sunny
2026-07-29,37201,Nashville,Tennessee,2026-07-30,85.4,66.0,Sunny
2026-07-29,37201,Nashville,Tennessee,2026-07-31,88.9,65.5,Sunny
2026-07-29,97201,Portland,Oregon,2026-07-29,84.2,56.1,Sunny
2026-07-29,97201,Portland,Oregon,2026-07-30,81.5,55.1,Sunny
2026-07-29,97201,Portland,Oregon,2026-07-31,88.4,55.4,Sunny
2026-07-29,89101,Las Vegas,Nevada,2026-07-29,114.4,82.9,Sunny
2026-07-29,89101,Las Vegas,Nevada,2026-07-30,108.8,81.1,Sunny
2026-07-29,89101,Las Vegas,Nevada,2026-07-31,111.3,83.4,Sunny
2026-07-29,02101,Boston,Massachusetts,2026-07-29,78.8,64.7,Sunny
2026-07-29,02101,Boston,Massachusetts,2026-07-30,65.3,63.0,Light rain shower
2026-07-29,02101,Boston,Massachusetts,2026-07-31,73.6,62.7,Sunny
2026-07-30,90045,Los Angeles,California,2026-07-30,80.1,65.5,Sunny
2026-07-30,90045,Los Angeles,California,2026-07-31,82.4,71.1,Sunny
2026-07-30,90045,Los Angeles,California,2026-08-01,84.6,72.8,Sunny
2026-07-30,10001,New York,New York,2026-07-30,77.8,64.8,Patchy rain nearby
2026-07-30,10001,New York,New York,2026-07-31,82.7,67.9,Sunny
2026-07-30,10001,New York,New York,2026-08-01,85.7,70.9,Sunny
2026-07-30,60601,Chicago,Illinois,2026-07-30,81.2,64.9,Sunny
2026-07-30,60601,Chicago,Illinois,2026-07-31,79.6,69.4,Sunny
2026-07-30,60601,Chicago,Illinois,2026-08-01,69.2,67.0,Light rain shower
2026-07-30,98101,Seattle,Washington,2026-07-30,80.3,53.4,Sunny
2026-07-30,98101,Seattle,Washington,2026-07-31,84.5,52.2,Sunny
2026-07-30,98101,Seattle,Washington,2026-08-01,67.6,56.2,Sunny
2026-07-30,33101,Miami,Florida,2026-07-30,92.8,77.9,Sunny
2026-07-30,33101,Miami,Florida,2026-07-31,91.7,83.5,Sunny
2026-07-30,33101,Miami,Florida,2026-08-01,89.8,84.5,Sunny
2026-07-30,77001,Houston,Texas,2026-07-30,101.7,76.6,Sunny
2026-07-30,77001,Houston,Texas,2026-07-31,101.5,79.3,Sunny
2026-07-30,77001,Houston,Texas,2026-08-01,102.7,79.9,Sunny
2026-07-30,85001,Phoenix,Arizona,2026-07-30,110.5,85.8,Sunny
2026-07-30,85001,Phoenix,Arizona,2026-07-31,112.6,95.0,Dust haze
2026-07-30,85001,Phoenix,Arizona,2026-08-01,114.2,95.3,Dust haze
2026-07-30,19101,Philadelphia,Pennsylvania,2026-07-30,80.6,65.8,Sunny
2026-07-30,19101,Philadelphia,Pennsylvania,2026-07-31,87.3,66.0,Partly Cloudy
2026-07-30,19101,Philadelphia,Pennsylvania,2026-08-01,90.0,70.4,Sunny
2026-07-30,78201,San Antonio,Texas,2026-07-30,101.6,76.6,Sunny
2026-07-30,78201,San Antonio,Texas,2026-07-31,101.4,74.3,Sunny
2026-07-30,78201,San Antonio,Texas,2026-08-01,102.6,76.6,Sunny
2026-07-30,92101,San Diego,California,2026-07-30,79.9,64.9,Sunny
2026-07-30,92101,San Diego,California,2026-07-31,81.5,71.4,Sunny
2026-07-30,92101,San Diego,California,2026-08-01,82.2,74.3,Sunny
2026-07-30,75201,Dallas,Texas,2026-07-30,106.1,80.2,Sunny
2026-07-30,75201,Dallas,Texas,2026-07-31,106.9,85.7,Sunny
2026-07-30,75201,Dallas,Texas,2026-08-01,101.6,86.8,Sunny
2026-07-30,95101,San Jose,California,2026-07-30,91.4,56.3,Sunny
2026-07-30,95101,San Jose,California,2026-07-31,94.2,56.8,Sunny
2026-07-30,95101,San Jose,California,2026-08-01,94.2,57.0,Sunny
2026-07-30,78701,Austin,Texas,2026-07-30,103.6,78.8,Sunny
2026-07-30,78701,Austin,Texas,2026-07-31,103.6,77.0,Sunny
2026-07-30,78701,Austin,Texas,2026-08-01,106.4,78.5,Sunny
2026-07-30,30301,Atlanta,Georgia,2026-07-30,94.7,70.0,Sunny
2026-07-30,30301,Atlanta,Georgia,2026-07-31,95.5,73.2,Sunny
2026-07-30,30301,Atlanta,Georgia,2026-08-01,91.8,77.0,Partly Cloudy
2026-07-30,28201,Charlotte,North Carolina,2026-07-30,89.7,64.4,Sunny
2026-07-30,28201,Charlotte,North Carolina,2026-07-31,94.5,67.6,Sunny
2026-07-30,28201,Charlotte,North Carolina,2026-08-01,94.2,72.1,Partly Cloudy
2026-07-30,80201,Denver,Colorado,2026-07-30,95.8,66.7,Sunny
2026-07-30,80201,Denver,Colorado,2026-07-31,92.0,66.1,Sunny
2026-07-30,80201,Denver,Colorado,2026-08-01,90.8,65.3,Sunny
2026-07-30,37201,Nashville,Tennessee,2026-07-30,88.3,69.1,Sunny
2026-07-30,37201,Nashville,Tennessee,2026-07-31,89.1,65.5,Sunny
2026-07-30,37201,Nashville,Tennessee,2026-08-01,87.3,70.9,Light rain shower
2026-07-30,97201,Portland,Oregon,2026-07-30,83.4,55.4,Sunny
2026-07-30,97201,Portland,Oregon,2026-07-31,89.8,56.4,Sunny
2026-07-30,97201,Portland,Oregon,2026-08-01,75.0,59.0,Sunny
2026-07-30,89101,Las Vegas,Nevada,2026-07-30,108.0,76.3,Sunny
2026-07-30,89101,Las Vegas,Nevada,2026-07-31,109.9,85.0,Sunny
2026-07-30,89101,Las Vegas,Nevada,2026-08-01,113.4,88.1,Sunny
2026-07-30,02101,Boston,Massachusetts,2026-07-30,67.6,64.1,Patchy rain nearby
2026-07-30,02101,Boston,Massachusetts,2026-07-31,77.4,62.8,Patchy rain nearby
2026-07-30,02101,Boston,Massachusetts,2026-08-01,85.2,64.0,Sunny
2026-07-31,90045,Los Angeles,California,2026-07-31,82.3,66.0,Sunny
2026-07-31,90045,Los Angeles,California,2026-08-01,84.9,72.8,Sunny
2026-07-31,90045,Los Angeles,California,2026-08-02,82.8,73.6,Sunny
2026-07-31,10001,New York,New York,2026-07-31,91.6,65.1,Sunny
2026-07-31,10001,New York,New York,2026-08-01,88.8,72.2,Sunny
2026-07-31,10001,New York,New York,2026-08-02,83.4,74.9,Partly Cloudy
2026-07-31,60601,Chicago,Illinois,2026-07-31,80.4,69.6,Sunny
2026-07-31,60601,Chicago,Illinois,2026-08-01,70.7,67.4,Light rain shower
2026-07-31,60601,Chicago,Illinois,2026-08-02,72.8,67.8,Patchy rain nearby
2026-07-31,98101,Seattle,Washington,2026-07-31,83.8,55.9,Sunny
2026-07-31,98101,Seattle,Washington,2026-08-01,70.5,55.4,Sunny
2026-07-31,98101,Seattle,Washington,2026-08-02,73.6,52.8,Partly Cloudy
2026-07-31,33101,Miami,Florida,2026-07-31,98.1,76.5,Sunny
2026-07-31,33101,Miami,Florida,2026-08-01,89.6,84.6,Sunny
2026-07-31,33101,Miami,Florida,2026-08-02,87.9,83.3,Patchy rain nearby
2026-07-31,77001,Houston,Texas,2026-07-31,102.6,75.4,Sunny
2026-07-31,77001,Houston,Texas,2026-08-01,102.0,79.6,Sunny
2026-07-31,77001,Houston,Texas,2026-08-02,99.8,82.6,Partly Cloudy
2026-07-31,85001,Phoenix,Arizona,2026-07-31,119.7,87.1,Dust haze
2026-07-31,85001,Phoenix,Arizona,2026-08-01,114.2,94.9,Dust haze
2026-07-31,85001,Phoenix,Arizona,2026-08-02,109.7,91.9,Dust haze
2026-07-31,19101,Philadelphia,Pennsylvania,2026-07-31,93.9,67.1,Sunny
2026-07-31,19101,Philadelphia,Pennsylvania,2026-08-01,90.0,70.0,Sunny
2026-07-31,19101,Philadelphia,Pennsylvania,2026-08-02,87.5,73.0,Partly Cloudy
2026-07-31,78201,San Antonio,Texas,2026-07-31,102.7,76.5,Sunny
2026-07-31,78201,San Antonio,Texas,2026-08-01,102.7,76.3,Sunny
2026-07-31,78201,San Antonio,Texas,2026-08-02,100.2,74.4,Sunny
2026-07-31,92101,San Diego,California,2026-07-31,86.0,66.2,Sunny
2026-07-31,92101,San Diego,California,2026-08-01,82.2,74.2,Sunny
2026-07-31,92101,San Diego,California,2026-08-02,79.9,73.5,Sunny
2026-07-31,75201,Dallas,Texas,2026-07-31,107.8,81.3,Sunny
2026-07-31,75201,Dallas,Texas,2026-08-01,100.7,84.8,Sunny
2026-07-31,75201,Dallas,Texas,2026-08-02,98.0,78.6,Sunny
2026-07-31,95101,San Jose,California,2026-07-31,94.0,54.7,Sunny
2026-07-31,95101,San Jose,California,2026-08-01,93.9,57.2,Sunny
2026-07-31,95101,San Jose,California,2026-08-02,95.9,56.9,Sunny
2026-07-31,78701,Austin,Texas,2026-07-31,104.5,76.8,Sunny
2026-07-31,78701,Austin,Texas,2026-08-01,106.8,78.0,Sunny
2026-07-31,78701,Austin,Texas,2026-08-02,102.3,78.4,Sunny
2026-07-31,30301,Atlanta,Georgia,2026-07-31,96.6,65.5,Sunny
2026-07-31,30301,Atlanta,Georgia,2026-08-01,86.6,74.9,Sunny
2026-07-31,30301,Atlanta,Georgia,2026-08-02,87.0,73.3,Patchy rain nearby
2026-07-31,28201,Charlotte,North Carolina,2026-07-31,95.0,62.8,Sunny
2026-07-31,28201,Charlotte,North Carolina,2026-08-01,96.5,73.2,Partly Cloudy
2026-07-31,28201,Charlotte,North Carolina,2026-08-02,78.9,71.8,Light rain shower
2026-07-31,80201,Denver,Colorado,2026-07-31,91.9,67.8,Sunny
2026-07-31,80201,Denver,Colorado,2026-08-01,90.9,65.1,Sunny
2026-07-31,80201,Denver,Colorado,2026-08-02,98.8,69.2,Sunny
2026-07-31,37201,Nashville,Tennessee,2026-07-31,94.5,68.2,Sunny
2026-07-31,37201,Nashville,Tennessee,2026-08-01,86.3,70.4,Patchy rain nearby
2026-07-31,37201,Nashville,Tennessee,2026-08-02,80.3,70.1,Patchy rain nearby
2026-07-31,97201,Portland,Oregon,2026-07-31,89.8,58.5,Sunny
2026-07-31,97201,Portland,Oregon,2026-08-01,75.0,58.9,Sunny
2026-07-31,97201,Portland,Oregon,2026-08-02,79.3,52.2,Sunny
2026-07-31,89101,Las Vegas,Nevada,2026-07-31,118.2,78.8,Sunny
2026-07-31,89101,Las Vegas,Nevada,2026-08-01,112.7,87.6,Sunny
2026-07-31,89101,Las Vegas,Nevada,2026-08-02,112.8,88.5,Sunny
2026-07-31,02101,Boston,Massachusetts,2026-07-31,79.0,62.4,Sunny
2026-07-31,02101,Boston,Massachusetts,2026-08-01,86.6,64.1,Sunny
2026-07-31,02101,Boston,Massachusetts,2026-08-02,86.1,68.4,Partly Cloudy
2026-08-01,90045,Los Angeles,California,2026-08-01,84.5,62.1,Sunny
2026-08-01,90045,Los Angeles,California,2026-08-02,84.3,73.4,Sunny
2026-08-01,90045,Los Angeles,California,2026-08-03,82.1,72.0,Sunny
2026-08-01,10001,New York,New York,2026-08-01,92.3,68.2,Sunny
2026-08-01,10001,New York,New York,2026-08-02,84.4,74.3,Sunny
2026-08-01,10001,New York,New York,2026-08-03,84.8,71.4,Light rain shower
2026-08-01,60601,Chicago,Illinois,2026-08-01,76.8,67.8,Patchy rain nearby
2026-08-01,60601,Chicago,Illinois,2026-08-02,71.9,67.6,Patchy rain nearby
2026-08-01,60601,Chicago,Illinois,2026-08-03,74.6,66.6,Sunny
2026-08-01,98101,Seattle,Washington,2026-08-01,73.9,57.4,Sunny
2026-08-01,98101,Seattle,Washington,2026-08-02,73.9,54.0,Partly Cloudy
2026-08-01,98101,Seattle,Washington,2026-08-03,74.6,48.8,Sunny
2026-08-01,33101,Miami,Florida,2026-08-01,95.2,75.2,Sunny
2026-08-01,33101,Miami,Florida,2026-08-02,88.9,84.6,Patchy rain nearby
2026-08-01,33101,Miami,Florida,2026-08-03,90.8,80.6,Partly Cloudy
2026-08-01,77001,Houston,Texas,2026-08-01,101.3,77.4,Sunny
2026-08-01,77001,Houston,Texas,2026-08-02,103.4,82.0,Sunny
2026-08-01,77001,Houston,Texas,2026-08-03,103.4,81.6,Sunny
2026-08-01,85001,Phoenix,Arizona,2026-08-01,116.4,89.2,Dust haze
2026-08-01,85001,Phoenix,Arizona,2026-08-02,111.7,91.6,Dust haze
2026-08-01,85001,Phoenix,Arizona,2026-08-03,111.1,94.5,Dust haze
2026-08-01,19101,Philadelphia,Pennsylvania,2026-08-01,93.7,71.2,Sunny
2026-08-01,19101,Philadelphia,Pennsylvania,2026-08-02,89.0,71.3,Partly Cloudy
2026-08-01,19101,Philadelphia,Pennsylvania,2026-08-03,82.6,71.1,Light rain shower
2026-08-01,78201,San Antonio,Texas,2026-08-01,104.0,77.9,Sunny
2026-08-01,78201,San Antonio,Texas,2026-08-02,103.9,80.6,Sunny
2026-08-01,78201,San Antonio,Texas,2026-08-03,104.8,78.5,Sunny
2026-08-01,92101,San Diego,California,2026-08-01,87.6,65.3,Sunny
2026-08-01,92101,San Diego,California,2026-08-02,80.8,73.8,Sunny
2026-08-01,92101,San Diego,California,2026-08-03,79.8,72.6,Sunny
2026-08-01,75201,Dallas,Texas,2026-08-01,102.1,84.0,Sunny
2026-08-01,75201,Dallas,Texas,2026-08-02,99.3,80.2,Sunny
2026-08-01,75201,Dallas,Texas,2026-08-03,104.4,80.3,Sunny
2026-08-01,95101,San Jose,California,2026-08-01,95.4,55.9,Sunny
2026-08-01,95101,San Jose,California,2026-08-02,97.2,58.2,Sunny
2026-08-01,95101,San Jose,California,2026-08-03,99.2,57.3,Sunny
2026-08-01,78701,Austin,Texas,2026-08-01,105.8,79.0,Sunny
2026-08-01,78701,Austin,Texas,2026-08-02,103.1,80.6,Sunny
2026-08-01,78701,Austin,Texas,2026-08-03,106.1,80.6,Sunny
2026-08-01,30301,Atlanta,Georgia,2026-08-01,85.3,71.8,Sunny
2026-08-01,30301,Atlanta,Georgia,2026-08-02,81.7,72.7,Patchy rain nearby
2026-08-01,30301,Atlanta,Georgia,2026-08-03,85.4,68.6,Patchy rain nearby
2026-08-01,28201,Charlotte,North Carolina,2026-08-01,96.8,68.9,Sunny
2026-08-01,28201,Charlotte,North Carolina,2026-08-02,84.6,71.8,Light rain shower
2026-08-01,28201,Charlotte,North Carolina,2026-08-03,79.7,70.1,Light rain shower
2026-08-01,80201,Denver,Colorado,2026-08-01,94.0,67.6,Sunny
2026-08-01,80201,Denver,Colorado,2026-08-02,99.8,70.8,Sunny
2026-08-01,80201,Denver,Colorado,2026-08-03,101.7,74.8,Sunny
2026-08-01,37201,Nashville,Tennessee,2026-08-01,88.0,70.0,Sunny
2026-08-01,37201,Nashville,Tennessee,2026-08-02,73.8,67.2,Patchy rain nearby
2026-08-01,37201,Nashville,Tennessee,2026-08-03,80.4,68.9,Patchy rain nearby
2026-08-01,97201,Portland,Oregon,2026-08-01,73.2,59.2,Sunny
2026-08-01,97201,Portland,Oregon,2026-08-02,76.9,52.7,Sunny
2026-08-01,97201,Portland,Oregon,2026-08-03,82.7,52.1,Sunny
2026-08-01,89101,Las Vegas,Nevada,2026-08-01,120.7,80.6,Sunny
2026-08-01,89101,Las Vegas,Nevada,2026-08-02,111.6,87.4,Sunny
2026-08-01,89101,Las Vegas,Nevada,2026-08-03,110.9,86.1,Sunny
2026-08-01,02101,Boston,Massachusetts,2026-08-01,86.2,64.8,Sunny
2026-08-01,02101,Boston,Massachusetts,2026-08-02,86.3,65.3,Sunny
2026-08-01,02101,Boston,Massachusetts,2026-08-03,89.6,67.9,Patchy rain nearby
2026-08-02,90045,Los Angeles,California,2026-08-02,82.2,66.0,Sunny
2026-08-02,90045,Los Angeles,California,2026-08-03,82.9,72.6,Sunny
2026-08-02,90045,Los Angeles,California,2026-08-04,81.0,71.4,Sunny
2026-08-02,10001,New York,New York,2026-08-02,89.2,73.8,Sunny
2026-08-02,10001,New York,New York,2026-08-03,79.3,72.8,Light rain shower
2026-08-02,10001,New York,New York,2026-08-04,85.1,72.2,Partly Cloudy
2026-08-02,60601,Chicago,Illinois,2026-08-02,73.1,68.9,Sunny
2026-08-02,60601,Chicago,Illinois,2026-08-03,75.1,67.1,Sunny
2026-08-02,60601,Chicago,Illinois,2026-08-04,79.9,67.3,Sunny
2026-08-02,98101,Seattle,Washington,2026-08-02,69.4,53.1,Sunny
2026-08-02,98101,Seattle,Washington,2026-08-03,75.7,48.9,Sunny
2026-08-02,98101,Seattle,Washington,2026-08-04,84.1,52.5,Sunny
2026-08-02,33101,Miami,Florida,2026-08-02,89.1,76.1,Sunny
2026-08-02,33101,Miami,Florida,2026-08-03,90.0,77.7,Partly Cloudy
2026-08-02,33101,Miami,Florida,2026-08-04,88.7,79.4,Patchy rain nearby
2026-08-02,77001,Houston,Texas,2026-08-02,102.3,80.2,Sunny
2026-08-02,77001,Houston,Texas,2026-08-03,105.7,81.3,Sunny
2026-08-02,77001,Houston,Texas,2026-08-04,102.8,80.9,Sunny
2026-08-02,85001,Phoenix,Arizona,2026-08-02,119.1,90.0,Dust haze
2026-08-02,85001,Phoenix,Arizona,2026-08-03,111.2,94.1,Dust haze
2026-08-02,85001,Phoenix,Arizona,2026-08-04,109.9,90.9,Dust haze
2026-08-02,19101,Philadelphia,Pennsylvania,2026-08-02,90.7,73.7,Sunny
2026-08-02,19101,Philadelphia,Pennsylvania,2026-08-03,78.9,72.4,Patchy rain nearby
2026-08-02,19101,Philadelphia,Pennsylvania,2026-08-04,82.2,71.5,Light rain shower
2026-08-02,78201,San Antonio,Texas,2026-08-02,105.3,81.5,Sunny
2026-08-02,78201,San Antonio,Texas,2026-08-03,103.1,78.0,Sunny
2026-08-02,78201,San Antonio,Texas,2026-08-04,103.4,77.2,Sunny
2026-08-02,92101,San Diego,California,2026-08-02,84.7,66.9,Sunny
2026-08-02,92101,San Diego,California,2026-08-03,80.6,72.7,Sunny
2026-08-02,92101,San Diego,California,2026-08-04,79.3,72.0,Sunny
2026-08-02,75201,Dallas,Texas,2026-08-02,102.6,73.2,Sunny
2026-08-02,75201,Dallas,Texas,2026-08-03,105.4,80.2,Sunny
2026-08-02,75201,Dallas,Texas,2026-08-04,108.5,82.1,Sunny
2026-08-02,95101,San Jose,California,2026-08-02,97.9,58.8,Sunny
2026-08-02,95101,San Jose,California,2026-08-03,100.0,57.8,Sunny
2026-08-02,95101,San Jose,California,2026-08-04,97.5,59.5,Sunny
2026-08-02,78701,Austin,Texas,2026-08-02,105.1,74.7,Sunny
2026-08-02,78701,Austin,Texas,2026-08-03,106.9,80.6,Sunny
2026-08-02,78701,Austin,Texas,2026-08-04,105.8,79.5,Sunny
2026-08-02,30301,Atlanta,Georgia,2026-08-02,95.4,75.0,Sunny
2026-08-02,30301,Atlanta,Georgia,2026-08-03,86.6,72.9,Patchy rain nearby
2026-08-02,30301,Atlanta,Georgia,2026-08-04,87.7,72.1,Partly Cloudy
2026-08-02,28201,Charlotte,North Carolina,2026-08-02,83.1,72.0,Patchy rain nearby
2026-08-02,28201,Charlotte,North Carolina,2026-08-03,82.4,71.1,Light rain shower
2026-08-02,28201,Charlotte,North Carolina,2026-08-04,80.3,69.5,Light rain shower
2026-08-02,80201,Denver,Colorado,2026-08-02,101.2,70.4,Sunny
2026-08-02,80201,Denver,Colorado,2026-08-03,99.9,75.3,Sunny
2026-08-02,80201,Denver,Colorado,2026-08-04,86.1,61.7,Sunny
2026-08-02,37201,Nashville,Tennessee,2026-08-02,77.2,66.9,Sunny
2026-08-02,37201,Nashville,Tennessee,2026-08-03,80.7,67.0,Patchy rain nearby
2026-08-02,37201,Nashville,Tennessee,2026-08-04,85.9,67.4,Mist
2026-08-02,97201,Portland,Oregon,2026-08-02,77.6,54.5,Sunny
2026-08-02,97201,Portland,Oregon,2026-08-03,85.3,51.2,Sunny
2026-08-02,97201,Portland,Oregon,2026-08-04,95.9,55.7,Smoky haze
2026-08-02,89101,Las Vegas,Nevada,2026-08-02,120.4,84.0,Sunny
2026-08-02,89101,Las Vegas,Nevada,2026-08-03,112.4,82.4,Sunny
2026-08-02,89101,Las Vegas,Nevada,2026-08-04,111.5,81.6,Sunny
2026-08-02,02101,Boston,Massachusetts,2026-08-02,90.7,70.2,Sunny
2026-08-02,02101,Boston,Massachusetts,2026-08-03,71.7,68.4,Light rain shower
2026-08-02,02101,Boston,Massachusetts,2026-08-04,78.4,66.7,Sunny
2026-08-03,90045,Los Angeles,California,2026-08-03,81.9,65.8,Sunny
2026-08-03,90045,Los Angeles,California,2026-08-04,81.7,71.4,Sunny
2026-08-03,90045,Los Angeles,California,2026-08-05,80.9,71.5,Sunny
2026-08-03,10001,New York,New York,2026-08-03,80.3,74.6,Patchy rain nearby
2026-08-03,10001,New York,New York,2026-08-04,85.2,69.3,Sunny
2026-08-03,10001,New York,New York,2026-08-05,81.8,74.0,Light rain shower
2026-08-03,60601,Chicago,Illinois,2026-08-03,76.3,67.5,Sunny
2026-08-03,60601,Chicago,Illinois,2026-08-04,81.8,66.4,Sunny
2026-08-03,60601,Chicago,Illinois,2026-08-05,82.5,66.2,Sunny
2026-08-03,98101,Seattle,Washington,2026-08-03,75.9,51.6,Sunny
2026-08-03,98101,Seattle,Washington,2026-08-04,84.1,52.6,Sunny
2026-08-03,98101,Seattle,Washington,2026-08-05,88.4,55.2,Smoky haze
2026-08-03,33101,Miami,Florida,2026-08-03,92.5,77.9,Sunny
2026-08-03,33101,Miami,Florida,2026-08-04,88.5,78.9,Partly Cloudy
2026-08-03,33101,Miami,Florida,2026-08-05,88.1,81.3,Patchy rain nearby
2026-08-03,77001,Houston,Texas,2026-08-03,101.5,77.2,Sunny
2026-08-03,77001,Houston,Texas,2026-08-04,101.7,80.9,Sunny
2026-08-03,77001,Houston,Texas,2026-08-05,100.3,80.4,Sunny
2026-08-03,85001,Phoenix,Arizona,2026-08-03,117.1,89.1,Dust haze
2026-08-03,85001,Phoenix,Arizona,2026-08-04,109.6,90.1,Dust haze
2026-08-03,85001,Phoenix,Arizona,2026-08-05,108.1,91.3,Dust haze
2026-08-03,19101,Philadelphia,Pennsylvania,2026-08-03,88.5,73.1,Patchy rain nearby
2026-08-03,19101,Philadelphia,Pennsylvania,2026-08-04,86.8,67.1,Sunny
2026-08-03,19101,Philadelphia,Pennsylvania,2026-08-05,82.4,73.3,Light rain shower
2026-08-03,78201,San Antonio,Texas,2026-08-03,101.5,75.2,Sunny
2026-08-03,78201,San Antonio,Texas,2026-08-04,101.0,77.3,Sunny
2026-08-03,78201,San Antonio,Texas,2026-08-05,101.0,77.3,Sunny
2026-08-03,92101,San Diego,California,2026-08-03,83.8,66.9,Sunny
2026-08-03,92101,San Diego,California,2026-08-04,79.1,71.9,Sunny
2026-08-03,92101,San Diego,California,2026-08-05,79.4,72.4,Sunny
2026-08-03,75201,Dallas,Texas,2026-08-03,105.1,73.9,Sunny
2026-08-03,75201,Dallas,Texas,2026-08-04,106.8,82.8,Sunny
2026-08-03,75201,Dallas,Texas,2026-08-05,105.9,85.0,Sunny
2026-08-03,95101,San Jose,California,2026-08-03,99.2,57.6,Sunny
2026-08-03,95101,San Jose,California,2026-08-04,97.7,58.8,Sunny
2026-08-03,95101,San Jose,California,2026-08-05,97.4,59.3,Sunny
2026-08-03,78701,Austin,Texas,2026-08-03,106.5,74.8,Sunny
2026-08-03,78701,Austin,Texas,2026-08-04,104.7,78.6,Sunny
2026-08-03,78701,Austin,Texas,2026-08-05,103.4,77.9,Sunny
2026-08-03,30301,Atlanta,Georgia,2026-08-03,85.3,69.6,Sunny
2026-08-03,30301,Atlanta,Georgia,2026-08-04,85.4,72.8,Patchy rain nearby
2026-08-03,30301,Atlanta,Georgia,2026-08-05,90.6,71.6,Partly Cloudy
2026-08-03,28201,Charlotte,North Carolina,2026-08-03,88.9,70.5,Mist
2026-08-03,28201,Charlotte,North Carolina,2026-08-04,85.0,71.8,Patchy rain nearby
2026-08-03,28201,Charlotte,North Carolina,2026-08-05,90.5,70.3,Patchy rain nearby
2026-08-03,80201,Denver,Colorado,2026-08-03,100.7,74.4,Sunny
2026-08-03,80201,Denver,Colorado,2026-08-04,85.7,60.8,Sunny
2026-08-03,80201,Denver,Colorado,2026-08-05,91.9,63.1,Sunny
2026-08-03,37201,Nashville,Tennessee,2026-08-03,86.4,68.2,Partly Cloudy
2026-08-03,37201,Nashville,Tennessee,2026-08-04,84.5,67.4,Sunny
2026-08-03,37201,Nashville,Tennessee,2026-08-05,87.4,70.3,Sunny
2026-08-03,97201,Portland,Oregon,2026-08-03,88.3,53.2,Sunny
2026-08-03,97201,Portland,Oregon,2026-08-04,98.7,56.8,Smoky haze
2026-08-03,97201,Portland,Oregon,2026-08-05,99.5,62.2,Smoky haze
2026-08-03,89101,Las Vegas,Nevada,2026-08-03,120.2,84.4,Sunny
2026-08-03,89101,Las Vegas,Nevada,2026-08-04,111.0,82.1,Sunny
2026-08-03,89101,Las Vegas,Nevada,2026-08-05,111.4,83.8,Sunny
2026-08-03,02101,Boston,Massachusetts,2026-08-03,82.8,67.1,Patchy rain nearby
2026-08-03,02101,Boston,Massachusetts,2026-08-04,85.8,60.8,Sunny
2026-08-03,02101,Boston,Massachusetts,2026-08-05,76.2,64.3,Cloudy
2026-08-04,90045,Los Angeles,California,2026-08-04,80.3,64.9,Sunny
2026-08-04,90045,Los Angeles,California,2026-08-05,80.1,71.8,Sunny
2026-08-04,90045,Los Angeles,California,2026-08-06,79.9,70.9,Sunny
2026-08-04,10001,New York,New York,2026-08-04,85.8,64.9,Sunny
2026-08-04,10001,New York,New York,2026-08-05,85.4,72.1,Partly Cloudy
2026-08-04,10001,New York,New York,2026-08-06,93.7,75.2,Partly Cloudy
2026-08-04,60601,Chicago,Illinois,2026-08-04,82.7,67.5,Sunny
2026-08-04,60601,Chicago,Illinois,2026-08-05,82.4,69.7,Partly Cloudy
2026-08-04,60601,Chicago,Illinois,2026-08-06,71.7,68.7,Light rain shower
2026-08-04,98101,Seattle,Washington,2026-08-04,83.5,57.0,Sunny
2026-08-04,98101,Seattle,Washington,2026-08-05,87.5,54.7,Smoky haze
2026-08-04,98101,Seattle,Washington,2026-08-06,92.4,56.1,Smoky haze
2026-08-04,33101,Miami,Florida,2026-08-04,91.0,77.7,Sunny
2026-08-04,33101,Miami,Florida,2026-08-05,88.3,82.6,Sunny
2026-08-04,33101,Miami,Florida,2026-08-06,87.7,84.5,Patchy rain nearby
2026-08-04,77001,Houston,Texas,2026-08-04,104.0,77.7,Sunny
2026-08-04,77001,Houston,Texas,2026-08-05,100.5,80.3,Sunny
2026-08-04,77001,Houston,Texas,2026-08-06,97.0,80.4,Partly Cloudy
2026-08-04,85001,Phoenix,Arizona,2026-08-04,114.1,90.1,Dust haze
2026-08-04,85001,Phoenix,Arizona,2026-08-05,106.9,92.2,Thundery outbreaks in nearby
2026-08-04,85001,Phoenix,Arizona,2026-08-06,108.9,92.7,Sunny
2026-08-04,19101,Philadelphia,Pennsylvania,2026-08-04,91.0,66.2,Sunny
2026-08-04,19101,Philadelphia,Pennsylvania,2026-08-05,87.2,68.7,Partly Cloudy
2026-08-04,19101,Philadelphia,Pennsylvania,2026-08-06,94.1,73.4,Sunny
2026-08-04,78201,San Antonio,Texas,2026-08-04,101.0,79.2,Sunny
2026-08-04,78201,San Antonio,Texas,2026-08-05,101.2,76.6,Sunny
2026-08-04,78201,San Antonio,Texas,2026-08-06,101.9,78.9,Sunny
2026-08-04,92101,San Diego,California,2026-08-04,79.3,66.2,Sunny
2026-08-04,92101,San Diego,California,2026-08-05,78.7,72.0,Sunny
2026-08-04,92101,San Diego,California,2026-08-06,80.1,73.0,Sunny
2026-08-04,75201,Dallas,Texas,2026-08-04,106.9,77.4,Sunny
2026-08-04,75201,Dallas,Texas,2026-08-05,106.7,85.1,Sunny
2026-08-04,75201,Dallas,Texas,2026-08-06,103.6,84.4,Sunny
2026-08-04,95101,San Jose,California,2026-08-04,97.0,57.0,Sunny
2026-08-04,95101,San Jose,California,2026-08-05,97.0,59.9,Sunny
2026-08-04,95101,San Jose,California,2026-08-06,97.0,59.8,Sunny
2026-08-04,78701,Austin,Texas,2026-08-04,104.5,79.2,Sunny
2026-08-04,78701,Austin,Texas,2026-08-05,103.9,77.5,Sunny
2026-08-04,78701,Austin,Texas,2026-08-06,104.5,77.3,Sunny
2026-08-04,30301,Atlanta,Georgia,2026-08-04,87.6,70.3,Sunny
2026-08-04,30301,Atlanta,Georgia,2026-08-05,87.4,72.6,Patchy rain nearby
2026-08-04,30301,Atlanta,Georgia,2026-08-06,91.5,71.1,Partly Cloudy
2026-08-04,28201,Charlotte,North Carolina,2026-08-04,87.8,71.6,Sunny
2026-08-04,28201,Charlotte,North Carolina,2026-08-05,89.5,69.1,Partly Cloudy
2026-08-04,28201,Charlotte,North Carolina,2026-08-06,91.7,71.1,Partly Cloudy
2026-08-04,80201,Denver,Colorado,2026-08-04,86.5,59.7,Sunny
2026-08-04,80201,Denver,Colorado,2026-08-05,92.1,62.3,Sunny
2026-08-04,80201,Denver,Colorado,2026-08-06,97.1,63.4,Sunny
2026-08-04,37201,Nashville,Tennessee,2026-08-04,90.7,67.8,Sunny
2026-08-04,37201,Nashville,Tennessee,2026-08-05,89.9,69.7,Partly Cloudy
2026-08-04,37201,Nashville,Tennessee,2026-08-06,92.2,73.2,Sunny
2026-08-04,97201,Portland,Oregon,2026-08-04,97.3,57.7,Smoky haze
2026-08-04,97201,Portland,Oregon,2026-08-05,97.9,61.7,Smoky haze
2026-08-04,97201,Portland,Oregon,2026-08-06,95.8,63.6,Sunny
2026-08-04,89101,Las Vegas,Nevada,2026-08-04,118.6,83.5,Sunny
2026-08-04,89101,Las Vegas,Nevada,2026-08-05,111.2,83.3,Sunny
2026-08-04,89101,Las Vegas,Nevada,2026-08-06,110.9,83.3,Sunny
2026-08-04,02101,Boston,Massachusetts,2026-08-04,89.8,62.6,Sunny
2026-08-04,02101,Boston,Massachusetts,2026-08-05,83.7,64.8,Sunny
2026-08-04,02101,Boston,Massachusetts,2026-08-06,92.7,68.1,Partly Cloudy
2026-08-05,90045,Los Angeles,California,2026-08-05,78.2,66.4,Sunny
2026-08-05,90045,Los Angeles,California,2026-08-06,81.3,71.3,Sunny
2026-08-05,90045,Los Angeles,California,2026-08-07,81.5,72.7,Sunny
2026-08-05,10001,New York,New York,2026-08-05,88.3,66.7,Sunny
2026-08-05,10001,New York,New York,2026-08-06,91.7,74.3,Patchy rain nearby
2026-08-05,10001,New York,New York,2026-08-07,95.5,77.0,Sunny
2026-08-05,60601,Chicago,Illinois,2026-08-05,83.1,69.3,Sunny
2026-08-05,60601,Chicago,Illinois,2026-08-06,78.8,68.0,Partly Cloudy
2026-08-05,60601,Chicago,Illinois,2026-08-07,81.0,69.1,Mist
2026-08-05,98101,Seattle,Washington,2026-08-05,87.1,57.0,Sunny
2026-08-05,98101,Seattle,Washington,2026-08-06,91.6,55.7,Smoky haze
2026-08-05,98101,Seattle,Washington,2026-08-07,86.6,54.0,Sunny
2026-08-05,33101,Miami,Florida,2026-08-05,91.6,75.9,Sunny
2026-08-05,33101,Miami,Florida,2026-08-06,87.2,84.1,Patchy rain nearby
2026-08-05,33101,Miami,Florida,2026-08-07,87.5,83.7,Patchy rain nearby
2026-08-05,77001,Houston,Texas,2026-08-05,102.6,78.8,Sunny
2026-08-05,77001,Houston,Texas,2026-08-06,100.1,80.7,Sunny
2026-08-05,77001,Houston,Texas,2026-08-07,96.2,81.3,Patchy rain nearby
2026-08-05,85001,Phoenix,Arizona,2026-08-05,108.7,87.1,Dust haze
2026-08-05,85001,Phoenix,Arizona,2026-08-06,107.4,91.4,Dust haze
2026-08-05,85001,Phoenix,Arizona,2026-08-07,108.0,92.8,Dust haze
2026-08-05,19101,Philadelphia,Pennsylvania,2026-08-05,85.8,71.4,Sunny
2026-08-05,19101,Philadelphia,Pennsylvania,2026-08-06,93.3,72.4,Partly Cloudy
2026-08-05,19101,Philadelphia,Pennsylvania,2026-08-07,94.5,76.3,Sunny
2026-08-05,78201,San Antonio,Texas,2026-08-05,101.9,76.5,Sunny
2026-08-05,78201,San Antonio,Texas,2026-08-06,102.4,76.6,Partly Cloudy
2026-08-05,78201,San Antonio,Texas,2026-08-07,99.5,77.1,Sunny
2026-08-05,92101,San Diego,California,2026-08-05,83.5,68.4,Sunny
2026-08-05,92101,San Diego,California,2026-08-06,80.3,72.4,Sunny
2026-08-05,92101,San Diego,California,2026-08-07,80.9,72.7,Sunny
2026-08-05,75201,Dallas,Texas,2026-08-05,106.3,79.5,Sunny
2026-08-05,75201,Dallas,Texas,2026-08-06,105.4,84.2,Sunny
2026-08-05,75201,Dallas,Texas,2026-08-07,105.0,81.9,Sunny
2026-08-05,95101,San Jose,California,2026-08-05,96.8,56.8,Sunny
2026-08-05,95101,San Jose,California,2026-08-06,96.5,59.4,Sunny
2026-08-05,95101,San Jose,California,2026-08-07,100.7,63.1,Sunny
2026-08-05,78701,Austin,Texas,2026-08-05,101.8,79.0,Sunny
2026-08-05,78701,Austin,Texas,2026-08-06,102.9,76.8,Sunny
2026-08-05,78701,Austin,Texas,2026-08-07,99.3,79.4,Sunny
2026-08-05,30301,Atlanta,Georgia,2026-08-05,89.8,70.0,Sunny
2026-08-05,30301,Atlanta,Georgia,2026-08-06,92.7,73.6,Partly Cloudy
2026-08-05,30301,Atlanta,Georgia,2026-08-07,92.9,74.3,Sunny
2026-08-05,28201,Charlotte,North Carolina,2026-08-05,88.9,70.9,Sunny
2026-08-05,28201,Charlotte,North Carolina,2026-08-06,91.9,70.6,Sunny
2026-08-05,28201,Charlotte,North Carolina,2026-08-07,89.0,72.0,Partly Cloudy
2026-08-05,80201,Denver,Colorado,2026-08-05,89.8,61.9,Sunny
2026-08-05,80201,Denver,Colorado,2026-08-06,97.1,66.5,Sunny
2026-08-05,80201,Denver,Colorado,2026-08-07,100.6,68.6,Sunny
2026-08-05,37201,Nashville,Tennessee,2026-08-05,90.7,70.5,Sunny
2026-08-05,37201,Nashville,Tennessee,2026-08-06,93.0,70.9,Sunny
2026-08-05,37201,Nashville,Tennessee,2026-08-07,92.7,71.6,Sunny
2026-08-05,97201,Portland,Oregon,2026-08-05,96.6,61.0,Smoky haze
2026-08-05,97201,Portland,Oregon,2026-08-06,96.0,62.2,Sunny
2026-08-05,97201,Portland,Oregon,2026-08-07,90.0,59.5,Sunny
2026-08-05,89101,Las Vegas,Nevada,2026-08-05,118.2,79.5,Sunny
2026-08-05,89101,Las Vegas,Nevada,2026-08-06,109.7,83.2,Sunny
2026-08-05,89101,Las Vegas,Nevada,2026-08-07,110.8,84.9,Sunny
2026-08-05,02101,Boston,Massachusetts,2026-08-05,92.8,63.5,Sunny
2026-08-05,02101,Boston,Massachusetts,2026-08-06,89.1,72.1,Partly Cloudy
2026-08-05,02101,Boston,Massachusetts,2026-08-07,94.7,73.2,Sunny
2026-08-06,90045,Los Angeles,California,2026-08-06,78.8,63.3,Sunny
2026-08-06,90045,Los Angeles,California,2026-08-07,81.6,72.1,Sunny
2026-08-06,90045,Los Angeles,California,2026-08-08,81.8,72.7,Sunny
2026-08-06,10001,New York,New York,2026-08-06,92.7,74.3,Sunny
2026-08-06,10001,New York,New York,2026-08-07,95.7,76.3,Sunny
2026-08-06,10001,New York,New York,2026-08-08,93.2,73.6,Sunny
2026-08-06,60601,Chicago,Illinois,2026-08-06,74.4,66.9,Mist
2026-08-06,60601,Chicago,Illinois,2026-08-07,81.3,68.6,Sunny
2026-08-06,60601,Chicago,Illinois,2026-08-08,82.4,71.5,Sunny
2026-08-06,98101,Seattle,Washington,2026-08-06,91.8,58.1,Smoky haze
2026-08-06,98101,Seattle,Washington,2026-08-07,90.1,54.6,Sunny
2026-08-06,98101,Seattle,Washington,2026-08-08,84.9,55.2,Sunny
2026-08-06,33101,Miami,Florida,2026-08-06,89.2,78.3,Sunny
2026-08-06,33101,Miami,Florida,2026-08-07,87.4,83.9,Patchy rain nearby
2026-08-06,33101,Miami,Florida,2026-08-08,88.1,84.1,Patchy rain nearby
2026-08-06,77001,Houston,Texas,2026-08-06,99.1,79.5,Sunny
2026-08-06,77001,Houston,Texas,2026-08-07,96.3,80.4,Sunny
2026-08-06,77001,Houston,Texas,2026-08-08,97.0,80.0,Sunny
2026-08-06,85001,Phoenix,Arizona,2026-08-06,113.5,86.9,Dust haze
2026-08-06,85001,Phoenix,Arizona,2026-08-07,109.9,93.5,Sunny
2026-08-06,85001,Phoenix,Arizona,2026-08-08,107.9,93.7,Sunny
2026-08-06,19101,Philadelphia,Pennsylvania,2026-08-06,91.6,75.0,Sunny
2026-08-06,19101,Philadelphia,Pennsylvania,2026-08-07,95.3,75.6,Sunny
2026-08-06,19101,Philadelphia,Pennsylvania,2026-08-08,92.8,72.9,Partly Cloudy
2026-08-06,78201,San Antonio,Texas,2026-08-06,101.2,79.7,Partly Cloudy
2026-08-06,78201,San Antonio,Texas,2026-08-07,98.5,76.6,Sunny
2026-08-06,78201,San Antonio,Texas,2026-08-08,100.0,75.5,Partly Cloudy
2026-08-06,92101,San Diego,California,2026-08-06,90.3,64.9,Sunny
2026-08-06,92101,San Diego,California,2026-08-07,80.5,72.7,Sunny
2026-08-06,92101,San Diego,California,2026-08-08,81.9,73.2,Sunny
2026-08-06,75201,Dallas,Texas,2026-08-06,104.3,79.9,Sunny
2026-08-06,75201,Dallas,Texas,2026-08-07,103.2,82.4,Sunny
2026-08-06,75201,Dallas,Texas,2026-08-08,103.7,83.5,Sunny
2026-08-06,95101,San Jose,California,2026-08-06,96.1,59.4,Sunny
2026-08-06,95101,San Jose,California,2026-08-07,98.3,62.2,Sunny
2026-08-06,95101,San Jose,California,2026-08-08,100.8,65.0,Sunny
2026-08-06,78701,Austin,Texas,2026-08-06,103.0,79.0,Sunny
2026-08-06,78701,Austin,Texas,2026-08-07,98.1,77.9,Partly Cloudy
2026-08-06,78701,Austin,Texas,2026-08-08,102.0,76.1,Sunny
2026-08-06,30301,Atlanta,Georgia,2026-08-06,87.8,70.2,Sunny
2026-08-06,30301,Atlanta,Georgia,2026-08-07,94.3,72.6,Sunny
2026-08-06,30301,Atlanta,Georgia,2026-08-08,92.9,71.8,Patchy rain nearby
2026-08-06,28201,Charlotte,North Carolina,2026-08-06,91.0,70.6,Sunny
2026-08-06,28201,Charlotte,North Carolina,2026-08-07,90.1,69.8,Thundery outbreaks in nearby
2026-08-06,28201,Charlotte,North Carolina,2026-08-08,92.6,71.3,Sunny
2026-08-06,80201,Denver,Colorado,2026-08-06,98.0,64.5,Sunny
2026-08-06,80201,Denver,Colorado,2026-08-07,99.6,67.7,Sunny
2026-08-06,80201,Denver,Colorado,2026-08-08,101.5,73.1,Sunny
2026-08-06,37201,Nashville,Tennessee,2026-08-06,95.2,72.9,Sunny
2026-08-06,37201,Nashville,Tennessee,2026-08-07,93.7,72.4,Sunny
2026-08-06,37201,Nashville,Tennessee,2026-08-08,92.0,69.1,Patchy rain nearby
2026-08-06,97201,Portland,Oregon,2026-08-06,96.3,61.3,Sunny
2026-08-06,97201,Portland,Oregon,2026-08-07,93.7,60.1,Sunny
2026-08-06,97201,Portland,Oregon,2026-08-08,88.3,59.8,Sunny
2026-08-06,89101,Las Vegas,Nevada,2026-08-06,115.3,82.6,Sunny
2026-08-06,89101,Las Vegas,Nevada,2026-08-07,109.5,80.4,Sunny
2026-08-06,89101,Las Vegas,Nevada,2026-08-08,112.6,83.7,Sunny
2026-08-06,02101,Boston,Massachusetts,2026-08-06,95.9,70.2,Sunny
2026-08-06,02101,Boston,Massachusetts,2026-08-07,94.3,71.7,Sunny
2026-08-06,02101,Boston,Massachusetts,2026-08-08,90.8,69.0,Sunny
2026-08-07,90045,Los Angeles,California,2026-08-07,80.3,62.4,Sunny
2026-08-07,90045,Los Angeles,California,2026-08-08,81.4,71.8,Sunny
2026-08-07,90045,Los Angeles,California,2026-08-09,82.3,73.0,Sunny
2026-08-07,10001,New York,New York,2026-08-07,94.2,74.7,Sunny
2026-08-07,10001,New York,New York,2026-08-08,93.1,74.3,Sunny
2026-08-07,10001,New York,New York,2026-08-09,95.6,74.3,Sunny
2026-08-07,60601,Chicago,Illinois,2026-08-07,82.7,69.6,Sunny
2026-08-07,60601,Chicago,Illinois,2026-08-08,79.9,69.5,Sunny
2026-08-07,60601,Chicago,Illinois,2026-08-09,83.7,69.0,Sunny
2026-08-07,98101,Seattle,Washington,2026-08-07,89.5,56.7,Sunny
2026-08-07,98101,Seattle,Washington,2026-08-08,84.2,56.4,Sunny
2026-08-07,98101,Seattle,Washington,2026-08-09,81.1,52.7,Sunny
2026-08-07,33101,Miami,Florida,2026-08-07,87.4,77.7,Patchy rain nearby
2026-08-07,33101,Miami,Florida,2026-08-08,88.1,83.8,Patchy rain nearby
2026-08-07,33101,Miami,Florida,2026-08-09,88.0,84.0,Patchy rain nearby
2026-08-07,77001,Houston,Texas,2026-08-07,99.0,75.7,Sunny
2026-08-07,77001,Houston,Texas,2026-08-08,97.2,80.3,Sunny
2026-08-07,77001,Houston,Texas,2026-08-09,98.6,80.7,Partly Cloudy
2026-08-07,85001,Phoenix,Arizona,2026-08-07,109.6,83.5,Sunny
2026-08-07,85001,Phoenix,Arizona,2026-08-08,110.7,91.7,Sunny
2026-08-07,85001,Phoenix,Arizona,2026-08-09,109.2,92.7,Dust haze
2026-08-07,19101,Philadelphia,Pennsylvania,2026-08-07,95.7,75.4,Sunny
2026-08-07,19101,Philadelphia,Pennsylvania,2026-08-08,93.6,71.7,Sunny
2026-08-07,19101,Philadelphia,Pennsylvania,2026-08-09,93.1,71.6,Sunny
2026-08-07,78201,San Antonio,Texas,2026-08-07,99.8,78.4,Sunny
2026-08-07,78201,San Antonio,Texas,2026-08-08,98.4,76.2,Partly Cloudy
2026-08-07,78201,San Antonio,Texas,2026-08-09,100.5,75.6,Sunny
2026-08-07,92101,San Diego,California,2026-08-07,80.6,66.0,Sunny
2026-08-07,92101,San Diego,California,2026-08-08,82.7,73.2,Sunny
2026-08-07,92101,San Diego,California,2026-08-09,82.1,74.7,Sunny
2026-08-07,75201,Dallas,Texas,2026-08-07,105.4,80.1,Sunny
2026-08-07,75201,Dallas,Texas,2026-08-08,104.3,83.5,Partly Cloudy
2026-08-07,75201,Dallas,Texas,2026-08-09,102.5,83.1,Sunny
2026-08-07,95101,San Jose,California,2026-08-07,95.4,57.0,Sunny
2026-08-07,95101,San Jose,California,2026-08-08,99.3,63.3,Sunny
2026-08-07,95101,San Jose,California,2026-08-09,100.7,64.9,Sunny
2026-08-07,78701,Austin,Texas,2026-08-07,101.9,80.2,Sunny
2026-08-07,78701,Austin,Texas,2026-08-08,101.8,76.5,Sunny
2026-08-07,78701,Austin,Texas,2026-08-09,100.9,76.0,Sunny
2026-08-07,30301,Atlanta,Georgia,2026-08-07,89.4,72.0,Patchy rain nearby
2026-08-07,30301,Atlanta,Georgia,2026-08-08,92.3,73.1,Partly Cloudy
2026-08-07,30301,Atlanta,Georgia,2026-08-09,94.2,75.1,Sunny
2026-08-07,28201,Charlotte,North Carolina,2026-08-07,91.8,68.7,Mist
2026-08-07,28201,Charlotte,North Carolina,2026-08-08,94.9,72.3,Sunny
2026-08-07,28201,Charlotte,North Carolina,2026-08-09,94.7,71.7,Partly Cloudy
2026-08-07,80201,Denver,Colorado,2026-08-07,96.8,67.3,Sunny
2026-08-07,80201,Denver,Colorado,2026-08-08,100.9,71.5,Sunny
2026-08-07,80201,Denver,Colorado,2026-08-09,98.5,73.7,Sunny
2026-08-07,37201,Nashville,Tennessee,2026-08-07,92.8,74.7,Sunny
2026-08-07,37201,Nashville,Tennessee,2026-08-08,87.1,71.6,Sunny
2026-08-07,37201,Nashville,Tennessee,2026-08-09,91.8,70.2,Sunny
2026-08-07,97201,Portland,Oregon,2026-08-07,93.2,61.5,Sunny
2026-08-07,97201,Portland,Oregon,2026-08-08,88.7,59.1,Sunny
2026-08-07,97201,Portland,Oregon,2026-08-09,87.5,55.8,Sunny
2026-08-07,89101,Las Vegas,Nevada,2026-08-07,107.4,83.8,Sunny
2026-08-07,89101,Las Vegas,Nevada,2026-08-08,110.1,84.2,Sunny
2026-08-07,89101,Las Vegas,Nevada,2026-08-09,111.5,86.7,Sunny
2026-08-07,02101,Boston,Massachusetts,2026-08-07,94.3,74.5,Sunny
2026-08-07,02101,Boston,Massachusetts,2026-08-08,90.7,70.5,Patchy rain nearby
2026-08-07,02101,Boston,Massachusetts,2026-08-09,93.7,70.2,Sunny
2026-08-08,90045,Los Angeles,California,2026-08-07,84.0,64.2,Sunny
2026-08-08,90045,Los Angeles,California,2026-08-08,81.2,64.4,Sunny
2026-08-08,90045,Los Angeles,California,2026-08-09,81.6,72.0,Sunny
2026-08-08,10001,New York,New York,2026-08-08,94.0,72.1,Sunny
2026-08-08,10001,New York,New York,2026-08-09,95.7,77.5,Sunny
2026-08-08,10001,New York,New York,2026-08-10,93.6,76.5,Sunny
2026-08-08,60601,Chicago,Illinois,2026-08-08,79.7,71.1,Sunny
2026-08-08,60601,Chicago,Illinois,2026-08-09,86.3,67.7,Sunny
2026-08-08,60601,Chicago,Illinois,2026-08-10,88.0,72.9,Sunny
2026-08-08,98101,Seattle,Washington,2026-08-07,84.9,58.3,Sunny
2026-08-08,98101,Seattle,Washington,2026-08-08,85.6,59.3,Sunny
2026-08-08,98101,Seattle,Washington,2026-08-09,82.2,52.0,Sunny
2026-08-08,33101,Miami,Florida,2026-08-08,89.8,79.5,Sunny
2026-08-08,33101,Miami,Florida,2026-08-09,88.1,84.2,Sunny
2026-08-08,33101,Miami,Florida,2026-08-10,88.1,84.1,Sunny
2026-08-08,77001,Houston,Texas,2026-08-08,98.7,77.0,Sunny
2026-08-08,77001,Houston,Texas,2026-08-09,97.6,80.7,Sunny
2026-08-08,77001,Houston,Texas,2026-08-10,94.9,81.0,Sunny
2026-08-08,85001,Phoenix,Arizona,2026-08-07,115.7,85.5,Sunny
2026-08-08,85001,Phoenix,Arizona,2026-08-08,109.2,86.9,Sunny
2026-08-08,85001,Phoenix,Arizona,2026-08-09,109.3,91.5,Sunny
2026-08-08,19101,Philadelphia,Pennsylvania,2026-08-08,93.5,73.6,Sunny
2026-08-08,19101,Philadelphia,Pennsylvania,2026-08-09,93.8,73.4,Sunny
2026-08-08,19101,Philadelphia,Pennsylvania,2026-08-10,95.6,75.4,Sunny
2026-08-08,78201,San Antonio,Texas,2026-08-08,99.8,77.0,Sunny
2026-08-08,78201,San Antonio,Texas,2026-08-09,100.6,76.7,Partly Cloudy
2026-08-08,78201,San Antonio,Texas,2026-08-10,101.6,76.6,Sunny
2026-08-08,92101,San Diego,California,2026-08-07,90.1,67.3,Sunny
2026-08-08,92101,San Diego,California,2026-08-08,82.3,66.4,Sunny
2026-08-08,92101,San Diego,California,2026-08-09,81.2,74.3,Sunny
2026-08-08,75201,Dallas,Texas,2026-08-08,104.3,81.1,Sunny
2026-08-08,75201,Dallas,Texas,2026-08-09,103.2,81.3,Sunny
2026-08-08,75201,Dallas,Texas,2026-08-10,103.4,82.4,Sunny
2026-08-08,95101,San Jose,California,2026-08-07,78.4,58.3,Sunny
2026-08-08,95101,San Jose,California,2026-08-08,97.7,59.2,Sunny
2026-08-08,95101,San Jose,California,2026-08-09,100.7,65.2,Sunny
2026-08-08,78701,Austin,Texas,2026-08-08,102.6,78.3,Sunny
2026-08-08,78701,Austin,Texas,2026-08-09,102.5,77.0,Sunny
2026-08-08,78701,Austin,Texas,2026-08-10,101.7,76.4,Partly Cloudy
2026-08-08,30301,Atlanta,Georgia,2026-08-08,94.8,70.3,Sunny
2026-08-08,30301,Atlanta,Georgia,2026-08-09,93.6,76.2,Partly Cloudy
2026-08-08,30301,Atlanta,Georgia,2026-08-10,94.9,75.0,Patchy rain nearby
2026-08-08,28201,Charlotte,North Carolina,2026-08-08,96.5,72.3,Sunny
2026-08-08,28201,Charlotte,North Carolina,2026-08-09,95.9,72.3,Sunny
2026-08-08,28201,Charlotte,North Carolina,2026-08-10,96.6,71.1,Sunny
2026-08-08,80201,Denver,Colorado,2026-08-08,100.3,71.4,Sunny
2026-08-08,80201,Denver,Colorado,2026-08-09,97.6,72.8,Sunny
2026-08-08,80201,Denver,Colorado,2026-08-10,96.4,70.7,Sunny
2026-08-08,37201,Nashville,Tennessee,2026-08-08,90.6,72.1,Sunny
2026-08-08,37201,Nashville,Tennessee,2026-08-09,83.8,72.1,Partly Cloudy
2026-08-08,37201,Nashville,Tennessee,2026-08-10,94.0,69.9,Sunny
2026-08-08,97201,Portland,Oregon,2026-08-07,91.6,61.2,Sunny
2026-08-08,97201,Portland,Oregon,2026-08-08,89.0,58.6,Sunny
2026-08-08,97201,Portland,Oregon,2026-08-09,86.0,55.6,Sunny
2026-08-08,89101,Las Vegas,Nevada,2026-08-07,114.8,87.8,Sunny
2026-08-08,89101,Las Vegas,Nevada,2026-08-08,109.8,83.3,Sunny
2026-08-08,89101,Las Vegas,Nevada,2026-08-09,109.2,85.3,Sunny
2026-08-08,02101,Boston,Massachusetts,2026-08-08,92.0,70.5,Sunny
2026-08-08,02101,Boston,Massachusetts,2026-08-09,92.6,68.6,Sunny
2026-08-08,02101,Boston,Massachusetts,2026-08-10,88.3,67.7,Sunny
2026-08-09,90045,Los Angeles,California,2026-08-08,84.0,64.9,Sunny
2026-08-09,90045,Los Angeles,California,2026-08-09,81.3,63.7,Sunny
2026-08-09,90045,Los Angeles,California,2026-08-10,81.3,72.8,Sunny
2026-08-09,10001,New York,New York,2026-08-09,96.0,72.9,Sunny
2026-08-09,10001,New York,New York,2026-08-10,94.1,78.7,Sunny
2026-08-09,10001,New York,New York,2026-08-11,94.4,77.8,Sunny
2026-08-09,60601,Chicago,Illinois,2026-08-09,85.3,68.2,Sunny
2026-08-09,60601,Chicago,Illinois,2026-08-10,80.5,71.5,Thundery outbreaks in nearby
2026-08-09,60601,Chicago,Illinois,2026-08-11,82.5,72.4,Sunny
2026-08-09,98101,Seattle,Washington,2026-08-08,81.9,58.8,Sunny
2026-08-09,98101,Seattle,Washington,2026-08-09,81.0,56.1,Sunny
2026-08-09,98101,Seattle,Washington,2026-08-10,80.8,52.4,Sunny
2026-08-09,33101,Miami,Florida,2026-08-09,87.9,79.5,Sunny
2026-08-09,33101,Miami,Florida,2026-08-10,88.7,84.7,Sunny
2026-08-09,33101,Miami,Florida,2026-08-11,88.5,84.3,Sunny
2026-08-09,77001,Houston,Texas,2026-08-09,96.9,76.3,Sunny
2026-08-09,77001,Houston,Texas,2026-08-10,97.5,80.6,Sunny
2026-08-09,77001,Houston,Texas,2026-08-11,100.0,80.3,Sunny
2026-08-09,85001,Phoenix,Arizona,2026-08-08,118.0,93.0,Sunny
2026-08-09,85001,Phoenix,Arizona,2026-08-09,109.9,84.9,Dust haze
2026-08-09,85001,Phoenix,Arizona,2026-08-10,107.7,86.4,Dust haze
2026-08-09,19101,Philadelphia,Pennsylvania,2026-08-09,93.8,72.7,Sunny
2026-08-09,19101,Philadelphia,Pennsylvania,2026-08-10,93.8,75.7,Sunny
2026-08-09,19101,Philadelphia,Pennsylvania,2026-08-11,92.1,73.5,Sunny
2026-08-09,78201,San Antonio,Texas,2026-08-09,99.1,77.4,Sunny
2026-08-09,78201,San Antonio,Texas,2026-08-10,101.4,76.2,Partly Cloudy
2026-08-09,78201,San Antonio,Texas,2026-08-11,102.4,76.8,Sunny
2026-08-09,92101,San Diego,California,2026-08-08,89.2,65.5,Sunny
2026-08-09,92101,San Diego,California,2026-08-09,80.9,66.9,Sunny
2026-08-09,92101,San Diego,California,2026-08-10,80.4,74.2,Sunny
2026-08-09,75201,Dallas,Texas,2026-08-09,101.6,77.7,Sunny
2026-08-09,75201,Dallas,Texas,2026-08-10,103.6,82.0,Sunny
2026-08-09,75201,Dallas,Texas,2026-08-11,104.8,83.0,Sunny
2026-08-09,95101,San Jose,California,2026-08-08,84.2,59.0,Sunny
2026-08-09,95101,San Jose,California,2026-08-09,100.2,58.6,Sunny
2026-08-09,95101,San Jose,California,2026-08-10,96.8,62.7,Sunny
2026-08-09,78701,Austin,Texas,2026-08-09,100.7,78.1,Sunny
2026-08-09,78701,Austin,Texas,2026-08-10,101.7,76.8,Sunny
2026-08-09,78701,Austin,Texas,2026-08-11,103.9,77.9,Sunny
2026-08-09,30301,Atlanta,Georgia,2026-08-09,95.0,71.8,Sunny
2026-08-09,30301,Atlanta,Georgia,2026-08-10,95.2,75.7,Sunny
2026-08-09,30301,Atlanta,Georgia,2026-08-11,94.7,73.6,Sunny
2026-08-09,28201,Charlotte,North Carolina,2026-08-09,94.4,73.4,Sunny
2026-08-09,28201,Charlotte,North Carolina,2026-08-10,97.2,74.5,Sunny
2026-08-09,28201,Charlotte,North Carolina,2026-08-11,97.8,72.0,Sunny
2026-08-09,80201,Denver,Colorado,2026-08-09,96.4,72.0,Sunny
2026-08-09,80201,Denver,Colorado,2026-08-10,97.1,71.2,Sunny
2026-08-09,80201,Denver,Colorado,2026-08-11,97.9,70.0,Sunny
2026-08-09,37201,Nashville,Tennessee,2026-08-09,91.2,71.4,Mist
2026-08-09,37201,Nashville,Tennessee,2026-08-10,94.2,70.3,Sunny
2026-08-09,37201,Nashville,Tennessee,2026-08-11,94.8,74.6,Sunny
2026-08-09,97201,Portland,Oregon,2026-08-08,93.0,59.9,Sunny
2026-08-09,97201,Portland,Oregon,2026-08-09,85.9,57.0,Sunny
2026-08-09,97201,Portland,Oregon,2026-08-10,84.4,55.0,Sunny
2026-08-09,89101,Las Vegas,Nevada,2026-08-08,118.6,86.9,Sunny
2026-08-09,89101,Las Vegas,Nevada,2026-08-09,109.7,86.2,Sunny
2026-08-09,89101,Las Vegas,Nevada,2026-08-10,109.5,82.5,Sunny
2026-08-09,02101,Boston,Massachusetts,2026-08-09,92.4,71.2,Sunny
2026-08-09,02101,Boston,Massachusetts,2026-08-10,90.8,68.3,Sunny
2026-08-09,02101,Boston,Massachusetts,2026-08-11,89.0,69.0,Sunny
2026-08-10,90045,Los Angeles,California,2026-08-10,80.0,66.9,Sunny
2026-08-10,90045,Los Angeles,California,2026-08-11,79.4,71.4,Sunny
2026-08-10,90045,Los Angeles,California,2026-08-12,77.3,69.8,Sunny
2026-08-10,10001,New York,New York,2026-08-10,90.0,70.0,Sunny
2026-08-10,10001,New York,New York,2026-08-11,91.9,74.0,Sunny
2026-08-10,10001,New York,New York,2026-08-12,85.4,78.0,Partly Cloudy
2026-08-10,60601,Chicago,Illinois,2026-08-10,82.1,69.8,Sunny
2026-08-10,60601,Chicago,Illinois,2026-08-11,83.5,68.3,Sunny
2026-08-10,60601,Chicago,Illinois,2026-08-12,78.0,69.3,Sunny
2026-08-10,98101,Seattle,Washington,2026-08-10,81.6,54.7,Sunny
2026-08-10,98101,Seattle,Washington,2026-08-11,82.2,53.2,Sunny
2026-08-10,98101,Seattle,Washington,2026-08-12,80.1,54.1,Sunny
2026-08-10,33101,Miami,Florida,2026-08-10,92.8,79.7,Sunny
2026-08-10,33101,Miami,Florida,2026-08-11,89.0,85.0,Sunny
2026-08-10,33101,Miami,Florida,2026-08-12,88.5,84.4,Sunny
2026-08-10,77001,Houston,Texas,2026-08-10,92.7,77.4,Sunny
2026-08-10,77001,Houston,Texas,2026-08-11,96.4,80.1,Sunny
2026-08-10,77001,Houston,Texas,2026-08-12,100.9,80.0,Sunny
2026-08-10,85001,Phoenix,Arizona,2026-08-10,107.3,85.6,Dust haze
2026-08-10,85001,Phoenix,Arizona,2026-08-11,105.2,87.4,Dust haze
2026-08-10,85001,Phoenix,Arizona,2026-08-12,100.3,82.5,Patchy rain nearby
2026-08-10,19101,Philadelphia,Pennsylvania,2026-08-10,93.7,73.0,Smoky haze
2026-08-10,19101,Philadelphia,Pennsylvania,2026-08-11,91.3,70.6,Sunny
2026-08-10,19101,Philadelphia,Pennsylvania,2026-08-12,84.5,75.0,Partly Cloudy
2026-08-10,78201,San Antonio,Texas,2026-08-10,99.1,76.3,Sunny
2026-08-10,78201,San Antonio,Texas,2026-08-11,100.7,76.3,Sunny
2026-08-10,78201,San Antonio,Texas,2026-08-12,102.5,76.4,Sunny
2026-08-10,92101,San Diego,California,2026-08-10,79.0,67.3,Sunny
2026-08-10,92101,San Diego,California,2026-08-11,80.4,72.8,Sunny
2026-08-10,92101,San Diego,California,2026-08-12,78.6,72.6,Sunny
2026-08-10,75201,Dallas,Texas,2026-08-10,102.3,78.6,Sunny
2026-08-10,75201,Dallas,Texas,2026-08-11,104.0,81.9,Sunny
2026-08-10,75201,Dallas,Texas,2026-08-12,105.3,82.8,Sunny
2026-08-10,95101,San Jose,California,2026-08-10,95.1,59.2,Sunny
2026-08-10,95101,San Jose,California,2026-08-11,95.5,59.0,Sunny
2026-08-10,95101,San Jose,California,2026-08-12,91.0,58.2,Sunny
2026-08-10,78701,Austin,Texas,2026-08-10,100.8,79.2,Sunny
2026-08-10,78701,Austin,Texas,2026-08-11,103.5,77.7,Sunny
2026-08-10,78701,Austin,Texas,2026-08-12,104.1,77.1,Sunny
2026-08-10,30301,Atlanta,Georgia,2026-08-10,95.0,72.9,Sunny
2026-08-10,30301,Atlanta,Georgia,2026-08-11,96.1,77.2,Sunny
2026-08-10,30301,Atlanta,Georgia,2026-08-12,95.5,78.1,Sunny
2026-08-10,28201,Charlotte,North Carolina,2026-08-10,96.1,72.7,Sunny
2026-08-10,28201,Charlotte,North Carolina,2026-08-11,99.4,75.9,Sunny
2026-08-10,28201,Charlotte,North Carolina,2026-08-12,99.8,76.2,Sunny
2026-08-10,80201,Denver,Colorado,2026-08-10,98.0,71.1,Partly Cloudy
2026-08-10,80201,Denver,Colorado,2026-08-11,97.9,71.6,Sunny
2026-08-10,80201,Denver,Colorado,2026-08-12,96.1,66.7,Patchy rain nearby
2026-08-10,37201,Nashville,Tennessee,2026-08-10,94.8,71.8,Sunny
2026-08-10,37201,Nashville,Tennessee,2026-08-11,96.2,75.2,Sunny
2026-08-10,37201,Nashville,Tennessee,2026-08-12,97.8,76.7,Sunny
2026-08-10,97201,Portland,Oregon,2026-08-10,85.3,55.4,Sunny
2026-08-10,97201,Portland,Oregon,2026-08-11,85.4,56.4,Sunny
2026-08-10,97201,Portland,Oregon,2026-08-12,85.1,61.9,Sunny
2026-08-10,89101,Las Vegas,Nevada,2026-08-10,107.8,81.3,Sunny
2026-08-10,89101,Las Vegas,Nevada,2026-08-11,104.3,83.8,Sunny
2026-08-10,89101,Las Vegas,Nevada,2026-08-12,104.4,81.4,Sunny
2026-08-10,02101,Boston,Massachusetts,2026-08-10,87.7,67.8,Sunny
2026-08-10,02101,Boston,Massachusetts,2026-08-11,89.0,69.3,Sunny
2026-08-10,02101,Boston,Massachusetts,2026-08-12,84.6,66.0,Sunny
2026-08-11,90045,Los Angeles,California,2026-08-11,79.1,65.7,Sunny
2026-08-11,90045,Los Angeles,California,2026-08-12,75.9,69.7,Sunny
2026-08-11,90045,Los Angeles,California,2026-08-13,74.1,68.2,Sunny
2026-08-11,10001,New York,New York,2026-08-11,90.4,70.7,Sunny
2026-08-11,10001,New York,New York,2026-08-12,91.0,75.6,Sunny
2026-08-11,10001,New York,New York,2026-08-13,81.9,70.3,Light rain shower
2026-08-11,60601,Chicago,Illinois,2026-08-11,80.5,72.7,Sunny
2026-08-11,60601,Chicago,Illinois,2026-08-12,76.1,68.4,Sunny
2026-08-11,60601,Chicago,Illinois,2026-08-13,76.0,69.4,Sunny
2026-08-11,98101,Seattle,Washington,2026-08-11,81.9,55.6,Sunny
2026-08-11,98101,Seattle,Washington,2026-08-12,81.0,54.3,Sunny
2026-08-11,98101,Seattle,Washington,2026-08-13,83.1,54.7,Sunny
2026-08-11,33101,Miami,Florida,2026-08-11,90.9,79.3,Sunny
2026-08-11,33101,Miami,Florida,2026-08-12,88.4,84.6,Sunny
2026-08-11,33101,Miami,Florida,2026-08-13,88.6,84.1,Sunny
2026-08-11,77001,Houston,Texas,2026-08-11,99.2,74.7,Sunny
2026-08-11,77001,Houston,Texas,2026-08-12,101.2,80.3,Sunny
2026-08-11,77001,Houston,Texas,2026-08-13,100.3,80.0,Sunny
2026-08-11,85001,Phoenix,Arizona,2026-08-11,103.3,74.1,Dust haze
2026-08-11,85001,Phoenix,Arizona,2026-08-12,96.8,82.3,Patchy rain nearby
2026-08-11,85001,Phoenix,Arizona,2026-08-13,99.6,82.3,Sunny
2026-08-11,19101,Philadelphia,Pennsylvania,2026-08-11,88.2,71.1,Sunny
2026-08-11,19101,Philadelphia,Pennsylvania,2026-08-12,88.5,71.4,Sunny
2026-08-11,19101,Philadelphia,Pennsylvania,2026-08-13,84.0,71.2,Patchy rain nearby
2026-08-11,78201,San Antonio,Texas,2026-08-11,100.5,78.1,Sunny
2026-08-11,78201,San Antonio,Texas,2026-08-12,102.5,76.4,Sunny
2026-08-11,78201,San Antonio,Texas,2026-08-13,102.9,76.4,Sunny
2026-08-11,92101,San Diego,California,2026-08-11,79.4,67.5,Sunny
2026-08-11,92101,San Diego,California,2026-08-12,78.1,71.9,Sunny
2026-08-11,92101,San Diego,California,2026-08-13,74.7,70.1,Partly Cloudy
2026-08-11,75201,Dallas,Texas,2026-08-11,103.6,78.1,Sunny
2026-08-11,75201,Dallas,Texas,2026-08-12,104.6,82.3,Sunny
2026-08-11,75201,Dallas,Texas,2026-08-13,105.5,82.1,Sunny
2026-08-11,95101,San Jose,California,2026-08-11,93.4,57.9,Sunny
2026-08-11,95101,San Jose,California,2026-08-12,89.2,59.1,Sunny
2026-08-11,95101,San Jose,California,2026-08-13,82.4,57.5,Sunny
2026-08-11,78701,Austin,Texas,2026-08-11,101.8,79.5,Sunny
2026-08-11,78701,Austin,Texas,2026-08-12,103.5,76.9,Sunny
2026-08-11,78701,Austin,Texas,2026-08-13,104.2,76.7,Sunny
2026-08-11,30301,Atlanta,Georgia,2026-08-11,95.2,74.1,Sunny
2026-08-11,30301,Atlanta,Georgia,2026-08-12,95.0,75.5,Sunny
2026-08-11,30301,Atlanta,Georgia,2026-08-13,98.5,76.9,Sunny
2026-08-11,28201,Charlotte,North Carolina,2026-08-11,100.0,72.3,Sunny
2026-08-11,28201,Charlotte,North Carolina,2026-08-12,98.3,72.6,Sunny
2026-08-11,28201,Charlotte,North Carolina,2026-08-13,98.9,75.3,Sunny
2026-08-11,80201,Denver,Colorado,2026-08-11,97.7,69.3,Sunny
2026-08-11,80201,Denver,Colorado,2026-08-12,94.1,64.4,Sunny
2026-08-11,80201,Denver,Colorado,2026-08-13,84.6,61.9,Partly Cloudy
2026-08-11,37201,Nashville,Tennessee,2026-08-11,96.2,75.9,Sunny
2026-08-11,37201,Nashville,Tennessee,2026-08-12,97.6,74.4,Sunny
2026-08-11,37201,Nashville,Tennessee,2026-08-13,99.8,74.7,Sunny
2026-08-11,97201,Portland,Oregon,2026-08-11,85.6,56.8,Sunny
2026-08-11,97201,Portland,Oregon,2026-08-12,84.5,60.7,Sunny
2026-08-11,97201,Portland,Oregon,2026-08-13,87.3,57.0,Sunny
2026-08-11,89101,Las Vegas,Nevada,2026-08-11,103.7,82.0,Sunny
2026-08-11,89101,Las Vegas,Nevada,2026-08-12,101.8,82.4,Sunny
2026-08-11,89101,Las Vegas,Nevada,2026-08-13,95.5,81.5,Sunny
2026-08-11,02101,Boston,Massachusetts,2026-08-11,89.6,69.4,Sunny
2026-08-11,02101,Boston,Massachusetts,2026-08-12,86.3,67.8,Sunny
2026-08-11,02101,Boston,Massachusetts,2026-08-13,83.2,67.2,Partly Cloudy
2026-08-12,90045,Los Angeles,California,2026-08-12,76.6,67.6,Sunny
2026-08-12,90045,Los Angeles,California,2026-08-13,74.2,68.1,Partly Cloudy
2026-08-12,90045,Los Angeles,California,2026-08-14,74.9,67.4,Sunny
2026-08-12,10001,New York,New York,2026-08-12,91.7,67.6,Sunny
2026-08-12,10001,New York,New York,2026-08-13,91.0,72.4,Sunny
2026-08-12,10001,New York,New York,2026-08-14,89.9,69.6,Sunny
2026-08-12,60601,Chicago,Illinois,2026-08-12,81.3,70.9,Sunny
2026-08-12,60601,Chicago,Illinois,2026-08-13,76.7,70.3,Sunny
2026-08-12,60601,Chicago,Illinois,2026-08-14,78.3,69.5,Partly Cloudy
2026-08-12,98101,Seattle,Washington,2026-08-12,77.8,56.5,Sunny
2026-08-12,98101,Seattle,Washington,2026-08-13,83.1,54.9,Sunny
2026-08-12,98101,Seattle,Washington,2026-08-14,85.3,57.4,Sunny
2026-08-12,33101,Miami,Florida,2026-08-12,94.8,77.4,Sunny
2026-08-12,33101,Miami,Florida,2026-08-13,88.7,84.2,Sunny
2026-08-12,33101,Miami,Florida,2026-08-14,89.0,84.7,Sunny
2026-08-12,77001,Houston,Texas,2026-08-12,101.3,77.4,Sunny
2026-08-12,77001,Houston,Texas,2026-08-13,101.0,79.7,Sunny
2026-08-12,77001,Houston,Texas,2026-08-14,96.9,80.7,Sunny
2026-08-12,85001,Phoenix,Arizona,2026-08-12,101.8,81.7,Sunny
2026-08-12,85001,Phoenix,Arizona,2026-08-13,100.8,79.6,Sunny
2026-08-12,85001,Phoenix,Arizona,2026-08-14,99.8,86.8,Sunny
2026-08-12,19101,Philadelphia,Pennsylvania,2026-08-12,92.5,72.0,Sunny
2026-08-12,19101,Philadelphia,Pennsylvania,2026-08-13,90.3,70.2,Sunny
2026-08-12,19101,Philadelphia,Pennsylvania,2026-08-14,88.7,71.5,Partly Cloudy
2026-08-12,78201,San Antonio,Texas,2026-08-12,102.8,77.5,Sunny
2026-08-12,78201,San Antonio,Texas,2026-08-13,103.1,75.2,Sunny
2026-08-12,78201,San Antonio,Texas,2026-08-14,100.3,76.8,Partly Cloudy
2026-08-12,92101,San Diego,California,2026-08-12,77.7,70.0,Sunny
2026-08-12,92101,San Diego,California,2026-08-13,74.7,70.4,Partly Cloudy
2026-08-12,92101,San Diego,California,2026-08-14,75.6,69.6,Sunny
2026-08-12,75201,Dallas,Texas,2026-08-12,104.9,81.0,Sunny
2026-08-12,75201,Dallas,Texas,2026-08-13,105.6,82.3,Sunny
2026-08-12,75201,Dallas,Texas,2026-08-14,104.8,80.6,Sunny
2026-08-12,95101,San Jose,California,2026-08-12,89.0,58.1,Sunny
2026-08-12,95101,San Jose,California,2026-08-13,81.6,57.7,Sunny
2026-08-12,95101,San Jose,California,2026-08-14,83.0,56.1,Sunny
2026-08-12,78701,Austin,Texas,2026-08-12,103.5,78.8,Sunny
2026-08-12,78701,Austin,Texas,2026-08-13,104.2,77.1,Sunny
2026-08-12,78701,Austin,Texas,2026-08-14,103.6,78.3,Sunny
2026-08-12,30301,Atlanta,Georgia,2026-08-12,95.9,71.2,Sunny
2026-08-12,30301,Atlanta,Georgia,2026-08-13,96.5,76.7,Sunny
2026-08-12,30301,Atlanta,Georgia,2026-08-14,98.7,77.9,Sunny
2026-08-12,28201,Charlotte,North Carolina,2026-08-12,96.7,70.0,Sunny
2026-08-12,28201,Charlotte,North Carolina,2026-08-13,98.7,75.8,Sunny
2026-08-12,28201,Charlotte,North Carolina,2026-08-14,101.1,76.5,Sunny
2026-08-12,80201,Denver,Colorado,2026-08-12,94.9,65.6,Sunny
2026-08-12,80201,Denver,Colorado,2026-08-13,87.7,64.7,Sunny
2026-08-12,80201,Denver,Colorado,2026-08-14,88.5,63.4,Sunny
2026-08-12,37201,Nashville,Tennessee,2026-08-12,97.1,75.7,Sunny
2026-08-12,37201,Nashville,Tennessee,2026-08-13,98.0,74.3,Sunny
2026-08-12,37201,Nashville,Tennessee,2026-08-14,99.5,78.1,Sunny
2026-08-12,97201,Portland,Oregon,2026-08-12,74.6,60.6,Sunny
2026-08-12,97201,Portland,Oregon,2026-08-13,87.5,56.8,Sunny
2026-08-12,97201,Portland,Oregon,2026-08-14,88.0,62.4,Sunny
2026-08-12,89101,Las Vegas,Nevada,2026-08-12,100.5,81.5,Sunny
2026-08-12,89101,Las Vegas,Nevada,2026-08-13,92.8,81.1,Partly Cloudy
2026-08-12,89101,Las Vegas,Nevada,2026-08-14,97.8,80.1,Sunny
2026-08-12,02101,Boston,Massachusetts,2026-08-12,89.2,64.8,Sunny
2026-08-12,02101,Boston,Massachusetts,2026-08-13,82.6,67.0,Partly Cloudy
2026-08-12,02101,Boston,Massachusetts,2026-08-14,82.8,60.5,Sunny
2026-08-13,90045,Los Angeles,California,2026-08-13,74.1,66.6,Sunny
2026-08-13,90045,Los Angeles,California,2026-08-14,74.7,67.1,Sunny
2026-08-13,90045,Los Angeles,California,2026-08-15,76.8,67.8,Sunny
2026-08-13,10001,New York,New York,2026-08-13,90.9,70.2,Sunny
2026-08-13,10001,New York,New York,2026-08-14,88.6,72.4,Sunny
2026-08-13,10001,New York,New York,2026-08-15,83.9,67.1,Sunny
2026-08-13,60601,Chicago,Illinois,2026-08-13,75.2,70.5,Partly Cloudy
2026-08-13,60601,Chicago,Illinois,2026-08-14,79.2,69.5,Patchy rain nearby
2026-08-13,60601,Chicago,Illinois,2026-08-15,86.9,70.0,Patchy rain nearby
2026-08-13,98101,Seattle,Washington,2026-08-13,83.5,58.1,Sunny
2026-08-13,98101,Seattle,Washington,2026-08-14,85.1,56.2,Sunny
2026-08-13,98101,Seattle,Washington,2026-08-15,84.0,54.3,Sunny
2026-08-13,33101,Miami,Florida,2026-08-13,89.1,76.3,Sunny
2026-08-13,33101,Miami,Florida,2026-08-14,88.8,84.6,Sunny
2026-08-13,33101,Miami,Florida,2026-08-15,89.1,84.9,Sunny
2026-08-13,77001,Houston,Texas,2026-08-13,100.9,77.7,Sunny
2026-08-13,77001,Houston,Texas,2026-08-14,98.5,80.9,Sunny
2026-08-13,77001,Houston,Texas,2026-08-15,102.5,80.3,Sunny
2026-08-13,85001,Phoenix,Arizona,2026-08-13,100.3,78.1,Sunny
2026-08-13,85001,Phoenix,Arizona,2026-08-14,99.8,85.6,Sunny
2026-08-13,85001,Phoenix,Arizona,2026-08-15,103.6,89.3,Sunny
2026-08-13,19101,Philadelphia,Pennsylvania,2026-08-13,89.0,72.0,Sunny
2026-08-13,19101,Philadelphia,Pennsylvania,2026-08-14,87.2,70.7,Sunny
2026-08-13,19101,Philadelphia,Pennsylvania,2026-08-15,84.5,66.8,Sunny
2026-08-13,78201,San Antonio,Texas,2026-08-13,102.5,76.1,Sunny
2026-08-13,78201,San Antonio,Texas,2026-08-14,101.3,76.8,Sunny
2026-08-13,78201,San Antonio,Texas,2026-08-15,102.6,77.1,Sunny
2026-08-13,92101,San Diego,California,2026-08-13,74.6,69.3,Partly Cloudy
2026-08-13,92101,San Diego,California,2026-08-14,75.6,69.6,Sunny
2026-08-13,92101,San Diego,California,2026-08-15,76.5,70.0,Sunny
2026-08-13,75201,Dallas,Texas,2026-08-13,105.1,81.3,Sunny
2026-08-13,75201,Dallas,Texas,2026-08-14,104.4,81.1,Sunny
2026-08-13,75201,Dallas,Texas,2026-08-15,105.4,83.3,Sunny
2026-08-13,95101,San Jose,California,2026-08-13,81.4,58.0,Sunny
2026-08-13,95101,San Jose,California,2026-08-14,83.1,57.1,Sunny
2026-08-13,95101,San Jose,California,2026-08-15,82.4,54.4,Sunny
2026-08-13,78701,Austin,Texas,2026-08-13,104.3,78.4,Sunny
2026-08-13,78701,Austin,Texas,2026-08-14,103.0,76.2,Sunny
2026-08-13,78701,Austin,Texas,2026-08-15,104.6,77.7,Sunny
2026-08-13,30301,Atlanta,Georgia,2026-08-13,96.0,74.5,Sunny
2026-08-13,30301,Atlanta,Georgia,2026-08-14,99.4,78.9,Sunny
2026-08-13,30301,Atlanta,Georgia,2026-08-15,100.9,76.9,Partly Cloudy
2026-08-13,28201,Charlotte,North Carolina,2026-08-13,99.0,72.5,Sunny
2026-08-13,28201,Charlotte,North Carolina,2026-08-14,95.0,76.2,Sunny
2026-08-13,28201,Charlotte,North Carolina,2026-08-15,90.4,73.5,Partly Cloudy
2026-08-13,80201,Denver,Colorado,2026-08-13,81.3,61.3,Sunny
2026-08-13,80201,Denver,Colorado,2026-08-14,87.1,62.2,Sunny
2026-08-13,80201,Denver,Colorado,2026-08-15,84.8,63.0,Sunny
2026-08-13,37201,Nashville,Tennessee,2026-08-13,99.7,77.7,Sunny
2026-08-13,37201,Nashville,Tennessee,2026-08-14,99.9,77.2,Sunny
2026-08-13,37201,Nashville,Tennessee,2026-08-15,100.9,77.8,Sunny
2026-08-13,97201,Portland,Oregon,2026-08-13,87.1,58.3,Sunny
2026-08-13,97201,Portland,Oregon,2026-08-14,87.2,60.5,Sunny
2026-08-13,97201,Portland,Oregon,2026-08-15,85.5,60.0,Sunny
2026-08-13,89101,Las Vegas,Nevada,2026-08-13,94.6,74.8,Sunny
2026-08-13,89101,Las Vegas,Nevada,2026-08-14,98.9,79.6,Sunny
2026-08-13,89101,Las Vegas,Nevada,2026-08-15,98.7,75.6,Sunny
2026-08-13,02101,Boston,Massachusetts,2026-08-13,83.7,66.4,Sunny
2026-08-13,02101,Boston,Massachusetts,2026-08-14,83.8,64.6,Sunny
2026-08-13,02101,Boston,Massachusetts,2026-08-15,76.7,59.2,Sunny
2026-08-14,90045,Los Angeles,California,2026-08-14,75.0,67.6,Sunny
2026-08-14,90045,Los Angeles,California,2026-08-15,75.7,67.6,Sunny
2026-08-14,90045,Los Angeles,California,2026-08-16,78.5,69.5,Sunny
2026-08-14,10001,New York,New York,2026-08-14,89.9,67.3,Sunny
2026-08-14,10001,New York,New York,2026-08-15,86.6,71.1,Sunny
2026-08-14,10001,New York,New York,2026-08-16,76.0,70.4,Sunny
2026-08-14,60601,Chicago,Illinois,2026-08-14,77.8,70.0,Partly Cloudy
2026-08-14,60601,Chicago,Illinois,2026-08-15,82.6,71.5,Patchy rain nearby
2026-08-14,60601,Chicago,Illinois,2026-08-16,82.1,72.1,Partly Cloudy
2026-08-14,98101,Seattle,Washington,2026-08-14,85.1,55.4,Sunny
2026-08-14,98101,Seattle,Washington,2026-08-15,83.6,53.9,Sunny
2026-08-14,98101,Seattle,Washington,2026-08-16,82.8,54.7,Sunny
2026-08-14,33101,Miami,Florida,2026-08-14,89.1,77.0,Sunny
2026-08-14,33101,Miami,Florida,2026-08-15,88.6,84.7,Sunny
2026-08-14,33101,Miami,Florida,2026-08-16,88.3,84.2,Sunny
2026-08-14,77001,Houston,Texas,2026-08-14,97.1,78.8,Sunny
2026-08-14,77001,Houston,Texas,2026-08-15,101.0,81.1,Sunny
2026-08-14,77001,Houston,Texas,2026-08-16,101.4,77.9,Sunny
2026-08-14,85001,Phoenix,Arizona,2026-08-14,99.1,82.0,Sunny
2026-08-14,85001,Phoenix,Arizona,2026-08-15,103.7,89.3,Sunny
2026-08-14,85001,Phoenix,Arizona,2026-08-16,107.0,92.5,Sunny
2026-08-14,19101,Philadelphia,Pennsylvania,2026-08-14,90.0,72.0,Sunny
2026-08-14,19101,Philadelphia,Pennsylvania,2026-08-15,89.1,72.0,Sunny
2026-08-14,19101,Philadelphia,Pennsylvania,2026-08-16,83.8,70.8,Light rain shower
2026-08-14,78201,San Antonio,Texas,2026-08-14,102.7,76.5,Sunny
2026-08-14,78201,San Antonio,Texas,2026-08-15,102.1,77.7,Sunny
2026-08-14,78201,San Antonio,Texas,2026-08-16,102.3,74.3,Sunny
2026-08-14,92101,San Diego,California,2026-08-14,75.7,68.0,Sunny
2026-08-14,92101,San Diego,California,2026-08-15,75.4,70.3,Sunny
2026-08-14,92101,San Diego,California,2026-08-16,78.0,70.4,Sunny
2026-08-14,75201,Dallas,Texas,2026-08-14,104.7,80.1,Sunny
2026-08-14,75201,Dallas,Texas,2026-08-15,105.1,83.4,Sunny
2026-08-14,75201,Dallas,Texas,2026-08-16,107.9,85.4,Sunny
2026-08-14,95101,San Jose,California,2026-08-14,83.5,57.1,Sunny
2026-08-14,95101,San Jose,California,2026-08-15,83.0,55.1,Sunny
2026-08-14,95101,San Jose,California,2026-08-16,89.6,53.5,Sunny
2026-08-14,78701,Austin,Texas,2026-08-14,103.1,77.7,Sunny
2026-08-14,78701,Austin,Texas,2026-08-15,105.5,77.7,Sunny
2026-08-14,78701,Austin,Texas,2026-08-16,105.6,75.4,Sunny
2026-08-14,30301,Atlanta,Georgia,2026-08-14,98.2,75.6,Sunny
2026-08-14,30301,Atlanta,Georgia,2026-08-15,99.1,79.0,Sunny
2026-08-14,30301,Atlanta,Georgia,2026-08-16,100.9,77.6,Sunny
2026-08-14,28201,Charlotte,North Carolina,2026-08-14,101.5,75.9,Sunny
2026-08-14,28201,Charlotte,North Carolina,2026-08-15,102.0,75.4,Sunny
2026-08-14,28201,Charlotte,North Carolina,2026-08-16,102.3,74.8,Sunny
2026-08-14,80201,Denver,Colorado,2026-08-14,88.5,62.9,Sunny
2026-08-14,80201,Denver,Colorado,2026-08-15,84.8,63.4,Sunny
2026-08-14,80201,Denver,Colorado,2026-08-16,87.6,63.5,Sunny
2026-08-14,37201,Nashville,Tennessee,2026-08-14,99.7,76.8,Sunny
2026-08-14,37201,Nashville,Tennessee,2026-08-15,98.3,78.2,Sunny
2026-08-14,37201,Nashville,Tennessee,2026-08-16,101.4,78.9,Sunny
2026-08-14,97201,Portland,Oregon,2026-08-14,86.9,59.5,Sunny
2026-08-14,97201,Portland,Oregon,2026-08-15,85.6,59.6,Sunny
2026-08-14,97201,Portland,Oregon,2026-08-16,85.9,59.8,Sunny
2026-08-14,89101,Las Vegas,Nevada,2026-08-14,98.6,79.7,Sunny
2026-08-14,89101,Las Vegas,Nevada,2026-08-15,99.0,74.8,Sunny
2026-08-14,89101,Las Vegas,Nevada,2026-08-16,99.8,80.5,Sunny
2026-08-14,02101,Boston,Massachusetts,2026-08-14,84.4,63.7,Sunny
2026-08-14,02101,Boston,Massachusetts,2026-08-15,77.7,59.4,Sunny
2026-08-14,02101,Boston,Massachusetts,2026-08-16,80.6,59.8,Sunny
2026-08-15,90045,Los Angeles,California,2026-08-14,77.5,67.1,Sunny
2026-08-15,90045,Los Angeles,California,2026-08-15,76.5,63.5,Sunny
2026-08-15,90045,Los Angeles,California,2026-08-16,79.0,69.2,Sunny
2026-08-15,10001,New York,New York,2026-08-15,89.4,66.7,Sunny
2026-08-15,10001,New York,New York,2026-08-16,78.8,69.8,Patchy rain nearby
2026-08-15,10001,New York,New York,2026-08-17,87.8,71.7,Patchy rain nearby
2026-08-15,60601,Chicago,Illinois,2026-08-15,78.5,72.7,Patchy rain nearby
2026-08-15,60601,Chicago,Illinois,2026-08-16,83.1,73.2,Patchy rain nearby
2026-08-15,60601,Chicago,Illinois,2026-08-17,77.1,69.6,Sunny
2026-08-15,98101,Seattle,Washington,2026-08-14,80.1,56.5,Sunny
2026-08-15,98101,Seattle,Washington,2026-08-15,83.8,57.9,Sunny
2026-08-15,98101,Seattle,Washington,2026-08-16,83.3,55.2,Sunny
2026-08-15,33101,Miami,Florida,2026-08-15,91.0,79.9,Sunny
2026-08-15,33101,Miami,Florida,2026-08-16,88.7,84.1,Sunny
2026-08-15,33101,Miami,Florida,2026-08-17,89.7,84.2,Sunny
2026-08-15,77001,Houston,Texas,2026-08-15,100.8,78.4,Sunny
2026-08-15,77001,Houston,Texas,2026-08-16,101.4,78.1,Sunny
2026-08-15,77001,Houston,Texas,2026-08-17,101.9,78.6,Sunny
2026-08-15,85001,Phoenix,Arizona,2026-08-14,107.4,78.1,Sunny
2026-08-15,85001,Phoenix,Arizona,2026-08-15,104.5,77.2,Sunny
2026-08-15,85001,Phoenix,Arizona,2026-08-16,105.9,91.3,Sunny
2026-08-15,19101,Philadelphia,Pennsylvania,2026-08-15,91.2,69.8,Sunny
2026-08-15,19101,Philadelphia,Pennsylvania,2026-08-16,75.4,69.2,Patchy rain nearby
2026-08-15,19101,Philadelphia,Pennsylvania,2026-08-17,86.5,72.4,Patchy rain nearby
2026-08-15,78201,San Antonio,Texas,2026-08-15,102.0,77.4,Sunny
2026-08-15,78201,San Antonio,Texas,2026-08-16,101.7,73.0,Sunny
2026-08-15,78201,San Antonio,Texas,2026-08-17,101.8,75.2,Sunny
2026-08-15,92101,San Diego,California,2026-08-14,81.3,65.1,Partly Cloudy
2026-08-15,92101,San Diego,California,2026-08-15,76.1,67.6,Sunny
2026-08-15,92101,San Diego,California,2026-08-16,78.4,70.6,Sunny
2026-08-15,75201,Dallas,Texas,2026-08-15,104.6,80.8,Sunny
2026-08-15,75201,Dallas,Texas,2026-08-16,107.3,84.9,Sunny
2026-08-15,75201,Dallas,Texas,2026-08-17,108.7,85.1,Sunny
2026-08-15,95101,San Jose,California,2026-08-14,77.9,59.2,Sunny
2026-08-15,95101,San Jose,California,2026-08-15,83.4,57.4,Sunny
2026-08-15,95101,San Jose,California,2026-08-16,89.6,53.7,Sunny
2026-08-15,78701,Austin,Texas,2026-08-15,104.4,80.4,Sunny
2026-08-15,78701,Austin,Texas,2026-08-16,104.7,74.6,Sunny
2026-08-15,78701,Austin,Texas,2026-08-17,104.8,77.6,Sunny
2026-08-15,30301,Atlanta,Georgia,2026-08-15,98.0,75.4,Sunny
2026-08-15,30301,Atlanta,Georgia,2026-08-16,101.6,82.1,Sunny
2026-08-15,30301,Atlanta,Georgia,2026-08-17,103.6,80.7,Sunny
2026-08-15,28201,Charlotte,North Carolina,2026-08-15,100.9,73.2,Sunny
2026-08-15,28201,Charlotte,North Carolina,2026-08-16,101.7,74.8,Sunny
2026-08-15,28201,Charlotte,North Carolina,2026-08-17,103.2,73.7,Sunny
2026-08-15,80201,Denver,Colorado,2026-08-15,82.1,64.3,Sunny
2026-08-15,80201,Denver,Colorado,2026-08-16,87.8,63.6,Sunny
2026-08-15,80201,Denver,Colorado,2026-08-17,90.0,64.6,Partly Cloudy
2026-08-15,37201,Nashville,Tennessee,2026-08-15,102.6,79.0,Sunny
2026-08-15,37201,Nashville,Tennessee,2026-08-16,101.8,77.2,Sunny
2026-08-15,37201,Nashville,Tennessee,2026-08-17,95.0,78.1,Sunny
2026-08-15,97201,Portland,Oregon,2026-08-14,82.0,61.9,Sunny
2026-08-15,97201,Portland,Oregon,2026-08-15,85.0,60.1,Sunny
2026-08-15,97201,Portland,Oregon,2026-08-16,86.1,58.2,Sunny
2026-08-15,89101,Las Vegas,Nevada,2026-08-14,101.3,74.8,Sunny
2026-08-15,89101,Las Vegas,Nevada,2026-08-15,95.9,68.7,Sunny
2026-08-15,89101,Las Vegas,Nevada,2026-08-16,98.5,82.2,Sunny
2026-08-15,02101,Boston,Massachusetts,2026-08-15,82.4,59.7,Sunny
2026-08-15,02101,Boston,Massachusetts,2026-08-16,82.0,59.8,Sunny
2026-08-15,02101,Boston,Massachusetts,2026-08-17,78.1,65.6,Patchy rain nearby
2026-08-16,90045,Los Angeles,California,2026-08-15,76.7,63.9,Sunny
2026-08-16,90045,Los Angeles,California,2026-08-16,78.7,69.6,Sunny
2026-08-16,90045,Los Angeles,California,2026-08-17,80.9,71.7,Sunny
2026-08-16,10001,New York,New York,2026-08-16,81.4,73.3,Sunny
2026-08-16,10001,New York,New York,2026-08-17,84.7,70.8,Patchy rain nearby
2026-08-16,10001,New York,New York,2026-08-18,88.2,71.9,Sunny
2026-08-16,60601,Chicago,Illinois,2026-08-16,82.3,72.1,Patchy rain nearby
2026-08-16,60601,Chicago,Illinois,2026-08-17,76.4,70.5,Sunny
2026-08-16,60601,Chicago,Illinois,2026-08-18,83.2,67.4,Sunny
2026-08-16,98101,Seattle,Washington,2026-08-15,83.8,58.5,Sunny
2026-08-16,98101,Seattle,Washington,2026-08-16,82.9,55.0,Sunny
2026-08-16,98101,Seattle,Washington,2026-08-17,84.6,55.2,Sunny
2026-08-16,33101,Miami,Florida,2026-08-16,88.4,84.8,Sunny
2026-08-16,33101,Miami,Florida,2026-08-17,89.8,84.5,Sunny
2026-08-16,33101,Miami,Florida,2026-08-18,91.6,84.7,Sunny
2026-08-16,77001,Houston,Texas,2026-08-16,101.1,77.9,Sunny
2026-08-16,77001,Houston,Texas,2026-08-17,101.4,78.6,Sunny
2026-08-16,77001,Houston,Texas,2026-08-18,101.2,80.1,Sunny
2026-08-16,85001,Phoenix,Arizona,2026-08-15,104.7,77.4,Sunny
2026-08-16,85001,Phoenix,Arizona,2026-08-16,104.6,92.2,Sunny
2026-08-16,85001,Phoenix,Arizona,2026-08-17,107.8,92.2,Sunny
2026-08-16,19101,Philadelphia,Pennsylvania,2026-08-16,75.7,69.9,Sunny
2026-08-16,19101,Philadelphia,Pennsylvania,2026-08-17,87.2,70.0,Patchy rain nearby
2026-08-16,19101,Philadelphia,Pennsylvania,2026-08-18,89.1,70.7,Sunny
2026-08-16,78201,San Antonio,Texas,2026-08-16,101.8,73.7,Sunny
2026-08-16,78201,San Antonio,Texas,2026-08-17,102.1,75.6,Sunny
2026-08-16,78201,San Antonio,Texas,2026-08-18,102.7,76.2,Sunny
2026-08-16,92101,San Diego,California,2026-08-15,76.0,67.1,Sunny
2026-08-16,92101,San Diego,California,2026-08-16,79.2,70.9,Sunny
2026-08-16,92101,San Diego,California,2026-08-17,80.3,72.3,Sunny
2026-08-16,75201,Dallas,Texas,2026-08-16,107.7,84.5,Sunny
2026-08-16,75201,Dallas,Texas,2026-08-17,108.9,86.4,Sunny
2026-08-16,75201,Dallas,Texas,2026-08-18,108.2,86.4,Sunny
2026-08-16,95101,San Jose,California,2026-08-15,85.0,57.7,Sunny
2026-08-16,95101,San Jose,California,2026-08-16,88.7,53.9,Sunny
2026-08-16,95101,San Jose,California,2026-08-17,86.9,54.6,Sunny
2026-08-16,78701,Austin,Texas,2026-08-16,105.5,74.6,Sunny
2026-08-16,78701,Austin,Texas,2026-08-17,105.6,78.1,Sunny
2026-08-16,78701,Austin,Texas,2026-08-18,104.5,78.4,Sunny
2026-08-16,30301,Atlanta,Georgia,2026-08-16,101.1,79.5,Sunny
2026-08-16,30301,Atlanta,Georgia,2026-08-17,103.5,79.8,Sunny
2026-08-16,30301,Atlanta,Georgia,2026-08-18,102.8,82.1,Sunny
2026-08-16,28201,Charlotte,North Carolina,2026-08-16,101.4,76.2,Sunny
2026-08-16,28201,Charlotte,North Carolina,2026-08-17,103.0,77.3,Sunny
2026-08-16,28201,Charlotte,North Carolina,2026-08-18,97.7,74.8,Sunny
2026-08-16,80201,Denver,Colorado,2026-08-16,87.7,61.7,Sunny
2026-08-16,80201,Denver,Colorado,2026-08-17,89.8,62.3,Sunny
2026-08-16,80201,Denver,Colorado,2026-08-18,93.8,68.3,Sunny
2026-08-16,37201,Nashville,Tennessee,2026-08-16,101.4,77.5,Sunny
2026-08-16,37201,Nashville,Tennessee,2026-08-17,96.9,76.7,Sunny
2026-08-16,37201,Nashville,Tennessee,2026-08-18,96.7,76.7,Sunny
2026-08-16,97201,Portland,Oregon,2026-08-15,84.6,61.2,Sunny
2026-08-16,97201,Portland,Oregon,2026-08-16,86.2,57.9,Sunny
2026-08-16,97201,Portland,Oregon,2026-08-17,88.2,59.2,Sunny
2026-08-16,89101,Las Vegas,Nevada,2026-08-15,99.2,68.7,Sunny
2026-08-16,89101,Las Vegas,Nevada,2026-08-16,98.7,77.9,Sunny
2026-08-16,89101,Las Vegas,Nevada,2026-08-17,105.2,82.6,Sunny
2026-08-16,02101,Boston,Massachusetts,2026-08-16,81.2,59.6,Sunny
2026-08-16,02101,Boston,Massachusetts,2026-08-17,69.8,63.4,Patchy rain nearby
2026-08-16,02101,Boston,Massachusetts,2026-08-18,78.3,61.1,Partly Cloudy
2026-08-17,90045,Los Angeles,California,2026-08-16,75.2,51.5,Sunny
2026-08-17,90045,Los Angeles,California,2026-08-17,67.1,52.7,Patchy rain nearby
2026-08-17,90045,Los Angeles,California,2026-08-18,55.1,54.0,Sunny
2026-08-17,10001,New York,New York,2026-08-17,73.4,45.9,Sunny
2026-08-17,10001,New York,New York,2026-08-18,50.2,48.5,Overcast
2026-08-17,10001,New York,New York,2026-08-19,51.9,49.6,Overcast
2026-08-17,60601,Chicago,Illinois,2026-08-17,70.5,49.4,Overcast
2026-08-17,60601,Chicago,Illinois,2026-08-18,52.6,51.3,Overcast
2026-08-17,60601,Chicago,Illinois,2026-08-19,52.5,49.3,Overcast
2026-08-17,98101,Seattle,Washington,2026-08-16,74.8,55.0,Partly Cloudy
2026-08-17,98101,Seattle,Washington,2026-08-17,58.8,42.0,Patchy rain nearby
2026-08-17,98101,Seattle,Washington,2026-08-18,44.1,42.8,Overcast
2026-08-17,33101,Miami,Florida,2026-08-17,80.6,57.9,Patchy rain nearby
2026-08-17,33101,Miami,Florida,2026-08-18,61.1,58.6,Patchy rain nearby
2026-08-17,33101,Miami,Florida,2026-08-19,62.7,61.0,Sunny
2026-08-17,77001,Houston,Texas,2026-08-17,77.9,62.8,Patchy rain nearby
2026-08-17,77001,Houston,Texas,2026-08-18,64.2,63.5,Patchy rain nearby
2026-08-17,77001,Houston,Texas,2026-08-19,64.2,63.1,Patchy rain nearby
2026-08-17,85001,Phoenix,Arizona,2026-08-16,115.9,92.2,Sunny
2026-08-17,85001,Phoenix,Arizona,2026-08-17,92.1,53.5,Patchy rain nearby
2026-08-17,85001,Phoenix,Arizona,2026-08-18,54.6,53.3,Patchy rain nearby
2026-08-17,19101,Philadelphia,Pennsylvania,2026-08-17,73.9,49.0,Sunny
2026-08-17,19101,Philadelphia,Pennsylvania,2026-08-18,51.1,49.2,Overcast
2026-08-17,19101,Philadelphia,Pennsylvania,2026-08-19,53.0,51.1,Overcast
2026-08-17,78201,San Antonio,Texas,2026-08-17,81.5,62.4,Patchy rain nearby
2026-08-17,78201,San Antonio,Texas,2026-08-18,64.7,64.0,Overcast
2026-08-17,78201,San Antonio,Texas,2026-08-19,64.5,63.6,Overcast
2026-08-17,92101,San Diego,California,2026-08-16,80.6,70.0,Sunny
2026-08-17,92101,San Diego,California,2026-08-17,69.3,54.1,Patchy rain nearby
2026-08-17,92101,San Diego,California,2026-08-18,56.9,54.7,Patchy rain nearby
2026-08-17,75201,Dallas,Texas,2026-08-17,86.9,60.2,Patchy rain nearby
2026-08-17,75201,Dallas,Texas,2026-08-18,62.4,59.9,Overcast
2026-08-17,75201,Dallas,Texas,2026-08-19,62.2,58.5,Patchy rain nearby
2026-08-17,95101,San Jose,California,2026-08-16,81.9,50.2,Sunny
2026-08-17,95101,San Jose,California,2026-08-17,58.5,50.6,Patchy rain nearby
2026-08-17,95101,San Jose,California,2026-08-18,52.0,51.2,Patchy rain nearby
2026-08-17,78701,Austin,Texas,2026-08-17,84.4,62.2,Patchy rain nearby
2026-08-17,78701,Austin,Texas,2026-08-18,64.1,63.7,Overcast
2026-08-17,78701,Austin,Texas,2026-08-19,63.9,63.0,Overcast
2026-08-17,30301,Atlanta,Georgia,2026-08-17,82.4,52.2,Sunny
2026-08-17,30301,Atlanta,Georgia,2026-08-18,52.9,51.7,Overcast
2026-08-17,30301,Atlanta,Georgia,2026-08-19,54.8,53.0,Overcast
2026-08-17,28201,Charlotte,North Carolina,2026-08-17,81.3,51.2,Sunny
2026-08-17,28201,Charlotte,North Carolina,2026-08-18,52.6,51.3,Sunny
2026-08-17,28201,Charlotte,North Carolina,2026-08-19,54.7,52.5,Overcast
2026-08-17,80201,Denver,Colorado,2026-08-17,52.4,51.6,Overcast
2026-08-17,80201,Denver,Colorado,2026-08-18,55.3,48.5,Patchy rain nearby
2026-08-17,80201,Denver,Colorado,2026-08-19,50.7,49.2,Patchy rain nearby
2026-08-17,37201,Nashville,Tennessee,2026-08-17,84.7,49.4,Overcast
2026-08-17,37201,Nashville,Tennessee,2026-08-18,55.3,52.2,Overcast
2026-08-17,37201,Nashville,Tennessee,2026-08-19,56.1,55.1,Overcast
2026-08-17,97201,Portland,Oregon,2026-08-16,79.5,57.9,Sunny
2026-08-17,97201,Portland,Oregon,2026-08-17,62.2,43.6,Patchy rain nearby
2026-08-17,97201,Portland,Oregon,2026-08-18,45.6,43.1,Patchy rain nearby
2026-08-17,89101,Las Vegas,Nevada,2026-08-16,108.5,77.9,Sunny
2026-08-17,89101,Las Vegas,Nevada,2026-08-17,84.7,43.4,Light rain shower
2026-08-17,89101,Las Vegas,Nevada,2026-08-18,48.8,47.2,Patchy rain nearby
2026-08-17,02101,Boston,Massachusetts,2026-08-17,69.4,29.3,Sunny
2026-08-17,02101,Boston,Massachusetts,2026-08-18,49.4,31.4,Overcast
2026-08-17,02101,Boston,Massachusetts,2026-08-19,47.3,32.1,Overcast
2026-08-18,90045,Los Angeles,California,2026-08-17,82.8,63.1,Sunny
2026-08-18,90045,Los Angeles,California,2026-08-18,79.3,65.5,Overcast
2026-08-18,90045,Los Angeles,California,2026-08-19,82.4,71.6,Sunny
2026-08-18,10001,New York,New York,2026-08-18,88.8,68.5,Patchy rain nearby
2026-08-18,10001,New York,New York,2026-08-19,91.3,74.2,Overcast
2026-08-18,10001,New York,New York,2026-08-20,83.6,73.3,Patchy rain nearby
2026-08-18,60601,Chicago,Illinois,2026-08-18,79.9,66.7,Sunny
2026-08-18,60601,Chicago,Illinois,2026-08-19,76.4,68.1,Patchy rain nearby
2026-08-18,60601,Chicago,Illinois,2026-08-20,76.0,68.9,Sunny
2026-08-18,98101,Seattle,Washington,2026-08-17,78.6,55.0,Overcast
2026-08-18,98101,Seattle,Washington,2026-08-18,84.0,57.4,Sunny
2026-08-18,98101,Seattle,Washington,2026-08-19,82.4,56.1,Sunny
2026-08-18,33101,Miami,Florida,2026-08-18,98.0,77.4,Sunny
2026-08-18,33101,Miami,Florida,2026-08-19,93.5,84.7,Sunny
2026-08-18,33101,Miami,Florida,2026-08-20,91.8,85.5,Light rain shower
2026-08-18,77001,Houston,Texas,2026-08-18,98.9,76.8,Overcast
2026-08-18,77001,Houston,Texas,2026-08-19,101.5,80.5,Overcast
2026-08-18,77001,Houston,Texas,2026-08-20,103.7,79.5,Sunny
2026-08-18,85001,Phoenix,Arizona,2026-08-17,117.9,86.7,Sunny
2026-08-18,85001,Phoenix,Arizona,2026-08-18,105.8,87.8,Sunny
2026-08-18,85001,Phoenix,Arizona,2026-08-19,104.8,88.0,Sunny
2026-08-18,19101,Philadelphia,Pennsylvania,2026-08-18,89.0,73.6,Sunny
2026-08-18,19101,Philadelphia,Pennsylvania,2026-08-19,88.8,71.6,Sunny
2026-08-18,19101,Philadelphia,Pennsylvania,2026-08-20,86.0,73.5,Patchy rain nearby
2026-08-18,78201,San Antonio,Texas,2026-08-18,99.1,75.4,Sunny
2026-08-18,78201,San Antonio,Texas,2026-08-19,100.3,76.2,Overcast
2026-08-18,78201,San Antonio,Texas,2026-08-20,101.2,75.7,Sunny
2026-08-18,92101,San Diego,California,2026-08-17,85.1,66.6,Sunny
2026-08-18,92101,San Diego,California,2026-08-18,74.7,65.7,Overcast
2026-08-18,92101,San Diego,California,2026-08-19,75.6,70.7,Sunny
2026-08-18,75201,Dallas,Texas,2026-08-18,107.6,81.1,Sunny
2026-08-18,75201,Dallas,Texas,2026-08-19,106.4,85.3,Overcast
2026-08-18,75201,Dallas,Texas,2026-08-20,107.5,84.3,Sunny
2026-08-18,95101,San Jose,California,2026-08-17,78.4,56.7,Overcast
2026-08-18,95101,San Jose,California,2026-08-18,90.5,55.4,Overcast
2026-08-18,95101,San Jose,California,2026-08-19,94.4,58.6,Overcast
2026-08-18,78701,Austin,Texas,2026-08-18,102.4,77.2,Sunny
2026-08-18,78701,Austin,Texas,2026-08-19,101.9,77.7,Overcast
2026-08-18,78701,Austin,Texas,2026-08-20,104.6,76.0,Sunny
2026-08-18,30301,Atlanta,Georgia,2026-08-18,95.7,76.1,Sunny
2026-08-18,30301,Atlanta,Georgia,2026-08-19,95.0,73.5,Sunny
2026-08-18,30301,Atlanta,Georgia,2026-08-20,96.9,75.8,Sunny
2026-08-18,28201,Charlotte,North Carolina,2026-08-18,98.1,75.9,Sunny
2026-08-18,28201,Charlotte,North Carolina,2026-08-19,98.7,73.9,Sunny
2026-08-18,28201,Charlotte,North Carolina,2026-08-20,98.2,77.0,Sunny
2026-08-18,80201,Denver,Colorado,2026-08-18,88.7,64.7,Overcast
2026-08-18,80201,Denver,Colorado,2026-08-19,88.6,62.8,Sunny
2026-08-18,80201,Denver,Colorado,2026-08-20,92.7,64.7,Sunny
2026-08-18,37201,Nashville,Tennessee,2026-08-18,87.0,69.2,Sunny
2026-08-18,37201,Nashville,Tennessee,2026-08-19,94.1,72.6,Sunny
2026-08-18,37201,Nashville,Tennessee,2026-08-20,89.8,69.3,Patchy rain nearby
2026-08-18,97201,Portland,Oregon,2026-08-17,85.3,58.5,Overcast
2026-08-18,97201,Portland,Oregon,2026-08-18,87.1,60.4,Sunny
2026-08-18,97201,Portland,Oregon,2026-08-19,84.7,59.7,Sunny
2026-08-18,89101,Las Vegas,Nevada,2026-08-17,112.1,80.6,Sunny
2026-08-18,89101,Las Vegas,Nevada,2026-08-18,99.6,82.0,Sunny
2026-08-18,89101,Las Vegas,Nevada,2026-08-19,100.0,85.5,Sunny
2026-08-18,02101,Boston,Massachusetts,2026-08-18,76.0,67.1,Fog
2026-08-18,02101,Boston,Massachusetts,2026-08-19,88.1,66.7,Sunny
2026-08-18,02101,Boston,Massachusetts,2026-08-20,77.3,66.9,Overcast
2026-08-19,90045,Los Angeles,California,2026-08-18,83.8,65.1,Overcast
2026-08-19,90045,Los Angeles,California,2026-08-19,81.8,62.2,Sunny
2026-08-19,90045,Los Angeles,California,2026-08-20,80.6,71.2,Sunny
2026-08-19,10001,New York,New York,2026-08-19,90.1,66.4,Sunny
2026-08-19,10001,New York,New York,2026-08-20,81.3,70.9,Overcast
2026-08-19,10001,New York,New York,2026-08-21,82.3,68.1,Sunny
2026-08-19,60601,Chicago,Illinois,2026-08-19,73.7,68.4,Patchy rain nearby
2026-08-19,60601,Chicago,Illinois,2026-08-20,74.8,69.1,Sunny
2026-08-19,60601,Chicago,Illinois,2026-08-21,76.5,64.9,Sunny
2026-08-19,98101,Seattle,Washington,2026-08-18,82.6,56.8,Sunny
2026-08-19,98101,Seattle,Washington,2026-08-19,84.7,56.8,Sunny
2026-08-19,98101,Seattle,Washington,2026-08-20,87.8,59.2,Sunny
2026-08-19,33101,Miami,Florida,2026-08-19,94.9,76.8,Overcast
2026-08-19,33101,Miami,Florida,2026-08-20,92.5,85.4,Light rain shower
2026-08-19,33101,Miami,Florida,2026-08-21,90.2,84.2,Sunny
2026-08-19,77001,Houston,Texas,2026-08-19,103.2,77.0,Sunny
2026-08-19,77001,Houston,Texas,2026-08-20,103.0,79.7,Sunny
2026-08-19,77001,Houston,Texas,2026-08-21,103.6,80.9,Sunny
2026-08-19,85001,Phoenix,Arizona,2026-08-18,117.9,88.7,Sunny
2026-08-19,85001,Phoenix,Arizona,2026-08-19,105.0,84.7,Dust haze
2026-08-19,85001,Phoenix,Arizona,2026-08-20,103.2,85.3,Overcast
2026-08-19,19101,Philadelphia,Pennsylvania,2026-08-19,89.0,69.3,Sunny
2026-08-19,19101,Philadelphia,Pennsylvania,2026-08-20,78.3,68.9,Overcast
2026-08-19,19101,Philadelphia,Pennsylvania,2026-08-21,86.3,64.9,Overcast
2026-08-19,78201,San Antonio,Texas,2026-08-19,99.3,75.4,Sunny
2026-08-19,78201,San Antonio,Texas,2026-08-20,101.1,74.9,Sunny
2026-08-19,78201,San Antonio,Texas,2026-08-21,101.6,76.3,Sunny
2026-08-19,92101,San Diego,California,2026-08-18,88.5,65.3,Sunny
2026-08-19,92101,San Diego,California,2026-08-19,75.2,64.6,Sunny
2026-08-19,92101,San Diego,California,2026-08-20,75.5,70.7,Sunny
2026-08-19,75201,Dallas,Texas,2026-08-19,105.1,80.1,Overcast
2026-08-19,75201,Dallas,Texas,2026-08-20,108.1,84.6,Overcast
2026-08-19,75201,Dallas,Texas,2026-08-21,106.0,83.0,Overcast
2026-08-19,95101,San Jose,California,2026-08-18,77.7,57.2,Overcast
2026-08-19,95101,San Jose,California,2026-08-19,94.7,57.4,Sunny
2026-08-19,95101,San Jose,California,2026-08-20,92.7,61.5,Overcast
2026-08-19,78701,Austin,Texas,2026-08-19,102.3,78.6,Overcast
2026-08-19,78701,Austin,Texas,2026-08-20,103.6,76.0,Sunny
2026-08-19,78701,Austin,Texas,2026-08-21,105.8,77.7,Sunny
2026-08-19,30301,Atlanta,Georgia,2026-08-19,95.2,70.3,Sunny
2026-08-19,30301,Atlanta,Georgia,2026-08-20,99.4,76.9,Partly Cloudy
2026-08-19,30301,Atlanta,Georgia,2026-08-21,94.0,72.9,Overcast
2026-08-19,28201,Charlotte,North Carolina,2026-08-19,98.0,70.9,Sunny
2026-08-19,28201,Charlotte,North Carolina,2026-08-20,96.9,75.2,Sunny
2026-08-19,28201,Charlotte,North Carolina,2026-08-21,80.9,68.9,Overcast
2026-08-19,80201,Denver,Colorado,2026-08-19,88.3,63.7,Sunny
2026-08-19,80201,Denver,Colorado,2026-08-20,91.0,65.6,Sunny
2026-08-19,80201,Denver,Colorado,2026-08-21,96.0,70.6,Sunny
2026-08-19,37201,Nashville,Tennessee,2026-08-19,95.4,69.4,Sunny
2026-08-19,37201,Nashville,Tennessee,2026-08-20,91.4,77.1,Patchy rain nearby
2026-08-19,37201,Nashville,Tennessee,2026-08-21,91.1,72.4,Sunny
2026-08-19,97201,Portland,Oregon,2026-08-18,86.0,60.3,Sunny
2026-08-19,97201,Portland,Oregon,2026-08-19,85.9,56.5,Overcast
2026-08-19,97201,Portland,Oregon,2026-08-20,89.7,61.6,Sunny
2026-08-19,89101,Las Vegas,Nevada,2026-08-18,115.3,83.7,Sunny
2026-08-19,89101,Las Vegas,Nevada,2026-08-19,102.2,79.5,Overcast
2026-08-19,89101,Las Vegas,Nevada,2026-08-20,101.4,84.4,Overcast
2026-08-19,02101,Boston,Massachusetts,2026-08-19,90.7,62.2,Sunny
2026-08-19,02101,Boston,Massachusetts,2026-08-20,81.0,64.4,Overcast
2026-08-19,02101,Boston,Massachusetts,2026-08-21,77.5,61.4,Sunny
2026-08-20,90045,Los Angeles,California,2026-08-19,86.7,62.4,Sunny
2026-08-20,90045,Los Angeles,California,2026-08-20,84.4,61.0,Sunny
2026-08-20,90045,Los Angeles,California,2026-08-21,80.5,71.6,Sunny
2026-08-20,10001,New York,New York,2026-08-20,89.1,69.4,Sunny
2026-08-20,10001,New York,New York,2026-08-21,85.0,70.2,Overcast
2026-08-20,10001,New York,New York,2026-08-22,78.1,72.6,Overcast
2026-08-20,60601,Chicago,Illinois,2026-08-20,78.8,70.7,Sunny
2026-08-20,60601,Chicago,Illinois,2026-08-21,76.6,64.2,Overcast
2026-08-20,60601,Chicago,Illinois,2026-08-22,75.7,65.9,Sunny
2026-08-20,98101,Seattle,Washington,2026-08-19,83.3,55.8,Sunny
2026-08-20,98101,Seattle,Washington,2026-08-20,86.1,58.6,Sunny
2026-08-20,98101,Seattle,Washington,2026-08-21,85.8,61.1,Patchy rain nearby
2026-08-20,33101,Miami,Florida,2026-08-20,92.2,78.4,Heavy rain
2026-08-20,33101,Miami,Florida,2026-08-21,89.5,84.2,Sunny
2026-08-20,33101,Miami,Florida,2026-08-22,90.0,84.0,Sunny
2026-08-20,77001,Houston,Texas,2026-08-20,103.3,76.5,Sunny
2026-08-20,77001,Houston,Texas,2026-08-21,104.4,80.9,Sunny
2026-08-20,77001,Houston,Texas,2026-08-22,104.5,82.0,Thundery outbreaks in nearby
2026-08-20,85001,Phoenix,Arizona,2026-08-19,115.3,88.7,Dust haze
2026-08-20,85001,Phoenix,Arizona,2026-08-20,104.4,86.5,Sunny
2026-08-20,85001,Phoenix,Arizona,2026-08-21,104.6,89.6,Sunny
2026-08-20,19101,Philadelphia,Pennsylvania,2026-08-20,78.0,67.3,Sunny
2026-08-20,19101,Philadelphia,Pennsylvania,2026-08-21,84.1,62.8,Sunny
2026-08-20,19101,Philadelphia,Pennsylvania,2026-08-22,82.6,66.8,Overcast
2026-08-20,78201,San Antonio,Texas,2026-08-20,101.4,75.5,Sunny
2026-08-20,78201,San Antonio,Texas,2026-08-21,101.8,77.0,Sunny
2026-08-20,78201,San Antonio,Texas,2026-08-22,102.0,78.2,Sunny
2026-08-20,92101,San Diego,California,2026-08-19,88.2,66.0,Sunny
2026-08-20,92101,San Diego,California,2026-08-20,76.0,66.6,Sunny
2026-08-20,92101,San Diego,California,2026-08-21,76.3,72.5,Overcast
2026-08-20,75201,Dallas,Texas,2026-08-20,108.8,81.7,Overcast
2026-08-20,75201,Dallas,Texas,2026-08-21,108.5,84.9,Overcast
2026-08-20,75201,Dallas,Texas,2026-08-22,106.8,82.3,Sunny
2026-08-20,95101,San Jose,California,2026-08-19,82.8,58.5,Sunny
2026-08-20,95101,San Jose,California,2026-08-20,92.4,58.1,Overcast
2026-08-20,95101,San Jose,California,2026-08-21,89.3,59.5,Overcast
2026-08-20,78701,Austin,Texas,2026-08-20,105.0,76.6,Sunny
2026-08-20,78701,Austin,Texas,2026-08-21,105.0,78.2,Overcast
2026-08-20,78701,Austin,Texas,2026-08-22,104.3,80.5,Sunny
2026-08-20,30301,Atlanta,Georgia,2026-08-20,99.5,69.8,Partly Cloudy
2026-08-20,30301,Atlanta,Georgia,2026-08-21,96.0,76.4,Sunny
2026-08-20,30301,Atlanta,Georgia,2026-08-22,94.6,74.6,Sunny
2026-08-20,28201,Charlotte,North Carolina,2026-08-20,99.9,74.5,Sunny
2026-08-20,28201,Charlotte,North Carolina,2026-08-21,80.7,69.9,Patchy rain nearby
2026-08-20,28201,Charlotte,North Carolina,2026-08-22,83.3,68.8,Light rain shower
2026-08-20,80201,Denver,Colorado,2026-08-20,92.2,66.3,Sunny
2026-08-20,80201,Denver,Colorado,2026-08-21,96.3,70.6,Sunny
2026-08-20,80201,Denver,Colorado,2026-08-22,96.2,69.4,Sunny
2026-08-20,37201,Nashville,Tennessee,2026-08-20,87.1,70.8,Light rain shower
2026-08-20,37201,Nashville,Tennessee,2026-08-21,81.2,70.4,Mist
2026-08-20,37201,Nashville,Tennessee,2026-08-22,86.6,69.9,Sunny
2026-08-20,97201,Portland,Oregon,2026-08-19,86.5,57.2,Sunny
2026-08-20,97201,Portland,Oregon,2026-08-20,89.8,61.5,Sunny
2026-08-20,97201,Portland,Oregon,2026-08-21,85.1,65.4,Overcast
2026-08-20,89101,Las Vegas,Nevada,2026-08-19,115.5,82.4,Sunny
2026-08-20,89101,Las Vegas,Nevada,2026-08-20,99.6,83.5,Overcast
2026-08-20,89101,Las Vegas,Nevada,2026-08-21,100.2,79.8,Overcast
2026-08-20,02101,Boston,Massachusetts,2026-08-20,86.0,64.7,Sunny
2026-08-20,02101,Boston,Massachusetts,2026-08-21,73.8,61.3,Sunny
2026-08-20,02101,Boston,Massachusetts,2026-08-22,73.6,63.3,Overcast
2026-08-21,90045,Los Angeles,California,2026-08-20,81.1,63.1,Sunny
2026-08-21,90045,Los Angeles,California,2026-08-21,85.8,62.8,Overcast
2026-08-21,90045,Los Angeles,California,2026-08-22,81.2,71.4,Sunny
2026-08-21,10001,New York,New York,2026-08-21,82.7,63.9,Light rain
2026-08-21,10001,New York,New York,2026-08-22,75.4,68.6,Patchy rain nearby
2026-08-21,10001,New York,New York,2026-08-23,85.4,69.9,Light rain shower
2026-08-21,60601,Chicago,Illinois,2026-08-21,77.4,66.4,Sunny
2026-08-21,60601,Chicago,Illinois,2026-08-22,78.3,64.4,Sunny
2026-08-21,60601,Chicago,Illinois,2026-08-23,69.9,64.9,Sunny
2026-08-21,98101,Seattle,Washington,2026-08-20,86.7,56.1,Sunny
2026-08-21,98101,Seattle,Washington,2026-08-21,86.1,57.4,Overcast
2026-08-21,98101,Seattle,Washington,2026-08-22,68.3,58.5,Patchy rain nearby
2026-08-21,33101,Miami,Florida,2026-08-21,92.3,79.2,Overcast
2026-08-21,33101,Miami,Florida,2026-08-22,88.6,84.1,Overcast
2026-08-21,33101,Miami,Florida,2026-08-23,88.8,83.7,Patchy rain nearby
2026-08-21,77001,Houston,Texas,2026-08-21,104.9,77.5,Sunny
2026-08-21,77001,Houston,Texas,2026-08-22,104.6,82.4,Overcast
2026-08-21,77001,Houston,Texas,2026-08-23,102.4,81.5,Sunny
2026-08-21,85001,Phoenix,Arizona,2026-08-20,114.4,79.3,Sunny
2026-08-21,85001,Phoenix,Arizona,2026-08-21,107.0,82.4,Sunny
2026-08-21,85001,Phoenix,Arizona,2026-08-22,108.3,92.1,Sunny
2026-08-21,19101,Philadelphia,Pennsylvania,2026-08-21,81.9,63.7,Overcast
2026-08-21,19101,Philadelphia,Pennsylvania,2026-08-22,76.7,69.4,Light rain shower
2026-08-21,19101,Philadelphia,Pennsylvania,2026-08-23,81.9,69.7,Patchy rain nearby
2026-08-21,78201,San Antonio,Texas,2026-08-21,101.8,77.5,Sunny
2026-08-21,78201,San Antonio,Texas,2026-08-22,102.7,78.2,Partly Cloudy
2026-08-21,78201,San Antonio,Texas,2026-08-23,101.6,77.8,Sunny
2026-08-21,92101,San Diego,California,2026-08-20,87.3,67.8,Sunny
2026-08-21,92101,San Diego,California,2026-08-21,88.9,67.6,Sunny
2026-08-21,92101,San Diego,California,2026-08-22,76.6,71.9,Sunny
2026-08-21,75201,Dallas,Texas,2026-08-21,108.9,82.2,Sunny
2026-08-21,75201,Dallas,Texas,2026-08-22,110.4,85.7,Sunny
2026-08-21,75201,Dallas,Texas,2026-08-23,107.6,84.1,Overcast
2026-08-21,95101,San Jose,California,2026-08-20,75.2,57.4,Overcast
2026-08-21,95101,San Jose,California,2026-08-21,86.4,58.3,Overcast
2026-08-21,95101,San Jose,California,2026-08-22,87.1,54.8,Sunny
2026-08-21,78701,Austin,Texas,2026-08-21,105.1,80.1,Sunny
2026-08-21,78701,Austin,Texas,2026-08-22,106.6,80.4,Overcast
2026-08-21,78701,Austin,Texas,2026-08-23,104.4,80.3,Overcast
2026-08-21,30301,Atlanta,Georgia,2026-08-21,93.0,74.5,Overcast
2026-08-21,30301,Atlanta,Georgia,2026-08-22,92.2,74.6,Sunny
2026-08-21,30301,Atlanta,Georgia,2026-08-23,94.0,74.6,Sunny
2026-08-21,28201,Charlotte,North Carolina,2026-08-21,92.7,71.8,Light rain
2026-08-21,28201,Charlotte,North Carolina,2026-08-22,85.5,69.3,Patchy rain nearby
2026-08-21,28201,Charlotte,North Carolina,2026-08-23,90.5,71.4,Sunny
2026-08-21,80201,Denver,Colorado,2026-08-21,95.6,68.9,Sunny
2026-08-21,80201,Denver,Colorado,2026-08-22,91.2,64.8,Sunny
2026-08-21,80201,Denver,Colorado,2026-08-23,89.9,66.9,Overcast
2026-08-21,37201,Nashville,Tennessee,2026-08-21,98.1,73.2,Sunny
2026-08-21,37201,Nashville,Tennessee,2026-08-22,89.8,71.0,Sunny
2026-08-21,37201,Nashville,Tennessee,2026-08-23,88.4,69.8,Sunny
2026-08-21,97201,Portland,Oregon,2026-08-20,92.1,61.5,Sunny
2026-08-21,97201,Portland,Oregon,2026-08-21,83.6,63.5,Overcast
2026-08-21,97201,Portland,Oregon,2026-08-22,81.5,58.6,Sunny
2026-08-21,89101,Las Vegas,Nevada,2026-08-20,113.2,84.2,Overcast
2026-08-21,89101,Las Vegas,Nevada,2026-08-21,98.7,81.0,Sunny
2026-08-21,89101,Las Vegas,Nevada,2026-08-22,99.5,85.3,Sunny
2026-08-21,02101,Boston,Massachusetts,2026-08-21,74.8,64.4,Light rain
2026-08-21,02101,Boston,Massachusetts,2026-08-22,69.0,64.2,Overcast
2026-08-21,02101,Boston,Massachusetts,2026-08-23,71.4,63.2,Light rain shower
2026-08-22,90045,Los Angeles,California,2026-08-21,87.6,64.8,Sunny
2026-08-22,90045,Los Angeles,California,2026-08-22,84.7,63.9,Sunny
2026-08-22,90045,Los Angeles,California,2026-08-23,84.0,72.2,Sunny
2026-08-22,10001,New York,New York,2026-08-22,76.3,66.6,Overcast
2026-08-22,10001,New York,New York,2026-08-23,85.3,71.4,Patchy rain nearby
2026-08-22,10001,New York,New York,2026-08-24,83.0,68.0,Sunny
2026-08-22,60601,Chicago,Illinois,2026-08-22,78.1,68.4,Patchy rain nearby
2026-08-22,60601,Chicago,Illinois,2026-08-23,71.8,67.6,Sunny
2026-08-22,60601,Chicago,Illinois,2026-08-24,70.4,63.3,Sunny
2026-08-22,98101,Seattle,Washington,2026-08-21,83.7,58.8,Overcast
2026-08-22,98101,Seattle,Washington,2026-08-22,81.3,58.5,Patchy rain nearby
2026-08-22,98101,Seattle,Washington,2026-08-23,75.6,59.2,Patchy rain nearby
2026-08-22,33101,Miami,Florida,2026-08-22,89.2,79.3,Moderate rain
2026-08-22,33101,Miami,Florida,2026-08-23,88.5,84.2,Patchy rain nearby
2026-08-22,33101,Miami,Florida,2026-08-24,88.5,84.8,Overcast
2026-08-22,77001,Houston,Texas,2026-08-22,104.9,78.8,Thundery outbreaks in nearby
2026-08-22,77001,Houston,Texas,2026-08-23,102.6,81.0,Sunny
2026-08-22,77001,Houston,Texas,2026-08-24,101.8,79.5,Sunny
2026-08-22,85001,Phoenix,Arizona,2026-08-21,117.9,86.9,Sunny
2026-08-22,85001,Phoenix,Arizona,2026-08-22,108.7,87.4,Sunny
2026-08-22,85001,Phoenix,Arizona,2026-08-23,107.9,92.3,Sunny
2026-08-22,19101,Philadelphia,Pennsylvania,2026-08-22,71.3,66.6,Light rain shower
2026-08-22,19101,Philadelphia,Pennsylvania,2026-08-23,81.9,69.7,Patchy rain nearby
2026-08-22,19101,Philadelphia,Pennsylvania,2026-08-24,77.1,63.4,Sunny
2026-08-22,78201,San Antonio,Texas,2026-08-22,102.2,77.6,Sunny
2026-08-22,78201,San Antonio,Texas,2026-08-23,101.6,77.1,Sunny
2026-08-22,78201,San Antonio,Texas,2026-08-24,100.7,73.5,Sunny
2026-08-22,92101,San Diego,California,2026-08-21,90.5,68.0,Sunny
2026-08-22,92101,San Diego,California,2026-08-22,77.3,67.8,Sunny
2026-08-22,92101,San Diego,California,2026-08-23,77.1,71.6,Sunny
2026-08-22,75201,Dallas,Texas,2026-08-22,109.0,84.6,Sunny
2026-08-22,75201,Dallas,Texas,2026-08-23,109.7,86.3,Sunny
2026-08-22,75201,Dallas,Texas,2026-08-24,107.5,86.6,Sunny
2026-08-22,95101,San Jose,California,2026-08-21,78.6,58.1,Sunny
2026-08-22,95101,San Jose,California,2026-08-22,89.5,57.2,Sunny
2026-08-22,95101,San Jose,California,2026-08-23,92.2,58.9,Overcast
2026-08-22,78701,Austin,Texas,2026-08-22,106.2,80.1,Sunny
2026-08-22,78701,Austin,Texas,2026-08-23,105.1,79.0,Sunny
2026-08-22,78701,Austin,Texas,2026-08-24,103.3,76.0,Sunny
2026-08-22,30301,Atlanta,Georgia,2026-08-22,97.2,72.5,Patchy rain nearby
2026-08-22,30301,Atlanta,Georgia,2026-08-23,91.3,74.1,Sunny
2026-08-22,30301,Atlanta,Georgia,2026-08-24,80.5,68.0,Overcast
2026-08-22,28201,Charlotte,North Carolina,2026-08-22,88.1,68.2,Patchy rain nearby
2026-08-22,28201,Charlotte,North Carolina,2026-08-23,90.5,71.4,Sunny
2026-08-22,28201,Charlotte,North Carolina,2026-08-24,89.7,72.7,Overcast
2026-08-22,80201,Denver,Colorado,2026-08-22,95.3,65.7,Sunny
2026-08-22,80201,Denver,Colorado,2026-08-23,89.9,66.9,Overcast
2026-08-22,80201,Denver,Colorado,2026-08-24,89.5,64.4,Sunny
2026-08-22,37201,Nashville,Tennessee,2026-08-22,90.3,70.2,Sunny
2026-08-22,37201,Nashville,Tennessee,2026-08-23,88.4,69.8,Sunny
2026-08-22,37201,Nashville,Tennessee,2026-08-24,82.7,67.4,Overcast
2026-08-22,97201,Portland,Oregon,2026-08-21,80.6,62.4,Overcast
2026-08-22,97201,Portland,Oregon,2026-08-22,82.8,56.5,Sunny
2026-08-22,97201,Portland,Oregon,2026-08-23,81.0,59.4,Sunny
2026-08-22,89101,Las Vegas,Nevada,2026-08-21,115.0,86.0,Sunny
2026-08-22,89101,Las Vegas,Nevada,2026-08-22,99.3,85.0,Overcast
2026-08-22,89101,Las Vegas,Nevada,2026-08-23,99.3,84.6,Sunny
2026-08-22,02101,Boston,Massachusetts,2026-08-22,71.8,62.6,Light drizzle
2026-08-22,02101,Boston,Massachusetts,2026-08-23,70.7,61.7,Mist
2026-08-22,02101,Boston,Massachusetts,2026-08-24,81.8,64.5,Sunny
2026-08-23,90045,Los Angeles,California,2026-08-22,84.2,64.6,Sunny
2026-08-23,90045,Los Angeles,California,2026-08-23,89.8,63.3,Sunny
2026-08-23,90045,Los Angeles,California,2026-08-24,82.9,72.5,Sunny
2026-08-23,10001,New York,New York,2026-08-23,84.7,67.6,Sunny
2026-08-23,10001,New York,New York,2026-08-24,81.1,68.6,Sunny
2026-08-23,10001,New York,New York,2026-08-25,80.5,66.8,Sunny
2026-08-23,60601,Chicago,Illinois,2026-08-23,76.5,66.0,Sunny
2026-08-23,60601,Chicago,Illinois,2026-08-24,76.3,63.2,Sunny
2026-08-23,60601,Chicago,Illinois,2026-08-25,75.9,65.3,Sunny
2026-08-23,98101,Seattle,Washington,2026-08-22,76.5,59.0,Patchy rain nearby
2026-08-23,98101,Seattle,Washington,2026-08-23,77.1,59.2,Patchy rain nearby
2026-08-23,98101,Seattle,Washington,2026-08-24,76.5,54.9,Sunny
2026-08-23,33101,Miami,Florida,2026-08-23,89.6,77.0,Sunny
2026-08-23,33101,Miami,Florida,2026-08-24,88.4,84.8,Patchy rain nearby
2026-08-23,33101,Miami,Florida,2026-08-25,88.9,84.4,Patchy rain nearby
2026-08-23,77001,Houston,Texas,2026-08-23,101.5,77.5,Sunny
2026-08-23,77001,Houston,Texas,2026-08-24,101.3,79.3,Sunny
2026-08-23,77001,Houston,Texas,2026-08-25,101.4,79.7,Sunny
2026-08-23,85001,Phoenix,Arizona,2026-08-22,120.0,88.2,Sunny
2026-08-23,85001,Phoenix,Arizona,2026-08-23,108.3,90.9,Sunny
2026-08-23,85001,Phoenix,Arizona,2026-08-24,103.5,93.6,Partly Cloudy
2026-08-23,19101,Philadelphia,Pennsylvania,2026-08-23,83.0,68.5,Sunny
2026-08-23,19101,Philadelphia,Pennsylvania,2026-08-24,80.6,64.1,Sunny
2026-08-23,19101,Philadelphia,Pennsylvania,2026-08-25,82.7,64.3,Sunny
2026-08-23,78201,San Antonio,Texas,2026-08-23,102.1,77.4,Sunny
2026-08-23,78201,San Antonio,Texas,2026-08-24,99.9,73.3,Sunny
2026-08-23,78201,San Antonio,Texas,2026-08-25,100.3,73.0,Sunny
2026-08-23,92101,San Diego,California,2026-08-22,87.6,68.5,Sunny
2026-08-23,92101,San Diego,California,2026-08-23,79.6,68.9,Sunny
2026-08-23,92101,San Diego,California,2026-08-24,79.4,73.8,Sunny
2026-08-23,75201,Dallas,Texas,2026-08-23,107.4,83.8,Sunny
2026-08-23,75201,Dallas,Texas,2026-08-24,105.8,85.9,Overcast
2026-08-23,75201,Dallas,Texas,2026-08-25,105.8,82.8,Sunny
2026-08-23,95101,San Jose,California,2026-08-22,78.3,56.5,Sunny
2026-08-23,95101,San Jose,California,2026-08-23,95.2,56.8,Overcast
2026-08-23,95101,San Jose,California,2026-08-24,90.8,62.5,Overcast
2026-08-23,78701,Austin,Texas,2026-08-23,105.4,80.2,Sunny
2026-08-23,78701,Austin,Texas,2026-08-24,102.4,75.6,Sunny
2026-08-23,78701,Austin,Texas,2026-08-25,102.7,75.0,Sunny
2026-08-23,30301,Atlanta,Georgia,2026-08-23,97.2,70.3,Sunny
2026-08-23,30301,Atlanta,Georgia,2026-08-24,90.2,72.9,Overcast
2026-08-23,30301,Atlanta,Georgia,2026-08-25,90.7,71.5,Sunny
2026-08-23,28201,Charlotte,North Carolina,2026-08-23,89.9,67.3,Sunny
2026-08-23,28201,Charlotte,North Carolina,2026-08-24,90.2,70.9,Sunny
2026-08-23,28201,Charlotte,North Carolina,2026-08-25,84.8,72.0,Partly Cloudy
2026-08-23,80201,Denver,Colorado,2026-08-23,91.8,65.3,Overcast
2026-08-23,80201,Denver,Colorado,2026-08-24,93.0,69.2,Sunny
2026-08-23,80201,Denver,Colorado,2026-08-25,91.6,66.8,Sunny
2026-08-23,37201,Nashville,Tennessee,2026-08-23,90.0,65.7,Sunny
2026-08-23,37201,Nashville,Tennessee,2026-08-24,75.6,69.1,Overcast
2026-08-23,37201,Nashville,Tennessee,2026-08-25,84.9,68.3,Partly Cloudy
2026-08-23,97201,Portland,Oregon,2026-08-22,76.5,57.2,Sunny
2026-08-23,97201,Portland,Oregon,2026-08-23,80.4,61.2,Sunny
2026-08-23,97201,Portland,Oregon,2026-08-24,88.1,56.8,Sunny
2026-08-23,89101,Las Vegas,Nevada,2026-08-22,116.1,84.7,Sunny
2026-08-23,89101,Las Vegas,Nevada,2026-08-23,99.7,84.7,Sunny
2026-08-23,89101,Las Vegas,Nevada,2026-08-24,100.6,85.2,Sunny
2026-08-23,02101,Boston,Massachusetts,2026-08-23,76.5,65.7,Light rain
2026-08-23,02101,Boston,Massachusetts,2026-08-24,80.9,63.8,Sunny
2026-08-23,02101,Boston,Massachusetts,2026-08-25,75.5,61.9,Sunny
2026-08-24,90045,Los Angeles,California,2026-08-23,93.2,64.8,Sunny
2026-08-24,90045,Los Angeles,California,2026-08-24,86.6,65.5,Sunny
2026-08-24,90045,Los Angeles,California,2026-08-25,87.3,75.2,Sunny
2026-08-24,10001,New York,New York,2026-08-24,86.0,63.5,Sunny
2026-08-24,10001,New York,New York,2026-08-25,80.0,67.3,Sunny
2026-08-24,10001,New York,New York,2026-08-26,84.8,66.6,Sunny
2026-08-24,60601,Chicago,Illinois,2026-08-24,72.7,62.2,Sunny
2026-08-24,60601,Chicago,Illinois,2026-08-25,77.7,61.9,Sunny
2026-08-24,60601,Chicago,Illinois,2026-08-26,79.9,62.3,Sunny
2026-08-24,98101,Seattle,Washington,2026-08-23,75.2,56.5,Sunny
2026-08-24,98101,Seattle,Washington,2026-08-24,79.4,54.9,Sunny
2026-08-24,98101,Seattle,Washington,2026-08-25,93.9,59.9,Smoky haze
2026-08-24,33101,Miami,Florida,2026-08-24,90.7,76.3,Sunny
2026-08-24,33101,Miami,Florida,2026-08-25,89.3,83.9,Sunny
2026-08-24,33101,Miami,Florida,2026-08-26,89.4,84.0,Overcast
2026-08-24,77001,Houston,Texas,2026-08-24,104.2,76.3,Sunny
2026-08-24,77001,Houston,Texas,2026-08-25,101.9,80.2,Sunny
2026-08-24,77001,Houston,Texas,2026-08-26,102.7,80.9,Sunny
2026-08-24,85001,Phoenix,Arizona,2026-08-23,119.3,90.7,Sunny
2026-08-24,85001,Phoenix,Arizona,2026-08-24,107.6,84.7,Light drizzle
2026-08-24,85001,Phoenix,Arizona,2026-08-25,109.2,93.4,Sunny
2026-08-24,19101,Philadelphia,Pennsylvania,2026-08-24,82.6,61.7,Sunny
2026-08-24,19101,Philadelphia,Pennsylvania,2026-08-25,81.6,64.1,Sunny
2026-08-24,19101,Philadelphia,Pennsylvania,2026-08-26,85.3,65.2,Sunny
2026-08-24,78201,San Antonio,Texas,2026-08-24,106.5,74.3,Sunny
2026-08-24,78201,San Antonio,Texas,2026-08-25,101.0,73.2,Sunny
2026-08-24,78201,San Antonio,Texas,2026-08-26,101.5,74.2,Sunny
2026-08-24,92101,San Diego,California,2026-08-23,95.0,67.3,Sunny
2026-08-24,92101,San Diego,California,2026-08-24,82.9,67.8,Sunny
2026-08-24,92101,San Diego,California,2026-08-25,80.1,74.8,Sunny
2026-08-24,75201,Dallas,Texas,2026-08-24,109.1,84.2,Sunny
2026-08-24,75201,Dallas,Texas,2026-08-25,97.3,82.3,Patchy rain nearby
2026-08-24,75201,Dallas,Texas,2026-08-26,104.6,83.0,Overcast
2026-08-24,95101,San Jose,California,2026-08-23,86.4,58.3,Overcast
2026-08-24,95101,San Jose,California,2026-08-24,92.4,58.5,Sunny
2026-08-24,95101,San Jose,California,2026-08-25,90.2,61.0,Overcast
2026-08-24,78701,Austin,Texas,2026-08-24,105.0,77.4,Sunny
2026-08-24,78701,Austin,Texas,2026-08-25,103.9,76.0,Sunny
2026-08-24,78701,Austin,Texas,2026-08-26,103.9,77.0,Sunny
2026-08-24,30301,Atlanta,Georgia,2026-08-24,95.9,66.2,Sunny
2026-08-24,30301,Atlanta,Georgia,2026-08-25,90.8,69.6,Sunny
2026-08-24,30301,Atlanta,Georgia,2026-08-26,89.8,75.4,Overcast
2026-08-24,28201,Charlotte,North Carolina,2026-08-24,92.8,65.5,Sunny
2026-08-24,28201,Charlotte,North Carolina,2026-08-25,88.5,67.3,Sunny
2026-08-24,28201,Charlotte,North Carolina,2026-08-26,93.6,70.2,Sunny
2026-08-24,80201,Denver,Colorado,2026-08-24,90.5,68.2,Sunny
2026-08-24,80201,Denver,Colorado,2026-08-25,88.9,63.6,Sunny
2026-08-24,80201,Denver,Colorado,2026-08-26,86.1,62.7,Sunny
2026-08-24,37201,Nashville,Tennessee,2026-08-24,94.1,63.0,Sunny
2026-08-24,37201,Nashville,Tennessee,2026-08-25,88.0,68.7,Sunny
2026-08-24,37201,Nashville,Tennessee,2026-08-26,89.4,70.9,Thundery outbreaks in nearby
2026-08-24,97201,Portland,Oregon,2026-08-23,81.5,61.7,Sunny
2026-08-24,97201,Portland,Oregon,2026-08-24,91.4,58.5,Sunny
2026-08-24,97201,Portland,Oregon,2026-08-25,91.7,65.3,Sunny
2026-08-24,89101,Las Vegas,Nevada,2026-08-23,116.2,83.3,Sunny
2026-08-24,89101,Las Vegas,Nevada,2026-08-24,113.4,71.7,Sunny
2026-08-24,89101,Las Vegas,Nevada,2026-08-25,96.7,77.6,Sunny
2026-08-24,02101,Boston,Massachusetts,2026-08-24,88.9,62.2,Sunny
2026-08-24,02101,Boston,Massachusetts,2026-08-25,78.2,62.7,Sunny
2026-08-24,02101,Boston,Massachusetts,2026-08-26,81.8,60.5,Sunny
2026-08-25,90045,Los Angeles,California,2026-08-24,90.5,65.5,Sunny
2026-08-25,90045,Los Angeles,California,2026-08-25,83.7,64.4,Smoky haze
2026-08-25,90045,Los Angeles,California,2026-08-26,83.4,74.4,Smoky haze
2026-08-25,10001,New York,New York,2026-08-25,80.1,61.2,Sunny
2026-08-25,10001,New York,New York,2026-08-26,83.3,66.4,Sunny
2026-08-25,10001,New York,New York,2026-08-27,81.3,72.9,Light rain shower
2026-08-25,60601,Chicago,Illinois,2026-08-25,77.1,63.1,Sunny
2026-08-25,60601,Chicago,Illinois,2026-08-26,81.3,64.2,Patchy rain nearby
2026-08-25,60601,Chicago,Illinois,2026-08-27,74.5,68.1,Sunny
2026-08-25,98101,Seattle,Washington,2026-08-24,82.0,54.9,Sunny
2026-08-25,98101,Seattle,Washington,2026-08-25,90.7,57.9,Sunny
2026-08-25,98101,Seattle,Washington,2026-08-26,83.0,56.6,Sunny
2026-08-25,33101,Miami,Florida,2026-08-25,89.8,76.1,Overcast
2026-08-25,33101,Miami,Florida,2026-08-26,89.0,81.6,Overcast
2026-08-25,33101,Miami,Florida,2026-08-27,89.4,84.8,Sunny
2026-08-25,77001,Houston,Texas,2026-08-25,103.9,77.4,Sunny
2026-08-25,77001,Houston,Texas,2026-08-26,103.3,81.0,Sunny
2026-08-25,77001,Houston,Texas,2026-08-27,102.7,81.2,Sunny
2026-08-25,85001,Phoenix,Arizona,2026-08-24,112.1,84.7,Dust haze
2026-08-25,85001,Phoenix,Arizona,2026-08-25,109.5,81.1,Sunny
2026-08-25,85001,Phoenix,Arizona,2026-08-26,107.9,95.9,Overcast
2026-08-25,19101,Philadelphia,Pennsylvania,2026-08-25,79.8,61.2,Sunny
2026-08-25,19101,Philadelphia,Pennsylvania,2026-08-26,83.8,64.3,Sunny
2026-08-25,19101,Philadelphia,Pennsylvania,2026-08-27,82.6,68.8,Light rain shower
2026-08-25,78201,San Antonio,Texas,2026-08-25,100.5,73.6,Sunny
2026-08-25,78201,San Antonio,Texas,2026-08-26,101.3,74.6,Sunny
2026-08-25,78201,San Antonio,Texas,2026-08-27,99.8,75.6,Sunny
2026-08-25,92101,San Diego,California,2026-08-24,91.8,69.1,Sunny
2026-08-25,92101,San Diego,California,2026-08-25,78.8,67.1,Sunny
2026-08-25,92101,San Diego,California,2026-08-26,77.1,72.7,Smoky haze
2026-08-25,75201,Dallas,Texas,2026-08-25,105.6,84.0,Sunny
2026-08-25,75201,Dallas,Texas,2026-08-26,104.7,75.0,Overcast
2026-08-25,75201,Dallas,Texas,2026-08-27,103.5,80.5,Sunny
2026-08-25,95101,San Jose,California,2026-08-24,84.7,59.9,Sunny
2026-08-25,95101,San Jose,California,2026-08-25,89.6,58.1,Fog
2026-08-25,95101,San Jose,California,2026-08-26,94.4,62.3,Sunny
2026-08-25,78701,Austin,Texas,2026-08-25,103.7,77.2,Sunny
2026-08-25,78701,Austin,Texas,2026-08-26,104.1,77.5,Sunny
2026-08-25,78701,Austin,Texas,2026-08-27,101.5,78.4,Patchy rain nearby
2026-08-25,30301,Atlanta,Georgia,2026-08-25,94.8,68.5,Sunny
2026-08-25,30301,Atlanta,Georgia,2026-08-26,92.1,72.2,Sunny
2026-08-25,30301,Atlanta,Georgia,2026-08-27,72.4,69.7,Light rain shower
2026-08-25,28201,Charlotte,North Carolina,2026-08-25,89.4,61.7,Sunny
2026-08-25,28201,Charlotte,North Carolina,2026-08-26,89.4,70.7,Patchy rain nearby
2026-08-25,28201,Charlotte,North Carolina,2026-08-27,82.9,70.1,Overcast
2026-08-25,80201,Denver,Colorado,2026-08-25,87.2,65.0,Sunny
2026-08-25,80201,Denver,Colorado,2026-08-26,86.4,62.6,Sunny
2026-08-25,80201,Denver,Colorado,2026-08-27,88.8,62.0,Sunny
2026-08-25,37201,Nashville,Tennessee,2026-08-25,89.8,66.7,Sunny
2026-08-25,37201,Nashville,Tennessee,2026-08-26,91.7,73.0,Overcast
2026-08-25,37201,Nashville,Tennessee,2026-08-27,89.8,70.9,Sunny
2026-08-25,97201,Portland,Oregon,2026-08-24,92.1,57.9,Sunny
2026-08-25,97201,Portland,Oregon,2026-08-25,89.7,59.2,Sunny
2026-08-25,97201,Portland,Oregon,2026-08-26,83.8,59.6,Sunny
2026-08-25,89101,Las Vegas,Nevada,2026-08-24,113.7,87.6,Sunny
2026-08-25,89101,Las Vegas,Nevada,2026-08-25,97.1,81.0,Sunny
2026-08-25,89101,Las Vegas,Nevada,2026-08-26,101.7,86.2,Sunny
2026-08-25,02101,Boston,Massachusetts,2026-08-25,78.6,59.7,Sunny
2026-08-25,02101,Boston,Massachusetts,2026-08-26,81.4,62.3,Sunny
2026-08-25,02101,Boston,Massachusetts,2026-08-27,82.2,63.7,Overcast
2026-08-26,90045,Los Angeles,California,2026-08-25,88.5,66.6,Overcast
2026-08-26,90045,Los Angeles,California,2026-08-26,83.9,65.3,Smoky haze
2026-08-26,90045,Los Angeles,California,2026-08-27,80.4,74.1,Smoky haze
2026-08-26,10001,New York,New York,2026-08-26,85.3,62.2,Sunny
2026-08-26,10001,New York,New York,2026-08-27,83.3,73.0,Overcast
2026-08-26,10001,New York,New York,2026-08-28,84.4,72.5,Overcast
2026-08-26,60601,Chicago,Illinois,2026-08-26,77.9,68.4,Overcast
2026-08-26,60601,Chicago,Illinois,2026-08-27,74.0,66.9,Sunny
2026-08-26,60601,Chicago,Illinois,2026-08-28,70.5,65.2,Sunny
2026-08-26,98101,Seattle,Washington,2026-08-25,85.3,57.2,Sunny
2026-08-26,98101,Seattle,Washington,2026-08-26,83.6,58.3,Sunny
2026-08-26,98101,Seattle,Washington,2026-08-27,76.6,56.6,Partly Cloudy
2026-08-26,33101,Miami,Florida,2026-08-26,89.4,78.4,Overcast
2026-08-26,33101,Miami,Florida,2026-08-27,89.5,85.5,Patchy rain nearby
2026-08-26,33101,Miami,Florida,2026-08-28,89.5,85.2,Patchy rain nearby
2026-08-26,77001,Houston,Texas,2026-08-26,103.4,76.5,Sunny
2026-08-26,77001,Houston,Texas,2026-08-27,103.2,81.5,Sunny
2026-08-26,77001,Houston,Texas,2026-08-28,104.0,81.8,Sunny
2026-08-26,85001,Phoenix,Arizona,2026-08-25,120.2,85.6,Sunny
2026-08-26,85001,Phoenix,Arizona,2026-08-26,109.7,82.9,Sunny
2026-08-26,85001,Phoenix,Arizona,2026-08-27,108.1,93.8,Overcast
2026-08-26,19101,Philadelphia,Pennsylvania,2026-08-26,84.5,63.5,Sunny
2026-08-26,19101,Philadelphia,Pennsylvania,2026-08-27,84.2,69.8,Patchy rain nearby
2026-08-26,19101,Philadelphia,Pennsylvania,2026-08-28,83.5,70.8,Light rain shower
2026-08-26,78201,San Antonio,Texas,2026-08-26,101.8,76.3,Sunny
2026-08-26,78201,San Antonio,Texas,2026-08-27,99.8,75.3,Sunny
2026-08-26,78201,San Antonio,Texas,2026-08-28,100.6,78.1,Sunny
2026-08-26,92101,San Diego,California,2026-08-25,96.8,67.5,Sunny
2026-08-26,92101,San Diego,California,2026-08-26,77.4,66.7,Sunny
2026-08-26,92101,San Diego,California,2026-08-27,77.1,72.1,Overcast
2026-08-26,75201,Dallas,Texas,2026-08-26,106.2,81.7,Overcast
2026-08-26,75201,Dallas,Texas,2026-08-27,103.9,82.9,Overcast
2026-08-26,75201,Dallas,Texas,2026-08-28,103.4,81.2,Sunny
2026-08-26,95101,San Jose,California,2026-08-25,78.4,59.0,Overcast
2026-08-26,95101,San Jose,California,2026-08-26,94.8,57.9,Sunny
2026-08-26,95101,San Jose,California,2026-08-27,91.0,64.7,Overcast
2026-08-26,78701,Austin,Texas,2026-08-26,102.1,79.3,Sunny
2026-08-26,78701,Austin,Texas,2026-08-27,102.4,77.3,Patchy rain nearby
2026-08-26,78701,Austin,Texas,2026-08-28,104.3,81.3,Sunny
2026-08-26,30301,Atlanta,Georgia,2026-08-26,90.3,71.1,Sunny
2026-08-26,30301,Atlanta,Georgia,2026-08-27,83.1,70.9,Overcast
2026-08-26,30301,Atlanta,Georgia,2026-08-28,86.0,69.1,Overcast
2026-08-26,28201,Charlotte,North Carolina,2026-08-26,89.1,66.0,Overcast
2026-08-26,28201,Charlotte,North Carolina,2026-08-27,88.0,69.6,Light rain shower
2026-08-26,28201,Charlotte,North Carolina,2026-08-28,73.8,69.1,Light rain shower
2026-08-26,80201,Denver,Colorado,2026-08-26,86.1,63.7,Sunny
2026-08-26,80201,Denver,Colorado,2026-08-27,88.9,63.1,Sunny
2026-08-26,80201,Denver,Colorado,2026-08-28,92.4,66.8,Overcast
2026-08-26,37201,Nashville,Tennessee,2026-08-26,93.2,68.7,Overcast
2026-08-26,37201,Nashville,Tennessee,2026-08-27,90.6,70.8,Patchy rain nearby
2026-08-26,37201,Nashville,Tennessee,2026-08-28,88.1,68.8,Sunny
2026-08-26,97201,Portland,Oregon,2026-08-25,90.3,59.4,Sunny
2026-08-26,97201,Portland,Oregon,2026-08-26,84.0,58.1,Sunny
2026-08-26,97201,Portland,Oregon,2026-08-27,79.9,60.1,Overcast
2026-08-26,89101,Las Vegas,Nevada,2026-08-25,113.9,84.2,Sunny
2026-08-26,89101,Las Vegas,Nevada,2026-08-26,102.0,81.7,Sunny
2026-08-26,89101,Las Vegas,Nevada,2026-08-27,100.1,87.3,Overcast
2026-08-26,02101,Boston,Massachusetts,2026-08-26,82.2,61.0,Sunny
2026-08-26,02101,Boston,Massachusetts,2026-08-27,84.1,64.8,Overcast
2026-08-26,02101,Boston,Massachusetts,2026-08-28,78.4,68.3,Light rain shower
2026-08-27,90045,Los Angeles,California,2026-08-27,88.9,70.0,Smoky haze
2026-08-27,90045,Los Angeles,California,2026-08-28,85.5,75.3,Smoky haze
2026-08-27,90045,Los Angeles,California,2026-08-29,82.9,74.2,Sunny
2026-08-27,10001,New York,New York,2026-08-27,85.5,68.9,Overcast
2026-08-27,10001,New York,New York,2026-08-28,88.7,71.7,Overcast
2026-08-27,10001,New York,New York,2026-08-29,82.2,69.9,Overcast
2026-08-27,60601,Chicago,Illinois,2026-08-27,76.1,67.8,Sunny
2026-08-27,60601,Chicago,Illinois,2026-08-28,80.8,67.5,Sunny
2026-08-27,60601,Chicago,Illinois,2026-08-29,82.4,66.6,Overcast
2026-08-27,98101,Seattle,Washington,2026-08-27,74.6,60.1,Overcast
2026-08-27,98101,Seattle,Washington,2026-08-28,69.6,57.2,Patchy rain nearby
2026-08-27,98101,Seattle,Washington,2026-08-29,69.3,54.8,Overcast
2026-08-27,33101,Miami,Florida,2026-08-27,92.5,79.5,Sunny
2026-08-27,33101,Miami,Florida,2026-08-28,89.5,84.7,Sunny
2026-08-27,33101,Miami,Florida,2026-08-29,89.8,85.4,Patchy rain nearby
2026-08-27,77001,Houston,Texas,2026-08-27,103.8,77.1,Sunny
2026-08-27,77001,Houston,Texas,2026-08-28,98.9,77.5,Sunny
2026-08-27,77001,Houston,Texas,2026-08-29,99.6,80.9,Sunny
2026-08-27,85001,Phoenix,Arizona,2026-08-27,111.0,87.1,Dust haze
2026-08-27,85001,Phoenix,Arizona,2026-08-28,107.3,92.9,Dust haze
2026-08-27,85001,Phoenix,Arizona,2026-08-29,99.6,86.2,Dust haze
2026-08-27,19101,Philadelphia,Pennsylvania,2026-08-27,88.9,68.9,Overcast
2026-08-27,19101,Philadelphia,Pennsylvania,2026-08-28,87.7,67.9,Overcast
2026-08-27,19101,Philadelphia,Pennsylvania,2026-08-29,82.5,68.3,Overcast
2026-08-27,78201,San Antonio,Texas,2026-08-27,108.1,79.0,Sunny
2026-08-27,78201,San Antonio,Texas,2026-08-28,98.7,76.8,Sunny
2026-08-27,78201,San Antonio,Texas,2026-08-29,99.7,76.6,Sunny
2026-08-27,92101,San Diego,California,2026-08-27,82.6,69.6,Overcast
2026-08-27,92101,San Diego,California,2026-08-28,80.3,75.3,Sunny
2026-08-27,92101,San Diego,California,2026-08-29,78.5,73.9,Sunny
2026-08-27,75201,Dallas,Texas,2026-08-27,102.6,78.8,Sunny
2026-08-27,75201,Dallas,Texas,2026-08-28,104.8,81.6,Sunny
2026-08-27,75201,Dallas,Texas,2026-08-29,105.3,83.5,Sunny
2026-08-27,95101,San Jose,California,2026-08-27,93.0,59.5,Overcast
2026-08-27,95101,San Jose,California,2026-08-28,87.8,60.1,Overcast
2026-08-27,95101,San Jose,California,2026-08-29,85.9,55.2,Sunny
2026-08-27,78701,Austin,Texas,2026-08-27,107.6,81.0,Sunny
2026-08-27,78701,Austin,Texas,2026-08-28,101.3,77.8,Sunny
2026-08-27,78701,Austin,Texas,2026-08-29,102.3,78.3,Sunny
2026-08-27,30301,Atlanta,Georgia,2026-08-27,89.1,70.7,Overcast
2026-08-27,30301,Atlanta,Georgia,2026-08-28,87.6,71.0,Overcast
2026-08-27,30301,Atlanta,Georgia,2026-08-29,89.6,71.6,Overcast
2026-08-27,28201,Charlotte,North Carolina,2026-08-27,90.9,69.8,Overcast
2026-08-27,28201,Charlotte,North Carolina,2026-08-28,84.6,71.0,Overcast
2026-08-27,28201,Charlotte,North Carolina,2026-08-29,81.1,68.4,Overcast
2026-08-27,80201,Denver,Colorado,2026-08-27,88.1,62.1,Sunny
2026-08-27,80201,Denver,Colorado,2026-08-28,94.7,66.6,Overcast
2026-08-27,80201,Denver,Colorado,2026-08-29,93.2,63.8,Overcast
2026-08-27,37201,Nashville,Tennessee,2026-08-27,95.7,67.6,Overcast
2026-08-27,37201,Nashville,Tennessee,2026-08-28,88.5,68.9,Sunny
2026-08-27,37201,Nashville,Tennessee,2026-08-29,92.7,69.7,Sunny
2026-08-27,97201,Portland,Oregon,2026-08-27,78.5,56.8,Sunny
2026-08-27,97201,Portland,Oregon,2026-08-28,79.4,55.9,Sunny
2026-08-27,97201,Portland,Oregon,2026-08-29,71.6,57.3,Sunny
2026-08-27,89101,Las Vegas,Nevada,2026-08-27,110.8,86.2,Overcast
2026-08-27,89101,Las Vegas,Nevada,2026-08-28,99.2,83.5,Overcast
2026-08-27,89101,Las Vegas,Nevada,2026-08-29,95.1,83.3,Sunny
2026-08-27,02101,Boston,Massachusetts,2026-08-27,85.3,63.0,Overcast
2026-08-27,02101,Boston,Massachusetts,2026-08-28,84.5,68.0,Light rain shower
2026-08-27,02101,Boston,Massachusetts,2026-08-29,74.2,64.2,Overcast
2026-08-28,90045,Los Angeles,California,2026-08-28,91.9,68.4,Sunny
2026-08-28,90045,Los Angeles,California,2026-08-29,82.2,75.1,Overcast
2026-08-28,90045,Los Angeles,California,2026-08-30,79.0,71.1,Sunny
2026-08-28,10001,New York,New York,2026-08-28,86.9,68.7,Light drizzle
2026-08-28,10001,New York,New York,2026-08-29,83.4,65.9,Sunny
2026-08-28,10001,New York,New York,2026-08-30,86.8,70.7,Overcast
2026-08-28,60601,Chicago,Illinois,2026-08-28,80.6,69.4,Sunny
2026-08-28,60601,Chicago,Illinois,2026-08-29,77.0,65.0,Overcast
2026-08-28,60601,Chicago,Illinois,2026-08-30,86.1,69.4,Overcast
2026-08-28,98101,Seattle,Washington,2026-08-28,72.9,57.0,Overcast
2026-08-28,98101,Seattle,Washington,2026-08-29,70.9,53.9,Light rain shower
2026-08-28,98101,Seattle,Washington,2026-08-30,65.6,54.0,Patchy rain nearby
2026-08-28,33101,Miami,Florida,2026-08-28,96.3,77.9,Sunny
2026-08-28,33101,Miami,Florida,2026-08-29,89.9,85.0,Patchy rain nearby
2026-08-28,33101,Miami,Florida,2026-08-30,89.9,85.7,Light rain shower
2026-08-28,77001,Houston,Texas,2026-08-28,101.3,78.3,Patchy rain nearby
2026-08-28,77001,Houston,Texas,2026-08-29,99.2,80.8,Sunny
2026-08-28,77001,Houston,Texas,2026-08-30,95.5,80.4,Sunny
2026-08-28,85001,Phoenix,Arizona,2026-08-28,116.4,89.1,Overcast
2026-08-28,85001,Phoenix,Arizona,2026-08-29,104.6,84.8,Sunny
2026-08-28,85001,Phoenix,Arizona,2026-08-30,99.9,78.5,Patchy rain nearby
2026-08-28,19101,Philadelphia,Pennsylvania,2026-08-28,86.9,66.6,Overcast
2026-08-28,19101,Philadelphia,Pennsylvania,2026-08-29,83.0,65.7,Sunny
2026-08-28,19101,Philadelphia,Pennsylvania,2026-08-30,88.7,68.0,Sunny
2026-08-28,78201,San Antonio,Texas,2026-08-28,99.3,73.7,Sunny
2026-08-28,78201,San Antonio,Texas,2026-08-29,96.2,75.1,Sunny
2026-08-28,78201,San Antonio,Texas,2026-08-30,98.4,75.3,Sunny
2026-08-28,92101,San Diego,California,2026-08-28,94.6,67.1,Smoky haze
2026-08-28,92101,San Diego,California,2026-08-29,80.1,74.7,Sunny
2026-08-28,92101,San Diego,California,2026-08-30,75.7,72.4,Sunny
2026-08-28,75201,Dallas,Texas,2026-08-28,105.6,79.0,Sunny
2026-08-28,75201,Dallas,Texas,2026-08-29,103.5,82.5,Sunny
2026-08-28,75201,Dallas,Texas,2026-08-30,102.2,82.3,Sunny
2026-08-28,95101,San Jose,California,2026-08-28,83.4,60.6,Patchy rain nearby
2026-08-28,95101,San Jose,California,2026-08-29,87.9,55.4,Sunny
2026-08-28,95101,San Jose,California,2026-08-30,84.6,51.8,Sunny
2026-08-28,78701,Austin,Texas,2026-08-28,105.4,75.6,Patchy rain nearby
2026-08-28,78701,Austin,Texas,2026-08-29,99.4,76.9,Sunny
2026-08-28,78701,Austin,Texas,2026-08-30,101.0,76.7,Sunny
2026-08-28,30301,Atlanta,Georgia,2026-08-28,90.1,71.8,Overcast
2026-08-28,30301,Atlanta,Georgia,2026-08-29,87.6,71.5,Patchy rain nearby
2026-08-28,30301,Atlanta,Georgia,2026-08-30,91.2,71.2,Partly Cloudy
2026-08-28,28201,Charlotte,North Carolina,2026-08-28,90.0,70.2,Overcast
2026-08-28,28201,Charlotte,North Carolina,2026-08-29,82.3,70.0,Overcast
2026-08-28,28201,Charlotte,North Carolina,2026-08-30,93.3,70.8,Patchy rain nearby
2026-08-28,80201,Denver,Colorado,2026-08-28,92.9,66.3,Sunny
2026-08-28,80201,Denver,Colorado,2026-08-29,90.9,69.6,Overcast
2026-08-28,80201,Denver,Colorado,2026-08-30,82.2,65.9,Overcast
2026-08-28,37201,Nashville,Tennessee,2026-08-28,91.8,68.4,Sunny
2026-08-28,37201,Nashville,Tennessee,2026-08-29,95.1,71.6,Sunny
2026-08-28,37201,Nashville,Tennessee,2026-08-30,94.2,72.9,Sunny
2026-08-28,97201,Portland,Oregon,2026-08-28,79.9,56.8,Sunny
2026-08-28,97201,Portland,Oregon,2026-08-29,69.7,53.8,Sunny
2026-08-28,97201,Portland,Oregon,2026-08-30,74.7,53.4,Partly Cloudy
2026-08-28,89101,Las Vegas,Nevada,2026-08-28,106.5,83.8,Overcast
2026-08-28,89101,Las Vegas,Nevada,2026-08-29,94.8,81.9,Overcast
2026-08-28,89101,Las Vegas,Nevada,2026-08-30,92.8,80.1,Sunny
2026-08-28,02101,Boston,Massachusetts,2026-08-28,81.3,66.9,Overcast
2026-08-28,02101,Boston,Massachusetts,2026-08-29,74.6,61.3,Sunny
2026-08-28,02101,Boston,Massachusetts,2026-08-30,86.1,60.7,Sunny
2026-08-29,90045,Los Angeles,California,2026-08-29,82.8,67.8,Smoky haze
2026-08-29,90045,Los Angeles,California,2026-08-30,79.3,71.0,Smoky haze
2026-08-29,90045,Los Angeles,California,2026-08-31,78.1,69.8,Sunny
2026-08-29,10001,New York,New York,2026-08-29,82.3,60.1,Sunny
2026-08-29,10001,New York,New York,2026-08-30,86.1,70.2,Patchy rain nearby
2026-08-29,10001,New York,New York,2026-08-31,85.0,74.5,Overcast
2026-08-29,60601,Chicago,Illinois,2026-08-29,79.6,67.3,Overcast
2026-08-29,60601,Chicago,Illinois,2026-08-30,85.0,69.2,Overcast
2026-08-29,60601,Chicago,Illinois,2026-08-31,89.5,75.0,Overcast
2026-08-29,98101,Seattle,Washington,2026-08-29,67.7,55.6,Patchy rain nearby
2026-08-29,98101,Seattle,Washington,2026-08-30,70.4,53.2,Patchy rain nearby
2026-08-29,98101,Seattle,Washington,2026-08-31,74.2,52.3,Overcast
2026-08-29,33101,Miami,Florida,2026-08-29,89.8,79.3,Sunny
2026-08-29,33101,Miami,Florida,2026-08-30,89.9,85.5,Light rain shower
2026-08-29,33101,Miami,Florida,2026-08-31,89.4,85.3,Overcast
2026-08-29,77001,Houston,Texas,2026-08-29,100.2,72.9,Sunny
2026-08-29,77001,Houston,Texas,2026-08-30,99.1,80.1,Sunny
2026-08-29,77001,Houston,Texas,2026-08-31,97.2,79.5,Overcast
2026-08-29,85001,Phoenix,Arizona,2026-08-29,101.7,83.1,Sunny
2026-08-29,85001,Phoenix,Arizona,2026-08-30,101.1,77.6,Patchy rain nearby
2026-08-29,85001,Phoenix,Arizona,2026-08-31,94.1,74.7,Patchy rain nearby
2026-08-29,19101,Philadelphia,Pennsylvania,2026-08-29,82.1,60.4,Overcast
2026-08-29,19101,Philadelphia,Pennsylvania,2026-08-30,87.4,67.6,Sunny
2026-08-29,19101,Philadelphia,Pennsylvania,2026-08-31,86.5,70.8,Overcast
2026-08-29,78201,San Antonio,Texas,2026-08-29,95.9,76.3,Patchy rain nearby
2026-08-29,78201,San Antonio,Texas,2026-08-30,95.9,75.0,Sunny
2026-08-29,78201,San Antonio,Texas,2026-08-31,96.6,75.7,Sunny
2026-08-29,92101,San Diego,California,2026-08-29,80.2,68.5,Smoky haze
2026-08-29,92101,San Diego,California,2026-08-30,76.2,72.4,Sunny
2026-08-29,92101,San Diego,California,2026-08-31,75.1,71.1,Sunny
2026-08-29,75201,Dallas,Texas,2026-08-29,104.8,78.4,Sunny
2026-08-29,75201,Dallas,Texas,2026-08-30,103.6,83.9,Sunny
2026-08-29,75201,Dallas,Texas,2026-08-31,102.3,84.1,Sunny
2026-08-29,95101,San Jose,California,2026-08-29,87.6,54.5,Sunny
2026-08-29,95101,San Jose,California,2026-08-30,86.0,51.4,Sunny
2026-08-29,95101,San Jose,California,2026-08-31,82.7,50.4,Sunny
2026-08-29,78701,Austin,Texas,2026-08-29,100.3,76.8,Sunny
2026-08-29,78701,Austin,Texas,2026-08-30,100.4,77.1,Sunny
2026-08-29,78701,Austin,Texas,2026-08-31,99.4,77.2,Sunny
2026-08-29,30301,Atlanta,Georgia,2026-08-29,83.7,71.8,Patchy rain nearby
2026-08-29,30301,Atlanta,Georgia,2026-08-30,86.2,69.0,Overcast
2026-08-29,30301,Atlanta,Georgia,2026-08-31,91.4,74.6,Patchy rain nearby
2026-08-29,28201,Charlotte,North Carolina,2026-08-29,85.0,66.2,Heavy rain
2026-08-29,28201,Charlotte,North Carolina,2026-08-30,87.1,69.7,Light rain shower
2026-08-29,28201,Charlotte,North Carolina,2026-08-31,93.5,72.8,Sunny
2026-08-29,80201,Denver,Colorado,2026-08-29,91.1,67.2,Overcast
2026-08-29,80201,Denver,Colorado,2026-08-30,85.7,64.0,Overcast
2026-08-29,80201,Denver,Colorado,2026-08-31,81.9,62.0,Overcast
2026-08-29,37201,Nashville,Tennessee,2026-08-29,93.6,68.4,Patchy rain nearby
2026-08-29,37201,Nashville,Tennessee,2026-08-30,92.8,73.8,Sunny
2026-08-29,37201,Nashville,Tennessee,2026-08-31,94.9,74.4,Sunny
2026-08-29,97201,Portland,Oregon,2026-08-29,73.7,57.2,Sunny
2026-08-29,97201,Portland,Oregon,2026-08-30,76.8,53.3,Sunny
2026-08-29,97201,Portland,Oregon,2026-08-31,80.9,54.4,Sunny
2026-08-29,89101,Las Vegas,Nevada,2026-08-29,95.9,80.8,Sunny
2026-08-29,89101,Las Vegas,Nevada,2026-08-30,92.7,79.8,Sunny
2026-08-29,89101,Las Vegas,Nevada,2026-08-31,90.8,76.7,Sunny
2026-08-29,02101,Boston,Massachusetts,2026-08-29,75.4,60.3,Sunny
2026-08-29,02101,Boston,Massachusetts,2026-08-30,85.7,60.2,Overcast
2026-08-29,02101,Boston,Massachusetts,2026-08-31,76.2,67.2,Overcast
2026-08-30,90045,Los Angeles,California,2026-08-30,79.9,65.1,Smoky haze
2026-08-30,90045,Los Angeles,California,2026-08-31,76.2,69.2,Sunny
2026-08-30,90045,Los Angeles,California,2026-09-01,77.6,67.2,Sunny
2026-08-30,10001,New York,New York,2026-08-30,86.4,62.4,Overcast
2026-08-30,10001,New York,New York,2026-08-31,84.6,68.5,Overcast
2026-08-30,10001,New York,New York,2026-09-01,87.3,74.4,Overcast
2026-08-30,60601,Chicago,Illinois,2026-08-30,84.3,72.0,Overcast
2026-08-30,60601,Chicago,Illinois,2026-08-31,87.1,71.2,Overcast
2026-08-30,60601,Chicago,Illinois,2026-09-01,90.1,73.8,Overcast
2026-08-30,98101,Seattle,Washington,2026-08-30,68.2,52.9,Overcast
2026-08-30,98101,Seattle,Washington,2026-08-31,75.2,52.2,Overcast
2026-08-30,98101,Seattle,Washington,2026-09-01,72.7,55.2,Overcast
2026-08-30,33101,Miami,Florida,2026-08-30,90.2,77.7,Sunny
2026-08-30,33101,Miami,Florida,2026-08-31,90.2,84.7,Overcast
2026-08-30,33101,Miami,Florida,2026-09-01,90.4,85.6,Patchy rain nearby
2026-08-30,77001,Houston,Texas,2026-08-30,97.5,76.8,Sunny
2026-08-30,77001,Houston,Texas,2026-08-31,98.4,79.7,Sunny
2026-08-30,77001,Houston,Texas,2026-09-01,99.6,80.2,Sunny
2026-08-30,85001,Phoenix,Arizona,2026-08-30,100.9,81.9,Patchy rain nearby
2026-08-30,85001,Phoenix,Arizona,2026-08-31,95.5,77.8,Sunny
2026-08-30,85001,Phoenix,Arizona,2026-09-01,97.3,79.3,Sunny
2026-08-30,19101,Philadelphia,Pennsylvania,2026-08-30,87.7,64.2,Overcast
2026-08-30,19101,Philadelphia,Pennsylvania,2026-08-31,84.6,68.0,Overcast
2026-08-30,19101,Philadelphia,Pennsylvania,2026-09-01,89.1,71.5,Patchy rain nearby
2026-08-30,78201,San Antonio,Texas,2026-08-30,94.1,75.2,Sunny
2026-08-30,78201,San Antonio,Texas,2026-08-31,95.0,75.4,Sunny
2026-08-30,78201,San Antonio,Texas,2026-09-01,96.7,75.6,Sunny
2026-08-30,92101,San Diego,California,2026-08-30,76.6,68.2,Smoky haze
2026-08-30,92101,San Diego,California,2026-08-31,74.7,71.0,Sunny
2026-08-30,92101,San Diego,California,2026-09-01,77.0,71.8,Sunny
2026-08-30,75201,Dallas,Texas,2026-08-30,102.6,80.1,Sunny
2026-08-30,75201,Dallas,Texas,2026-08-31,102.3,82.4,Sunny
2026-08-30,75201,Dallas,Texas,2026-09-01,101.5,81.3,Sunny
2026-08-30,95101,San Jose,California,2026-08-30,85.9,53.4,Sunny
2026-08-30,95101,San Jose,California,2026-08-31,83.5,51.2,Sunny
2026-08-30,95101,San Jose,California,2026-09-01,78.3,52.3,Sunny
2026-08-30,78701,Austin,Texas,2026-08-30,98.8,76.5,Sunny
2026-08-30,78701,Austin,Texas,2026-08-31,99.2,75.8,Sunny
2026-08-30,78701,Austin,Texas,2026-09-01,99.6,76.3,Sunny
2026-08-30,30301,Atlanta,Georgia,2026-08-30,86.5,71.8,Patchy rain nearby
2026-08-30,30301,Atlanta,Georgia,2026-08-31,91.5,73.0,Overcast
2026-08-30,30301,Atlanta,Georgia,2026-09-01,90.3,78.7,Overcast
2026-08-30,28201,Charlotte,North Carolina,2026-08-30,88.6,69.4,Overcast
2026-08-30,28201,Charlotte,North Carolina,2026-08-31,95.4,74.0,Sunny
2026-08-30,28201,Charlotte,North Carolina,2026-09-01,97.0,77.1,Sunny
2026-08-30,80201,Denver,Colorado,2026-08-30,84.9,65.6,Overcast
2026-08-30,80201,Denver,Colorado,2026-08-31,87.0,65.8,Overcast
2026-08-30,80201,Denver,Colorado,2026-09-01,87.3,62.4,Sunny
2026-08-30,37201,Nashville,Tennessee,2026-08-30,92.5,73.6,Sunny
2026-08-30,37201,Nashville,Tennessee,2026-08-31,95.1,75.7,Sunny
2026-08-30,37201,Nashville,Tennessee,2026-09-01,99.3,77.4,Sunny
2026-08-30,97201,Portland,Oregon,2026-08-30,76.7,50.5,Sunny
2026-08-30,97201,Portland,Oregon,2026-08-31,82.8,54.9,Partly Cloudy
2026-08-30,97201,Portland,Oregon,2026-09-01,75.0,56.4,Overcast
2026-08-30,89101,Las Vegas,Nevada,2026-08-30,92.8,80.1,Overcast
2026-08-30,89101,Las Vegas,Nevada,2026-08-31,89.8,77.2,Sunny
2026-08-30,89101,Las Vegas,Nevada,2026-09-01,88.8,75.8,Sunny
2026-08-30,02101,Boston,Massachusetts,2026-08-30,85.1,59.9,Overcast
2026-08-30,02101,Boston,Massachusetts,2026-08-31,78.2,63.9,Sunny
2026-08-30,02101,Boston,Massachusetts,2026-09-01,65.8,61.8,Mist
2026-08-31,90045,Los Angeles,California,2026-08-31,77.1,61.7,Sunny
2026-08-31,90045,Los Angeles,California,2026-09-01,76.9,67.0,Sunny
2026-08-31,90045,Los Angeles,California,2026-09-02,76.6,67.9,Sunny
2026-08-31,10001,New York,New York,2026-08-31,83.1,69.3,Overcast
2026-08-31,10001,New York,New York,2026-09-01,89.5,72.7,Overcast
2026-08-31,10001,New York,New York,2026-09-02,83.2,72.5,Light rain shower
2026-08-31,60601,Chicago,Illinois,2026-08-31,87.4,69.8,Overcast
2026-08-31,60601,Chicago,Illinois,2026-09-01,90.3,75.3,Overcast
2026-08-31,60601,Chicago,Illinois,2026-09-02,92.3,78.4,Sunny
2026-08-31,98101,Seattle,Washington,2026-08-31,74.3,53.4,Overcast
2026-08-31,98101,Seattle,Washington,2026-09-01,79.2,55.1,Sunny
2026-08-31,98101,Seattle,Washington,2026-09-02,71.6,56.2,Overcast
2026-08-31,33101,Miami,Florida,2026-08-31,89.9,76.3,Heavy rain
2026-08-31,33101,Miami,Florida,2026-09-01,89.7,85.5,Sunny
2026-08-31,33101,Miami,Florida,2026-09-02,90.1,84.1,Patchy rain nearby
2026-08-31,77001,Houston,Texas,2026-08-31,99.1,77.5,Overcast
2026-08-31,77001,Houston,Texas,2026-09-01,88.3,80.0,Light rain shower
2026-08-31,77001,Houston,Texas,2026-09-02,93.8,77.6,Patchy rain nearby
2026-08-31,85001,Phoenix,Arizona,2026-08-31,95.4,75.6,Patchy rain nearby
2026-08-31,85001,Phoenix,Arizona,2026-09-01,96.8,79.5,Sunny
2026-08-31,85001,Phoenix,Arizona,2026-09-02,98.7,85.6,Sunny
2026-08-31,19101,Philadelphia,Pennsylvania,2026-08-31,86.0,71.1,Moderate rain
2026-08-31,19101,Philadelphia,Pennsylvania,2026-09-01,91.5,71.7,Overcast
2026-08-31,19101,Philadelphia,Pennsylvania,2026-09-02,93.9,74.0,Overcast
2026-08-31,78201,San Antonio,Texas,2026-08-31,95.4,78.1,Sunny
2026-08-31,78201,San Antonio,Texas,2026-09-01,95.9,75.8,Sunny
2026-08-31,78201,San Antonio,Texas,2026-09-02,97.3,75.8,Sunny
2026-08-31,92101,San Diego,California,2026-08-31,75.1,66.9,Sunny
2026-08-31,92101,San Diego,California,2026-09-01,76.0,71.5,Sunny
2026-08-31,92101,San Diego,California,2026-09-02,76.2,72.2,Sunny
2026-08-31,75201,Dallas,Texas,2026-08-31,102.9,80.2,Sunny
2026-08-31,75201,Dallas,Texas,2026-09-01,103.3,82.9,Sunny
2026-08-31,75201,Dallas,Texas,2026-09-02,100.8,79.9,Sunny
2026-08-31,95101,San Jose,California,2026-08-31,83.6,54.1,Sunny
2026-08-31,95101,San Jose,California,2026-09-01,79.4,52.1,Sunny
2026-08-31,95101,San Jose,California,2026-09-02,77.6,51.1,Sunny
2026-08-31,78701,Austin,Texas,2026-08-31,99.4,79.5,Sunny
2026-08-31,78701,Austin,Texas,2026-09-01,96.7,77.5,Sunny
2026-08-31,78701,Austin,Texas,2026-09-02,94.2,76.5,Sunny
2026-08-31,30301,Atlanta,Georgia,2026-08-31,92.3,73.2,Sunny
2026-08-31,30301,Atlanta,Georgia,2026-09-01,95.7,77.6,Sunny
2026-08-31,30301,Atlanta,Georgia,2026-09-02,95.4,76.6,Overcast
2026-08-31,28201,Charlotte,North Carolina,2026-08-31,95.4,68.2,Sunny
2026-08-31,28201,Charlotte,North Carolina,2026-09-01,98.2,76.4,Sunny
2026-08-31,28201,Charlotte,North Carolina,2026-09-02,98.1,77.2,Sunny
2026-08-31,80201,Denver,Colorado,2026-08-31,86.0,61.3,Overcast
2026-08-31,80201,Denver,Colorado,2026-09-01,84.7,61.3,Overcast
2026-08-31,80201,Denver,Colorado,2026-09-02,87.9,65.0,Sunny
2026-08-31,37201,Nashville,Tennessee,2026-08-31,96.1,76.3,Sunny
2026-08-31,37201,Nashville,Tennessee,2026-09-01,96.8,78.0,Sunny
2026-08-31,37201,Nashville,Tennessee,2026-09-02,98.6,79.5,Sunny
2026-08-31,97201,Portland,Oregon,2026-08-31,84.9,54.9,Overcast
2026-08-31,97201,Portland,Oregon,2026-09-01,77.1,57.1,Partly Cloudy
2026-08-31,97201,Portland,Oregon,2026-09-02,65.6,56.4,Light rain shower
2026-08-31,89101,Las Vegas,Nevada,2026-08-31,90.2,73.8,Sunny
2026-08-31,89101,Las Vegas,Nevada,2026-09-01,88.5,74.9,Sunny
2026-08-31,89101,Las Vegas,Nevada,2026-09-02,86.5,72.3,Sunny
2026-08-31,02101,Boston,Massachusetts,2026-08-31,81.9,62.6,Overcast
2026-08-31,02101,Boston,Massachusetts,2026-09-01,69.7,65.8,Mist
2026-08-31,02101,Boston,Massachusetts,2026-09-02,71.7,64.7,Overcast
2026-09-01,90045,Los Angeles,California,2026-09-01,75.4,61.5,Sunny
2026-09-01,90045,Los Angeles,California,2026-09-02,74.9,66.0,Sunny
2026-09-01,90045,Los Angeles,California,2026-09-03,77.3,67.4,Sunny
2026-09-01,10001,New York,New York,2026-09-01,89.2,70.0,Light rain shower
2026-09-01,10001,New York,New York,2026-09-02,74.6,69.2,Patchy rain nearby
2026-09-01,10001,New York,New York,2026-09-03,89.6,72.1,Patchy rain nearby
2026-09-01,60601,Chicago,Illinois,2026-09-01,88.2,68.7,Patchy rain nearby
2026-09-01,60601,Chicago,Illinois,2026-09-02,92.1,80.1,Sunny
2026-09-01,60601,Chicago,Illinois,2026-09-03,86.9,76.1,Patchy rain nearby
2026-09-01,98101,Seattle,Washington,2026-09-01,77.8,54.5,Overcast
2026-09-01,98101,Seattle,Washington,2026-09-02,70.1,53.6,Light rain shower
2026-09-01,98101,Seattle,Washington,2026-09-03,60.8,51.0,Patchy rain nearby
2026-09-01,33101,Miami,Florida,2026-09-01,89.4,76.5,Moderate rain
2026-09-01,33101,Miami,Florida,2026-09-02,88.8,85.0,Overcast
2026-09-01,33101,Miami,Florida,2026-09-03,88.1,84.8,Patchy rain nearby
2026-09-01,77001,Houston,Texas,2026-09-01,92.9,78.6,Overcast
2026-09-01,77001,Houston,Texas,2026-09-02,95.5,79.9,Patchy rain nearby
2026-09-01,77001,Houston,Texas,2026-09-03,93.4,79.7,Sunny
2026-09-01,85001,Phoenix,Arizona,2026-09-01,96.5,74.5,Sunny
2026-09-01,85001,Phoenix,Arizona,2026-09-02,98.3,87.0,Sunny
2026-09-01,85001,Phoenix,Arizona,2026-09-03,97.3,85.0,Sunny
2026-09-01,19101,Philadelphia,Pennsylvania,2026-09-01,91.0,71.1,Mist
2026-09-01,19101,Philadelphia,Pennsylvania,2026-09-02,77.4,70.5,Patchy rain nearby
2026-09-01,19101,Philadelphia,Pennsylvania,2026-09-03,89.8,70.2,Light rain shower
2026-09-01,78201,San Antonio,Texas,2026-09-01,98.8,77.7,Sunny
2026-09-01,78201,San Antonio,Texas,2026-09-02,98.8,76.2,Sunny
2026-09-01,78201,San Antonio,Texas,2026-09-03,98.8,75.4,Sunny
2026-09-01,92101,San Diego,California,2026-09-01,74.5,65.1,Sunny
2026-09-01,92101,San Diego,California,2026-09-02,74.4,69.7,Sunny
2026-09-01,92101,San Diego,California,2026-09-03,72.9,69.9,Sunny
2026-09-01,75201,Dallas,Texas,2026-09-01,100.7,81.1,Sunny
2026-09-01,75201,Dallas,Texas,2026-09-02,86.8,76.3,Patchy rain nearby
2026-09-01,75201,Dallas,Texas,2026-09-03,87.6,74.4,Light rain shower
2026-09-01,95101,San Jose,California,2026-09-01,76.2,54.5,Overcast
2026-09-01,95101,San Jose,California,2026-09-02,79.2,52.4,Sunny
2026-09-01,95101,San Jose,California,2026-09-03,77.2,54.4,Sunny
2026-09-01,78701,Austin,Texas,2026-09-01,98.9,78.8,Sunny
2026-09-01,78701,Austin,Texas,2026-09-02,99.7,77.8,Sunny
2026-09-01,78701,Austin,Texas,2026-09-03,99.8,77.1,Sunny
2026-09-01,30301,Atlanta,Georgia,2026-09-01,96.2,72.5,Patchy rain nearby
2026-09-01,30301,Atlanta,Georgia,2026-09-02,97.0,78.5,Sunny
2026-09-01,30301,Atlanta,Georgia,2026-09-03,96.7,77.8,Sunny
2026-09-01,28201,Charlotte,North Carolina,2026-09-01,99.1,72.1,Sunny
2026-09-01,28201,Charlotte,North Carolina,2026-09-02,99.4,78.3,Sunny
2026-09-01,28201,Charlotte,North Carolina,2026-09-03,98.8,76.4,Sunny
2026-09-01,80201,Denver,Colorado,2026-09-01,84.7,63.0,Overcast
2026-09-01,80201,Denver,Colorado,2026-09-02,87.6,65.2,Sunny
2026-09-01,80201,Denver,Colorado,2026-09-03,89.9,66.0,Sunny
2026-09-01,37201,Nashville,Tennessee,2026-09-01,99.8,75.7,Sunny
2026-09-01,37201,Nashville,Tennessee,2026-09-02,99.9,80.5,Sunny
2026-09-01,37201,Nashville,Tennessee,2026-09-03,102.0,81.8,Sunny
2026-09-01,97201,Portland,Oregon,2026-09-01,72.7,55.8,Overcast
2026-09-01,97201,Portland,Oregon,2026-09-02,62.3,54.3,Light rain shower
2026-09-01,97201,Portland,Oregon,2026-09-03,64.5,52.2,Light rain shower
2026-09-01,89101,Las Vegas,Nevada,2026-09-01,88.1,70.9,Sunny
2026-09-01,89101,Las Vegas,Nevada,2026-09-02,85.5,70.7,Sunny
2026-09-01,89101,Las Vegas,Nevada,2026-09-03,86.3,70.1,Sunny
2026-09-01,02101,Boston,Massachusetts,2026-09-01,69.1,60.2,Patchy rain nearby
2026-09-01,02101,Boston,Massachusetts,2026-09-02,71.9,61.8,Overcast
2026-09-01,02101,Boston,Massachusetts,2026-09-03,78.6,63.5,Patchy rain nearby
2026-09-02,90045,Los Angeles,California,2026-09-02,76.5,57.2,Sunny
2026-09-02,90045,Los Angeles,California,2026-09-03,74.5,66.8,Sunny
2026-09-02,90045,Los Angeles,California,2026-09-04,77.5,67.7,Sunny
2026-09-02,10001,New York,New York,2026-09-02,77.8,67.1,Light rain
2026-09-02,10001,New York,New York,2026-09-03,89.0,71.1,Overcast
2026-09-02,10001,New York,New York,2026-09-04,90.4,71.5,Overcast
2026-09-02,60601,Chicago,Illinois,2026-09-02,91.4,66.6,Sunny
2026-09-02,60601,Chicago,Illinois,2026-09-03,85.3,77.3,Light rain shower
2026-09-02,60601,Chicago,Illinois,2026-09-04,92.2,74.1,Sunny
2026-09-02,98101,Seattle,Washington,2026-09-02,67.3,54.7,Patchy rain nearby
2026-09-02,98101,Seattle,Washington,2026-09-03,70.8,51.7,Sunny
2026-09-02,98101,Seattle,Washington,2026-09-04,67.5,53.3,Patchy rain nearby
2026-09-02,33101,Miami,Florida,2026-09-02,88.8,75.6,Patchy rain nearby
2026-09-02,33101,Miami,Florida,2026-09-03,88.4,84.4,Overcast
2026-09-02,33101,Miami,Florida,2026-09-04,87.5,83.0,Overcast
2026-09-02,77001,Houston,Texas,2026-09-02,89.3,77.5,Light rain
2026-09-02,77001,Houston,Texas,2026-09-03,86.3,78.7,Overcast
2026-09-02,77001,Houston,Texas,2026-09-04,92.9,79.6,Patchy rain nearby
2026-09-02,85001,Phoenix,Arizona,2026-09-02,98.6,78.3,Sunny
2026-09-02,85001,Phoenix,Arizona,2026-09-03,99.1,85.2,Sunny
2026-09-02,85001,Phoenix,Arizona,2026-09-04,97.5,81.0,Patchy rain nearby
2026-09-02,19101,Philadelphia,Pennsylvania,2026-09-02,81.2,70.5,Heavy rain
2026-09-02,19101,Philadelphia,Pennsylvania,2026-09-03,87.5,69.4,Light rain shower
2026-09-02,19101,Philadelphia,Pennsylvania,2026-09-04,87.6,72.1,Light rain shower
2026-09-02,78201,San Antonio,Texas,2026-09-02,98.3,76.5,Sunny
2026-09-02,78201,San Antonio,Texas,2026-09-03,98.4,75.9,Sunny
2026-09-02,78201,San Antonio,Texas,2026-09-04,81.3,74.4,Patchy rain nearby
2026-09-02,92101,San Diego,California,2026-09-02,74.0,63.0,Sunny
2026-09-02,92101,San Diego,California,2026-09-03,73.4,70.0,Sunny
2026-09-02,92101,San Diego,California,2026-09-04,73.3,69.4,Sunny
2026-09-02,75201,Dallas,Texas,2026-09-02,95.7,75.5,Sunny
2026-09-02,75201,Dallas,Texas,2026-09-03,82.1,74.6,Patchy rain nearby
2026-09-02,75201,Dallas,Texas,2026-09-04,92.7,75.0,Sunny
2026-09-02,95101,San Jose,California,2026-09-02,76.1,53.8,Sunny
2026-09-02,95101,San Jose,California,2026-09-03,75.1,52.8,Sunny
2026-09-02,95101,San Jose,California,2026-09-04,76.8,52.7,Sunny
2026-09-02,78701,Austin,Texas,2026-09-02,100.2,79.7,Sunny
2026-09-02,78701,Austin,Texas,2026-09-03,98.4,78.8,Overcast
2026-09-02,78701,Austin,Texas,2026-09-04,82.3,74.4,Light rain shower
2026-09-02,30301,Atlanta,Georgia,2026-09-02,97.2,75.6,Sunny
2026-09-02,30301,Atlanta,Georgia,2026-09-03,95.3,77.1,Partly Cloudy
2026-09-02,30301,Atlanta,Georgia,2026-09-04,93.8,75.6,Sunny
2026-09-02,28201,Charlotte,North Carolina,2026-09-02,99.2,74.7,Sunny
2026-09-02,28201,Charlotte,North Carolina,2026-09-03,97.7,75.6,Sunny
2026-09-02,28201,Charlotte,North Carolina,2026-09-04,97.7,75.1,Sunny
2026-09-02,80201,Denver,Colorado,2026-09-02,86.8,65.1,Sunny
2026-09-02,80201,Denver,Colorado,2026-09-03,90.8,65.5,Sunny
2026-09-02,80201,Denver,Colorado,2026-09-04,88.3,65.7,Sunny
2026-09-02,37201,Nashville,Tennessee,2026-09-02,99.8,77.7,Sunny
2026-09-02,37201,Nashville,Tennessee,2026-09-03,101.6,81.9,Sunny
2026-09-02,37201,Nashville,Tennessee,2026-09-04,99.8,80.3,Sunny
2026-09-02,97201,Portland,Oregon,2026-09-02,62.1,54.0,Light rain
2026-09-02,97201,Portland,Oregon,2026-09-03,63.9,50.8,Light rain shower
2026-09-02,97201,Portland,Oregon,2026-09-04,71.5,52.8,Overcast
2026-09-02,89101,Las Vegas,Nevada,2026-09-02,86.8,66.6,Sunny
2026-09-02,89101,Las Vegas,Nevada,2026-09-03,86.0,69.4,Sunny
2026-09-02,89101,Las Vegas,Nevada,2026-09-04,86.9,69.1,Sunny
2026-09-02,02101,Boston,Massachusetts,2026-09-02,71.9,63.7,Overcast
2026-09-02,02101,Boston,Massachusetts,2026-09-03,79.0,63.3,Fog
2026-09-02,02101,Boston,Massachusetts,2026-09-04,79.3,63.7,Mist
2026-09-03,90045,Los Angeles,California,2026-09-03,75.5,61.0,Sunny
2026-09-03,90045,Los Angeles,California,2026-09-04,75.8,67.5,Sunny
2026-09-03,90045,Los Angeles,California,2026-09-05,77.3,68.0,Sunny
2026-09-03,10001,New York,New York,2026-09-03,91.4,67.5,Heavy rain
2026-09-03,10001,New York,New York,2026-09-04,87.6,71.5,Sunny
2026-09-03,10001,New York,New York,2026-09-05,81.0,66.9,Sunny
2026-09-03,60601,Chicago,Illinois,2026-09-03,91.4,67.1,Sunny
2026-09-03,60601,Chicago,Illinois,2026-09-04,84.4,71.3,Thundery outbreaks in nearby
2026-09-03,60601,Chicago,Illinois,2026-09-05,81.9,70.7,Sunny
2026-09-03,98101,Seattle,Washington,2026-09-03,65.5,52.7,Moderate rain
2026-09-03,98101,Seattle,Washington,2026-09-04,68.5,52.9,Overcast
2026-09-03,98101,Seattle,Washington,2026-09-05,71.3,52.0,Overcast
2026-09-03,33101,Miami,Florida,2026-09-03,89.9,79.0,Sunny
2026-09-03,33101,Miami,Florida,2026-09-04,88.5,84.7,Overcast
2026-09-03,33101,Miami,Florida,2026-09-05,89.0,83.7,Patchy rain nearby
2026-09-03,77001,Houston,Texas,2026-09-03,90.9,79.2,Overcast
2026-09-03,77001,Houston,Texas,2026-09-04,96.8,79.2,Sunny
2026-09-03,77001,Houston,Texas,2026-09-05,99.5,79.5,Sunny
2026-09-03,85001,Phoenix,Arizona,2026-09-03,98.3,79.2,Sunny
2026-09-03,85001,Phoenix,Arizona,2026-09-04,97.0,78.6,Overcast
2026-09-03,85001,Phoenix,Arizona,2026-09-05,95.8,85.9,Overcast
2026-09-03,19101,Philadelphia,Pennsylvania,2026-09-03,91.0,70.3,Heavy rain
2026-09-03,19101,Philadelphia,Pennsylvania,2026-09-04,84.1,71.6,Sunny
2026-09-03,19101,Philadelphia,Pennsylvania,2026-09-05,80.1,65.0,Sunny
2026-09-03,78201,San Antonio,Texas,2026-09-03,96.5,79.2,Sunny
2026-09-03,78201,San Antonio,Texas,2026-09-04,86.5,75.4,Overcast
2026-09-03,78201,San Antonio,Texas,2026-09-05,95.5,74.6,Sunny
2026-09-03,92101,San Diego,California,2026-09-03,72.6,60.1,Sunny
2026-09-03,92101,San Diego,California,2026-09-04,73.2,69.0,Sunny
2026-09-03,92101,San Diego,California,2026-09-05,76.7,70.9,Overcast
2026-09-03,75201,Dallas,Texas,2026-09-03,87.4,77.4,Light drizzle
2026-09-03,75201,Dallas,Texas,2026-09-04,97.2,76.5,Sunny
2026-09-03,75201,Dallas,Texas,2026-09-05,99.7,80.7,Sunny
2026-09-03,95101,San Jose,California,2026-09-03,77.3,55.8,Sunny
2026-09-03,95101,San Jose,California,2026-09-04,77.0,52.9,Sunny
2026-09-03,95101,San Jose,California,2026-09-05,78.2,52.0,Sunny
2026-09-03,78701,Austin,Texas,2026-09-03,93.1,79.3,Patchy rain nearby
2026-09-03,78701,Austin,Texas,2026-09-04,92.5,72.4,Sunny
2026-09-03,78701,Austin,Texas,2026-09-05,97.5,75.8,Sunny
2026-09-03,30301,Atlanta,Georgia,2026-09-03,96.8,76.1,Moderate or heavy rain shower
2026-09-03,30301,Atlanta,Georgia,2026-09-04,98.4,77.3,Sunny
2026-09-03,30301,Atlanta,Georgia,2026-09-05,100.8,78.1,Sunny
2026-09-03,28201,Charlotte,North Carolina,2026-09-03,99.3,74.8,Sunny
2026-09-03,28201,Charlotte,North Carolina,2026-09-04,98.5,75.0,Sunny
2026-09-03,28201,Charlotte,North Carolina,2026-09-05,100.8,76.3,Overcast
2026-09-03,80201,Denver,Colorado,2026-09-03,90.7,65.2,Sunny
2026-09-03,80201,Denver,Colorado,2026-09-04,89.7,66.4,Sunny
2026-09-03,80201,Denver,Colorado,2026-09-05,86.9,66.7,Overcast
2026-09-03,37201,Nashville,Tennessee,2026-09-03,101.2,78.6,Sunny
2026-09-03,37201,Nashville,Tennessee,2026-09-04,102.9,80.9,Sunny
2026-09-03,37201,Nashville,Tennessee,2026-09-05,100.4,76.7,Sunny
2026-09-03,97201,Portland,Oregon,2026-09-03,60.6,52.5,Light rain shower
2026-09-03,97201,Portland,Oregon,2026-09-04,64.8,53.1,Patchy rain nearby
2026-09-03,97201,Portland,Oregon,2026-09-05,75.9,51.0,Sunny
2026-09-03,89101,Las Vegas,Nevada,2026-09-03,86.1,70.5,Sunny
2026-09-03,89101,Las Vegas,Nevada,2026-09-04,86.6,69.9,Sunny
2026-09-03,89101,Las Vegas,Nevada,2026-09-05,89.4,69.8,Sunny
2026-09-03,02101,Boston,Massachusetts,2026-09-03,75.7,62.6,Light rain
2026-09-03,02101,Boston,Massachusetts,2026-09-04,82.7,64.2,Overcast
2026-09-03,02101,Boston,Massachusetts,2026-09-05,69.0,60.4,Sunny
2026-09-04,90045,Los Angeles,California,2026-09-04,75.7,61.0,Sunny
2026-09-04,90045,Los Angeles,California,2026-09-05,76.1,67.5,Sunny
2026-09-04,90045,Los Angeles,California,2026-09-06,76.5,68.8,Sunny
2026-09-04,10001,New York,New York,2026-09-04,90.9,72.8,Light drizzle
2026-09-04,10001,New York,New York,2026-09-05,83.2,70.2,Sunny
2026-09-04,10001,New York,New York,2026-09-06,75.6,65.3,Sunny
2026-09-04,60601,Chicago,Illinois,2026-09-04,93.5,67.5,Sunny
2026-09-04,60601,Chicago,Illinois,2026-09-05,76.9,69.8,Sunny
2026-09-04,60601,Chicago,Illinois,2026-09-06,73.0,66.7,Sunny
2026-09-04,98101,Seattle,Washington,2026-09-04,67.9,50.9,Overcast
2026-09-04,98101,Seattle,Washington,2026-09-05,73.5,54.8,Overcast
2026-09-04,98101,Seattle,Washington,2026-09-06,72.5,52.0,Overcast
2026-09-04,33101,Miami,Florida,2026-09-04,88.6,77.2,Patchy rain nearby
2026-09-04,33101,Miami,Florida,2026-09-05,88.9,84.0,Overcast
2026-09-04,33101,Miami,Florida,2026-09-06,90.5,83.6,Light rain shower
2026-09-04,77001,Houston,Texas,2026-09-04,94.6,78.8,Moderate rain
2026-09-04,77001,Houston,Texas,2026-09-05,93.3,79.8,Sunny
2026-09-04,77001,Houston,Texas,2026-09-06,97.1,79.6,Sunny
2026-09-04,85001,Phoenix,Arizona,2026-09-04,98.0,82.2,Sunny
2026-09-04,85001,Phoenix,Arizona,2026-09-05,96.3,85.7,Overcast
2026-09-04,85001,Phoenix,Arizona,2026-09-06,96.3,84.5,Sunny
2026-09-04,19101,Philadelphia,Pennsylvania,2026-09-04,88.1,72.4,Overcast
2026-09-04,19101,Philadelphia,Pennsylvania,2026-09-05,80.5,69.1,Overcast
2026-09-04,19101,Philadelphia,Pennsylvania,2026-09-06,75.1,62.8,Sunny
2026-09-04,78201,San Antonio,Texas,2026-09-04,90.1,70.6,Patchy rain nearby
2026-09-04,78201,San Antonio,Texas,2026-09-05,87.0,73.4,Sunny
2026-09-04,78201,San Antonio,Texas,2026-09-06,92.1,75.1,Sunny
2026-09-04,92101,San Diego,California,2026-09-04,72.8,61.5,Sunny
2026-09-04,92101,San Diego,California,2026-09-05,75.3,70.0,Sunny
2026-09-04,92101,San Diego,California,2026-09-06,73.9,68.6,Overcast
2026-09-04,75201,Dallas,Texas,2026-09-04,95.4,78.6,Sunny
2026-09-04,75201,Dallas,Texas,2026-09-05,97.9,79.8,Sunny
2026-09-04,75201,Dallas,Texas,2026-09-06,100.3,83.1,Sunny
2026-09-04,95101,San Jose,California,2026-09-04,76.7,54.6,Sunny
2026-09-04,95101,San Jose,California,2026-09-05,78.1,52.3,Sunny
2026-09-04,95101,San Jose,California,2026-09-06,78.4,50.8,Sunny
2026-09-04,78701,Austin,Texas,2026-09-04,86.8,75.5,Sunny
2026-09-04,78701,Austin,Texas,2026-09-05,91.3,75.6,Sunny
2026-09-04,78701,Austin,Texas,2026-09-06,95.1,77.3,Sunny
2026-09-04,30301,Atlanta,Georgia,2026-09-04,96.5,75.6,Sunny
2026-09-04,30301,Atlanta,Georgia,2026-09-05,98.2,77.2,Sunny
2026-09-04,30301,Atlanta,Georgia,2026-09-06,97.7,77.2,Sunny
2026-09-04,28201,Charlotte,North Carolina,2026-09-04,99.1,74.3,Sunny
2026-09-04,28201,Charlotte,North Carolina,2026-09-05,100.3,75.6,Sunny
2026-09-04,28201,Charlotte,North Carolina,2026-09-06,81.9,68.7,Overcast
2026-09-04,80201,Denver,Colorado,2026-09-04,90.4,65.5,Sunny
2026-09-04,80201,Denver,Colorado,2026-09-05,89.2,66.7,Sunny
2026-09-04,80201,Denver,Colorado,2026-09-06,90.7,67.3,Overcast
2026-09-04,37201,Nashville,Tennessee,2026-09-04,100.5,79.7,Sunny
2026-09-04,37201,Nashville,Tennessee,2026-09-05,100.7,79.4,Sunny
2026-09-04,37201,Nashville,Tennessee,2026-09-06,96.2,75.1,Sunny
2026-09-04,97201,Portland,Oregon,2026-09-04,68.8,51.4,Light drizzle
2026-09-04,97201,Portland,Oregon,2026-09-05,74.7,52.2,Overcast
2026-09-04,97201,Portland,Oregon,2026-09-06,76.4,57.1,Overcast
2026-09-04,89101,Las Vegas,Nevada,2026-09-04,86.6,67.8,Sunny
2026-09-04,89101,Las Vegas,Nevada,2026-09-05,89.1,69.9,Sunny
2026-09-04,89101,Las Vegas,Nevada,2026-09-06,85.6,64.7,Sunny
2026-09-04,02101,Boston,Massachusetts,2026-09-04,80.6,64.4,Fog
2026-09-04,02101,Boston,Massachusetts,2026-09-05,68.9,59.4,Sunny
2026-09-04,02101,Boston,Massachusetts,2026-09-06,67.1,56.8,Sunny
2026-09-05,90045,Los Angeles,California,2026-09-05,76.7,59.2,Sunny
2026-09-05,90045,Los Angeles,California,2026-09-06,78.2,69.0,Sunny
2026-09-05,90045,Los Angeles,California,2026-09-07,81.3,72.9,Sunny
2026-09-05,10001,New York,New York,2026-09-05,84.0,65.5,Sunny
2026-09-05,10001,New York,New York,2026-09-06,79.1,64.8,Sunny
2026-09-05,10001,New York,New York,2026-09-07,81.3,64.4,Sunny
2026-09-05,60601,Chicago,Illinois,2026-09-05,75.5,64.4,Moderate rain
2026-09-05,60601,Chicago,Illinois,2026-09-06,71.7,66.6,Sunny
2026-09-05,60601,Chicago,Illinois,2026-09-07,72.2,63.5,Overcast
2026-09-05,98101,Seattle,Washington,2026-09-05,71.2,51.8,Light rain
2026-09-05,98101,Seattle,Washington,2026-09-06,73.5,52.0,Sunny
2026-09-05,98101,Seattle,Washington,2026-09-07,76.0,52.3,Sunny
2026-09-05,33101,Miami,Florida,2026-09-05,89.2,78.3,Heavy rain
2026-09-05,33101,Miami,Florida,2026-09-06,90.9,83.8,Light rain shower
2026-09-05,33101,Miami,Florida,2026-09-07,90.3,79.5,Sunny
2026-09-05,77001,Houston,Texas,2026-09-05,90.5,78.4,Overcast
2026-09-05,77001,Houston,Texas,2026-09-06,97.8,78.8,Sunny
2026-09-05,77001,Houston,Texas,2026-09-07,98.3,79.9,Sunny
2026-09-05,85001,Phoenix,Arizona,2026-09-05,97.2,78.3,Sunny
2026-09-05,85001,Phoenix,Arizona,2026-09-06,98.5,84.8,Overcast
2026-09-05,85001,Phoenix,Arizona,2026-09-07,100.4,86.8,Sunny
2026-09-05,19101,Philadelphia,Pennsylvania,2026-09-05,83.3,69.4,Sunny
2026-09-05,19101,Philadelphia,Pennsylvania,2026-09-06,80.2,64.6,Sunny
2026-09-05,19101,Philadelphia,Pennsylvania,2026-09-07,80.1,64.2,Sunny
2026-09-05,78201,San Antonio,Texas,2026-09-05,92.0,79.2,Patchy rain nearby
2026-09-05,78201,San Antonio,Texas,2026-09-06,95.1,75.3,Sunny
2026-09-05,78201,San Antonio,Texas,2026-09-07,97.0,76.1,Sunny
2026-09-05,92101,San Diego,California,2026-09-05,75.6,62.1,Overcast
2026-09-05,92101,San Diego,California,2026-09-06,79.5,72.6,Overcast
2026-09-05,92101,San Diego,California,2026-09-07,77.9,73.5,Overcast
2026-09-05,75201,Dallas,Texas,2026-09-05,97.3,79.3,Sunny
2026-09-05,75201,Dallas,Texas,2026-09-06,98.6,81.9,Sunny
2026-09-05,75201,Dallas,Texas,2026-09-07,100.2,83.1,Sunny
2026-09-05,95101,San Jose,California,2026-09-05,80.3,53.6,Sunny
2026-09-05,95101,San Jose,California,2026-09-06,77.5,51.6,Sunny
2026-09-05,95101,San Jose,California,2026-09-07,83.7,51.5,Sunny
2026-09-05,78701,Austin,Texas,2026-09-05,95.5,76.5,Sunny
2026-09-05,78701,Austin,Texas,2026-09-06,97.0,77.3,Sunny
2026-09-05,78701,Austin,Texas,2026-09-07,99.7,77.8,Sunny
2026-09-05,30301,Atlanta,Georgia,2026-09-05,100.9,75.0,Patchy rain nearby
2026-09-05,30301,Atlanta,Georgia,2026-09-06,97.1,75.3,Sunny
2026-09-05,30301,Atlanta,Georgia,2026-09-07,81.3,72.6,Patchy rain nearby
2026-09-05,28201,Charlotte,North Carolina,2026-09-05,99.6,75.2,Sunny
2026-09-05,28201,Charlotte,North Carolina,2026-09-06,89.1,72.3,Overcast
2026-09-05,28201,Charlotte,North Carolina,2026-09-07,84.5,68.3,Overcast
2026-09-05,80201,Denver,Colorado,2026-09-05,88.9,67.6,Overcast
2026-09-05,80201,Denver,Colorado,2026-09-06,90.9,66.6,Sunny
2026-09-05,80201,Denver,Colorado,2026-09-07,89.6,66.5,Overcast
2026-09-05,37201,Nashville,Tennessee,2026-09-05,100.9,78.1,Patchy rain nearby
2026-09-05,37201,Nashville,Tennessee,2026-09-06,89.8,74.4,Sunny
2026-09-05,37201,Nashville,Tennessee,2026-09-07,90.2,69.2,Sunny
2026-09-05,97201,Portland,Oregon,2026-09-05,74.5,51.6,Overcast
2026-09-05,97201,Portland,Oregon,2026-09-06,75.5,53.8,Overcast
2026-09-05,97201,Portland,Oregon,2026-09-07,75.8,55.5,Sunny
2026-09-05,89101,Las Vegas,Nevada,2026-09-05,88.8,67.1,Sunny
2026-09-05,89101,Las Vegas,Nevada,2026-09-06,80.7,60.4,Overcast
2026-09-05,89101,Las Vegas,Nevada,2026-09-07,88.4,59.9,Sunny
2026-09-05,02101,Boston,Massachusetts,2026-09-05,70.2,59.9,Sunny
2026-09-05,02101,Boston,Massachusetts,2026-09-06,67.8,57.5,Sunny
2026-09-05,02101,Boston,Massachusetts,2026-09-07,75.6,56.6,Sunny
2026-09-06,90045,Los Angeles,California,2026-09-06,77.9,68.0,Sunny
2026-09-06,90045,Los Angeles,California,2026-09-07,80.0,73.2,Sunny
2026-09-06,90045,Los Angeles,California,2026-09-08,82.1,74.2,Sunny
2026-09-06,10001,New York,New York,2026-09-06,75.2,64.4,Partly Cloudy
2026-09-06,10001,New York,New York,2026-09-07,82.1,65.6,Sunny
2026-09-06,10001,New York,New York,2026-09-08,85.5,67.4,Overcast
2026-09-06,60601,Chicago,Illinois,2026-09-06,74.8,69.5,Sunny
2026-09-06,60601,Chicago,Illinois,2026-09-07,73.6,64.0,Sunny
2026-09-06,60601,Chicago,Illinois,2026-09-08,84.1,65.0,Overcast
2026-09-06,98101,Seattle,Washington,2026-09-06,73.7,52.9,Sunny
2026-09-06,98101,Seattle,Washington,2026-09-07,64.6,51.8,Sunny
2026-09-06,98101,Seattle,Washington,2026-09-08,72.8,53.0,Overcast
2026-09-06,33101,Miami,Florida,2026-09-06,90.7,75.0,Light drizzle
2026-09-06,33101,Miami,Florida,2026-09-07,90.1,74.8,Thundery outbreaks in nearby
2026-09-06,33101,Miami,Florida,2026-09-08,89.3,82.9,Overcast
2026-09-06,77001,Houston,Texas,2026-09-06,96.5,78.6,Patchy rain nearby
2026-09-06,77001,Houston,Texas,2026-09-07,97.7,80.5,Sunny
2026-09-06,77001,Houston,Texas,2026-09-08,97.5,80.3,Sunny
2026-09-06,85001,Phoenix,Arizona,2026-09-06,98.7,80.2,Overcast
2026-09-06,85001,Phoenix,Arizona,2026-09-07,100.8,90.2,Sunny
2026-09-06,85001,Phoenix,Arizona,2026-09-08,102.4,90.3,Sunny
2026-09-06,19101,Philadelphia,Pennsylvania,2026-09-06,77.7,63.5,Sunny
2026-09-06,19101,Philadelphia,Pennsylvania,2026-09-07,80.6,63.1,Sunny
2026-09-06,19101,Philadelphia,Pennsylvania,2026-09-08,82.8,64.1,Overcast
2026-09-06,78201,San Antonio,Texas,2026-09-06,93.2,77.2,Patchy rain nearby
2026-09-06,78201,San Antonio,Texas,2026-09-07,95.7,76.3,Sunny
2026-09-06,78201,San Antonio,Texas,2026-09-08,99.1,75.6,Sunny
2026-09-06,92101,San Diego,California,2026-09-06,79.2,71.6,Overcast
2026-09-06,92101,San Diego,California,2026-09-07,78.3,72.7,Sunny
2026-09-06,92101,San Diego,California,2026-09-08,80.0,74.1,Sunny
2026-09-06,75201,Dallas,Texas,2026-09-06,101.2,78.8,Sunny
2026-09-06,75201,Dallas,Texas,2026-09-07,101.7,84.4,Sunny
2026-09-06,75201,Dallas,Texas,2026-09-08,101.9,83.9,Sunny
2026-09-06,95101,San Jose,California,2026-09-06,79.6,52.9,Sunny
2026-09-06,95101,San Jose,California,2026-09-07,83.6,51.7,Sunny
2026-09-06,95101,San Jose,California,2026-09-08,88.7,58.6,Sunny
2026-09-06,78701,Austin,Texas,2026-09-06,95.1,80.6,Sunny
2026-09-06,78701,Austin,Texas,2026-09-07,97.2,78.3,Sunny
2026-09-06,78701,Austin,Texas,2026-09-08,100.6,77.9,Sunny
2026-09-06,30301,Atlanta,Georgia,2026-09-06,96.7,73.2,Patchy rain nearby
2026-09-06,30301,Atlanta,Georgia,2026-09-07,84.2,72.1,Patchy rain nearby
2026-09-06,30301,Atlanta,Georgia,2026-09-08,88.6,71.1,Sunny
2026-09-06,28201,Charlotte,North Carolina,2026-09-06,89.5,70.2,Sunny
2026-09-06,28201,Charlotte,North Carolina,2026-09-07,85.5,68.1,Overcast
2026-09-06,28201,Charlotte,North Carolina,2026-09-08,85.7,64.9,Sunny
2026-09-06,80201,Denver,Colorado,2026-09-06,90.2,66.8,Overcast
2026-09-06,80201,Denver,Colorado,2026-09-07,88.8,67.3,Overcast
2026-09-06,80201,Denver,Colorado,2026-09-08,85.7,63.4,Sunny
2026-09-06,37201,Nashville,Tennessee,2026-09-06,97.9,76.1,Sunny
2026-09-06,37201,Nashville,Tennessee,2026-09-07,87.4,67.4,Overcast
2026-09-06,37201,Nashville,Tennessee,2026-09-08,91.0,73.6,Sunny
2026-09-06,97201,Portland,Oregon,2026-09-06,73.5,54.7,Overcast
2026-09-06,97201,Portland,Oregon,2026-09-07,73.6,54.8,Sunny
2026-09-06,97201,Portland,Oregon,2026-09-08,76.9,53.5,Overcast
2026-09-06,89101,Las Vegas,Nevada,2026-09-06,79.3,58.8,Overcast
2026-09-06,89101,Las Vegas,Nevada,2026-09-07,86.3,62.1,Sunny
2026-09-06,89101,Las Vegas,Nevada,2026-09-08,91.4,74.3,Sunny
2026-09-06,02101,Boston,Massachusetts,2026-09-06,68.0,59.5,Patchy rain nearby
2026-09-06,02101,Boston,Massachusetts,2026-09-07,78.2,56.5,Sunny
2026-09-06,02101,Boston,Massachusetts,2026-09-08,74.8,63.3,Overcast
2026-09-07,90045,Los Angeles,California,2026-09-07,82.4,68.4,Sunny
2026-09-07,90045,Los Angeles,California,2026-09-08,92.0,77.4,Overcast
2026-09-07,90045,Los Angeles,California,2026-09-09,91.8,77.4,Sunny
2026-09-07,10001,New York,New York,2026-09-07,82.2,58.5,Sunny
2026-09-07,10001,New York,New York,2026-09-08,84.7,66.8,Overcast
2026-09-07,10001,New York,New York,2026-09-09,85.9,70.7,Overcast
2026-09-07,60601,Chicago,Illinois,2026-09-07,73.8,69.0,Overcast
2026-09-07,60601,Chicago,Illinois,2026-09-08,83.4,64.5,Overcast
2026-09-07,60601,Chicago,Illinois,2026-09-09,78.8,68.7,Overcast
2026-09-07,98101,Seattle,Washington,2026-09-07,71.0,54.3,Patchy rain nearby
2026-09-07,98101,Seattle,Washington,2026-09-08,74.1,52.7,Sunny
2026-09-07,98101,Seattle,Washington,2026-09-09,77.3,53.8,Sunny
2026-09-07,33101,Miami,Florida,2026-09-07,91.4,76.6,Patchy rain nearby
2026-09-07,33101,Miami,Florida,2026-09-08,90.0,83.2,Sunny
2026-09-07,33101,Miami,Florida,2026-09-09,89.7,85.3,Thundery outbreaks in nearby
2026-09-07,77001,Houston,Texas,2026-09-07,96.8,76.8,Sunny
2026-09-07,77001,Houston,Texas,2026-09-08,95.9,80.6,Cloudy
2026-09-07,77001,Houston,Texas,2026-09-09,93.7,80.0,Sunny
2026-09-07,85001,Phoenix,Arizona,2026-09-07,101.0,79.9,Sunny
2026-09-07,85001,Phoenix,Arizona,2026-09-08,102.5,91.5,Cloudy
2026-09-07,85001,Phoenix,Arizona,2026-09-09,101.9,89.1,Overcast
2026-09-07,19101,Philadelphia,Pennsylvania,2026-09-07,79.3,62.2,Sunny
2026-09-07,19101,Philadelphia,Pennsylvania,2026-09-08,81.5,62.7,Overcast
2026-09-07,19101,Philadelphia,Pennsylvania,2026-09-09,86.9,67.3,Overcast
2026-09-07,78201,San Antonio,Texas,2026-09-07,94.3,77.0,Patchy rain nearby
2026-09-07,78201,San Antonio,Texas,2026-09-08,97.8,76.4,Sunny
2026-09-07,78201,San Antonio,Texas,2026-09-09,97.1,76.2,Sunny
2026-09-07,92101,San Diego,California,2026-09-07,79.2,73.4,Sunny
2026-09-07,92101,San Diego,California,2026-09-08,80.6,74.7,Sunny
2026-09-07,92101,San Diego,California,2026-09-09,82.0,75.1,Sunny
2026-09-07,75201,Dallas,Texas,2026-09-07,102.2,78.6,Sunny
2026-09-07,75201,Dallas,Texas,2026-09-08,102.6,83.8,Sunny
2026-09-07,75201,Dallas,Texas,2026-09-09,99.8,81.9,Sunny
2026-09-07,95101,San Jose,California,2026-09-07,86.0,51.4,Sunny
2026-09-07,95101,San Jose,California,2026-09-08,91.5,58.5,Overcast
2026-09-07,95101,San Jose,California,2026-09-09,96.2,67.7,Overcast
2026-09-07,78701,Austin,Texas,2026-09-07,96.4,77.9,Patchy rain nearby
2026-09-07,78701,Austin,Texas,2026-09-08,98.4,78.3,Sunny
2026-09-07,78701,Austin,Texas,2026-09-09,96.2,76.6,Sunny
2026-09-07,30301,Atlanta,Georgia,2026-09-07,84.3,72.4,Patchy rain nearby
2026-09-07,30301,Atlanta,Georgia,2026-09-08,88.5,68.5,Sunny
2026-09-07,30301,Atlanta,Georgia,2026-09-09,90.5,71.4,Sunny
2026-09-07,28201,Charlotte,North Carolina,2026-09-07,80.6,66.0,Patchy rain nearby
2026-09-07,28201,Charlotte,North Carolina,2026-09-08,84.0,65.2,Sunny
2026-09-07,28201,Charlotte,North Carolina,2026-09-09,88.4,69.1,Partly Cloudy
2026-09-07,80201,Denver,Colorado,2026-09-07,90.5,66.9,Overcast
2026-09-07,80201,Denver,Colorado,2026-09-08,86.4,64.8,Sunny
2026-09-07,80201,Denver,Colorado,2026-09-09,83.2,57.2,Sunny
2026-09-07,37201,Nashville,Tennessee,2026-09-07,89.3,70.9,Sunny
2026-09-07,37201,Nashville,Tennessee,2026-09-08,91.2,72.7,Sunny
2026-09-07,37201,Nashville,Tennessee,2026-09-09,94.0,74.7,Sunny
2026-09-07,97201,Portland,Oregon,2026-09-07,71.4,52.3,Sunny
2026-09-07,97201,Portland,Oregon,2026-09-08,79.3,52.8,Sunny
2026-09-07,97201,Portland,Oregon,2026-09-09,85.4,55.6,Sunny
2026-09-07,89101,Las Vegas,Nevada,2026-09-07,90.0,66.6,Sunny
2026-09-07,89101,Las Vegas,Nevada,2026-09-08,92.5,76.3,Sunny
2026-09-07,89101,Las Vegas,Nevada,2026-09-09,97.3,81.8,Sunny
2026-09-07,02101,Boston,Massachusetts,2026-09-07,77.5,54.1,Sunny
2026-09-07,02101,Boston,Massachusetts,2026-09-08,78.3,62.2,Overcast
2026-09-07,02101,Boston,Massachusetts,2026-09-09,77.5,62.9,Overcast
2026-09-08,90045,Los Angeles,California,2026-09-08,90.7,70.7,Overcast
2026-09-08,90045,Los Angeles,California,2026-09-09,89.2,76.4,Sunny
2026-09-08,90045,Los Angeles,California,2026-09-10,83.3,75.3,Sunny
2026-09-08,10001,New York,New York,2026-09-08,85.3,59.5,Overcast
2026-09-08,10001,New York,New York,2026-09-09,88.3,70.6,Overcast
2026-09-08,10001,New York,New York,2026-09-10,89.5,71.3,Overcast
2026-09-08,60601,Chicago,Illinois,2026-09-08,82.5,67.3,Overcast
2026-09-08,60601,Chicago,Illinois,2026-09-09,75.8,68.1,Light rain shower
2026-09-08,60601,Chicago,Illinois,2026-09-10,73.4,66.8,Sunny
2026-09-08,98101,Seattle,Washington,2026-09-08,74.3,52.3,Sunny
2026-09-08,98101,Seattle,Washington,2026-09-09,79.8,54.1,Sunny
2026-09-08,98101,Seattle,Washington,2026-09-10,74.1,55.4,Sunny
2026-09-08,33101,Miami,Florida,2026-09-08,90.3,76.3,Light rain
2026-09-08,33101,Miami,Florida,2026-09-09,89.4,84.8,Sunny
2026-09-08,33101,Miami,Florida,2026-09-10,89.0,85.2,Patchy rain nearby
2026-09-08,77001,Houston,Texas,2026-09-08,96.4,78.6,Sunny
2026-09-08,77001,Houston,Texas,2026-09-09,92.3,81.1,Cloudy
2026-09-08,77001,Houston,Texas,2026-09-10,95.7,79.6,Overcast
2026-09-08,85001,Phoenix,Arizona,2026-09-08,102.6,81.9,Sunny
2026-09-08,85001,Phoenix,Arizona,2026-09-09,102.8,89.4,Sunny
2026-09-08,85001,Phoenix,Arizona,2026-09-10,101.6,82.6,Overcast
2026-09-08,19101,Philadelphia,Pennsylvania,2026-09-08,81.9,60.1,Overcast
2026-09-08,19101,Philadelphia,Pennsylvania,2026-09-09,86.6,67.6,Overcast
2026-09-08,19101,Philadelphia,Pennsylvania,2026-09-10,82.4,72.2,Patchy rain nearby
2026-09-08,78201,San Antonio,Texas,2026-09-08,97.7,77.9,Sunny
2026-09-08,78201,San Antonio,Texas,2026-09-09,97.5,76.4,Sunny
2026-09-08,78201,San Antonio,Texas,2026-09-10,97.8,76.1,Sunny
2026-09-08,92101,San Diego,California,2026-09-08,87.1,74.1,Sunny
2026-09-08,92101,San Diego,California,2026-09-09,78.9,74.8,Sunny
2026-09-08,92101,San Diego,California,2026-09-10,76.2,71.9,Sunny
2026-09-08,75201,Dallas,Texas,2026-09-08,102.4,81.0,Sunny
2026-09-08,75201,Dallas,Texas,2026-09-09,100.0,82.6,Sunny
2026-09-08,75201,Dallas,Texas,2026-09-10,101.5,81.8,Sunny
2026-09-08,95101,San Jose,California,2026-09-08,92.1,57.6,Overcast
2026-09-08,95101,San Jose,California,2026-09-09,97.8,69.4,Overcast
2026-09-08,95101,San Jose,California,2026-09-10,97.2,69.3,Sunny
2026-09-08,78701,Austin,Texas,2026-09-08,99.8,80.1,Sunny
2026-09-08,78701,Austin,Texas,2026-09-09,98.7,79.2,Sunny
2026-09-08,78701,Austin,Texas,2026-09-10,97.9,77.8,Patchy rain nearby
2026-09-08,30301,Atlanta,Georgia,2026-09-08,88.5,70.3,Partly Cloudy
2026-09-08,30301,Atlanta,Georgia,2026-09-09,90.9,70.5,Sunny
2026-09-08,30301,Atlanta,Georgia,2026-09-10,92.0,73.6,Overcast
2026-09-08,28201,Charlotte,North Carolina,2026-09-08,86.0,63.5,Sunny
2026-09-08,28201,Charlotte,North Carolina,2026-09-09,89.2,67.8,Sunny
2026-09-08,28201,Charlotte,North Carolina,2026-09-10,92.9,69.7,Sunny
2026-09-08,80201,Denver,Colorado,2026-09-08,86.2,62.2,Sunny
2026-09-08,80201,Denver,Colorado,2026-09-09,82.7,60.2,Sunny
2026-09-08,80201,Denver,Colorado,2026-09-10,90.1,60.7,Sunny
2026-09-08,37201,Nashville,Tennessee,2026-09-08,91.3,72.1,Overcast
2026-09-08,37201,Nashville,Tennessee,2026-09-09,92.5,74.4,Sunny
2026-09-08,37201,Nashville,Tennessee,2026-09-10,94.2,73.9,Sunny
2026-09-08,97201,Portland,Oregon,2026-09-08,80.2,53.4,Sunny
2026-09-08,97201,Portland,Oregon,2026-09-09,85.1,56.1,Sunny
2026-09-08,97201,Portland,Oregon,2026-09-10,78.4,57.7,Overcast
2026-09-08,89101,Las Vegas,Nevada,2026-09-08,95.9,69.8,Sunny
2026-09-08,89101,Las Vegas,Nevada,2026-09-09,100.6,83.7,Sunny
2026-09-08,89101,Las Vegas,Nevada,2026-09-10,98.9,86.6,Sunny
2026-09-08,02101,Boston,Massachusetts,2026-09-08,84.9,59.0,Overcast
2026-09-08,02101,Boston,Massachusetts,2026-09-09,82.0,60.7,Overcast
2026-09-08,02101,Boston,Massachusetts,2026-09-10,83.4,67.6,Overcast
2026-09-09,90045,Los Angeles,California,2026-09-09,93.1,73.9,Sunny
2026-09-09,90045,Los Angeles,California,2026-09-10,82.9,75.0,Sunny
2026-09-09,90045,Los Angeles,California,2026-09-11,78.7,71.7,Sunny
2026-09-09,10001,New York,New York,2026-09-09,88.8,64.6,Overcast
2026-09-09,10001,New York,New York,2026-09-10,86.4,75.6,Overcast
2026-09-09,10001,New York,New York,2026-09-11,81.6,69.8,Overcast
2026-09-09,60601,Chicago,Illinois,2026-09-09,75.7,68.5,Overcast
2026-09-09,60601,Chicago,Illinois,2026-09-10,72.6,67.7,Overcast
2026-09-09,60601,Chicago,Illinois,2026-09-11,74.7,63.7,Sunny
2026-09-09,98101,Seattle,Washington,2026-09-09,77.4,52.9,Overcast
2026-09-09,98101,Seattle,Washington,2026-09-10,66.9,55.3,Overcast
2026-09-09,98101,Seattle,Washington,2026-09-11,65.4,51.7,Overcast
2026-09-09,33101,Miami,Florida,2026-09-09,91.8,77.5,Sunny
2026-09-09,33101,Miami,Florida,2026-09-10,89.0,85.2,Thundery outbreaks in nearby
2026-09-09,33101,Miami,Florida,2026-09-11,89.3,84.8,Patchy rain nearby
2026-09-09,77001,Houston,Texas,2026-09-09,92.9,78.8,Patchy rain nearby
2026-09-09,77001,Houston,Texas,2026-09-10,93.7,79.8,Sunny
2026-09-09,77001,Houston,Texas,2026-09-11,95.5,77.3,Light rain shower
2026-09-09,85001,Phoenix,Arizona,2026-09-09,101.0,82.2,Dust haze
2026-09-09,85001,Phoenix,Arizona,2026-09-10,102.9,87.8,Dust haze
2026-09-09,85001,Phoenix,Arizona,2026-09-11,98.7,85.9,Dust haze
2026-09-09,19101,Philadelphia,Pennsylvania,2026-09-09,87.6,65.7,Overcast
2026-09-09,19101,Philadelphia,Pennsylvania,2026-09-10,75.6,70.1,Overcast
2026-09-09,19101,Philadelphia,Pennsylvania,2026-09-11,80.3,68.3,Overcast
2026-09-09,78201,San Antonio,Texas,2026-09-09,97.0,79.3,Partly Cloudy
2026-09-09,78201,San Antonio,Texas,2026-09-10,95.7,76.6,Partly Cloudy
2026-09-09,78201,San Antonio,Texas,2026-09-11,99.1,76.8,Sunny
2026-09-09,92101,San Diego,California,2026-09-09,82.2,74.1,Sunny
2026-09-09,92101,San Diego,California,2026-09-10,75.6,71.7,Sunny
2026-09-09,92101,San Diego,California,2026-09-11,73.1,70.7,Sunny
2026-09-09,75201,Dallas,Texas,2026-09-09,99.6,81.1,Sunny
2026-09-09,75201,Dallas,Texas,2026-09-10,99.1,81.7,Sunny
2026-09-09,75201,Dallas,Texas,2026-09-11,98.7,79.9,Overcast
2026-09-09,95101,San Jose,California,2026-09-09,98.3,63.9,Overcast
2026-09-09,95101,San Jose,California,2026-09-10,96.4,70.0,Overcast
2026-09-09,95101,San Jose,California,2026-09-11,90.1,60.3,Sunny
2026-09-09,78701,Austin,Texas,2026-09-09,97.3,80.8,Patchy rain nearby
2026-09-09,78701,Austin,Texas,2026-09-10,97.4,76.8,Sunny
2026-09-09,78701,Austin,Texas,2026-09-11,98.8,75.9,Sunny
2026-09-09,30301,Atlanta,Georgia,2026-09-09,90.6,66.7,Sunny
2026-09-09,30301,Atlanta,Georgia,2026-09-10,93.9,73.1,Sunny
2026-09-09,30301,Atlanta,Georgia,2026-09-11,90.1,74.8,Overcast
2026-09-09,28201,Charlotte,North Carolina,2026-09-09,89.9,64.9,Sunny
2026-09-09,28201,Charlotte,North Carolina,2026-09-10,93.3,70.1,Sunny
2026-09-09,28201,Charlotte,North Carolina,2026-09-11,96.7,73.7,Overcast
2026-09-09,80201,Denver,Colorado,2026-09-09,80.4,60.4,Sunny
2026-09-09,80201,Denver,Colorado,2026-09-10,87.0,61.6,Sunny
2026-09-09,80201,Denver,Colorado,2026-09-11,83.2,65.0,Overcast
2026-09-09,37201,Nashville,Tennessee,2026-09-09,91.1,75.0,Sunny
2026-09-09,37201,Nashville,Tennessee,2026-09-10,95.4,72.9,Sunny
2026-09-09,37201,Nashville,Tennessee,2026-09-11,87.2,70.2,Light rain shower
2026-09-09,97201,Portland,Oregon,2026-09-09,85.1,55.2,Sunny
2026-09-09,97201,Portland,Oregon,2026-09-10,76.0,56.9,Overcast
2026-09-09,97201,Portland,Oregon,2026-09-11,67.8,51.5,Overcast
2026-09-09,89101,Las Vegas,Nevada,2026-09-09,98.6,76.5,Sunny
2026-09-09,89101,Las Vegas,Nevada,2026-09-10,99.4,87.1,Sunny
2026-09-09,89101,Las Vegas,Nevada,2026-09-11,95.2,79.2,Sunny
2026-09-09,02101,Boston,Massachusetts,2026-09-09,80.5,58.1,Overcast
2026-09-09,02101,Boston,Massachusetts,2026-09-10,84.7,70.4,Overcast
2026-09-09,02101,Boston,Massachusetts,2026-09-11,74.2,61.8,Sunny
2026-09-10,90045,Los Angeles,California,2026-09-10,84.4,72.3,Sunny
2026-09-10,90045,Los Angeles,California,2026-09-11,79.7,72.5,Sunny
2026-09-10,90045,Los Angeles,California,2026-09-12,77.9,69.5,Sunny
2026-09-10,10001,New York,New York,2026-09-10,89.4,69.6,Overcast
2026-09-10,10001,New York,New York,2026-09-11,79.7,70.1,Overcast
2026-09-10,10001,New York,New York,2026-09-12,77.9,65.0,Sunny
2026-09-10,60601,Chicago,Illinois,2026-09-10,73.8,64.2,Overcast
2026-09-10,60601,Chicago,Illinois,2026-09-11,74.6,64.2,Sunny
2026-09-10,60601,Chicago,Illinois,2026-09-12,82.8,65.2,Sunny
2026-09-10,98101,Seattle,Washington,2026-09-10,67.4,57.0,Overcast
2026-09-10,98101,Seattle,Washington,2026-09-11,65.7,54.6,Overcast
2026-09-10,98101,Seattle,Washington,2026-09-12,70.6,53.9,Overcast
2026-09-10,33101,Miami,Florida,2026-09-10,89.3,78.3,Moderate rain
2026-09-10,33101,Miami,Florida,2026-09-11,89.2,83.1,Overcast
2026-09-10,33101,Miami,Florida,2026-09-12,89.1,84.5,Patchy rain nearby
2026-09-10,77001,Houston,Texas,2026-09-10,93.7,78.1,Sunny
2026-09-10,77001,Houston,Texas,2026-09-11,96.8,72.3,Sunny
2026-09-10,77001,Houston,Texas,2026-09-12,81.5,75.7,Light rain shower
2026-09-10,85001,Phoenix,Arizona,2026-09-10,103.4,84.0,Dust haze
2026-09-10,85001,Phoenix,Arizona,2026-09-11,101.0,86.9,Dust haze
2026-09-10,85001,Phoenix,Arizona,2026-09-12,98.2,84.9,Patchy rain nearby
2026-09-10,19101,Philadelphia,Pennsylvania,2026-09-10,85.6,71.4,Patchy rain nearby
2026-09-10,19101,Philadelphia,Pennsylvania,2026-09-11,77.2,66.8,Overcast
2026-09-10,19101,Philadelphia,Pennsylvania,2026-09-12,81.0,62.1,Overcast
2026-09-10,78201,San Antonio,Texas,2026-09-10,95.8,76.8,Patchy rain nearby
2026-09-10,78201,San Antonio,Texas,2026-09-11,97.3,75.1,Sunny
2026-09-10,78201,San Antonio,Texas,2026-09-12,94.0,76.1,Sunny
2026-09-10,92101,San Diego,California,2026-09-10,79.7,70.5,Sunny
2026-09-10,92101,San Diego,California,2026-09-11,73.8,71.3,Sunny
2026-09-10,92101,San Diego,California,2026-09-12,71.6,69.5,Patchy rain nearby
2026-09-10,75201,Dallas,Texas,2026-09-10,97.1,78.6,Sunny
2026-09-10,75201,Dallas,Texas,2026-09-11,93.8,78.3,Overcast
2026-09-10,75201,Dallas,Texas,2026-09-12,95.6,76.0,Sunny
2026-09-10,95101,San Jose,California,2026-09-10,97.0,68.4,Sunny
2026-09-10,95101,San Jose,California,2026-09-11,88.5,58.4,Sunny
2026-09-10,95101,San Jose,California,2026-09-12,76.6,53.1,Sunny
2026-09-10,78701,Austin,Texas,2026-09-10,96.7,78.6,Sunny
2026-09-10,78701,Austin,Texas,2026-09-11,97.7,76.6,Overcast
2026-09-10,78701,Austin,Texas,2026-09-12,90.9,75.7,Sunny
2026-09-10,30301,Atlanta,Georgia,2026-09-10,90.8,70.5,Sunny
2026-09-10,30301,Atlanta,Georgia,2026-09-11,90.9,74.4,Patchy rain nearby
2026-09-10,30301,Atlanta,Georgia,2026-09-12,89.4,72.9,Patchy rain nearby
2026-09-10,28201,Charlotte,North Carolina,2026-09-10,93.6,68.7,Sunny
2026-09-10,28201,Charlotte,North Carolina,2026-09-11,96.2,73.8,Sunny
2026-09-10,28201,Charlotte,North Carolina,2026-09-12,85.5,69.9,Patchy rain nearby
2026-09-10,80201,Denver,Colorado,2026-09-10,86.9,61.4,Sunny
2026-09-10,80201,Denver,Colorado,2026-09-11,89.0,62.9,Sunny
2026-09-10,80201,Denver,Colorado,2026-09-12,79.6,59.9,Sunny
2026-09-10,37201,Nashville,Tennessee,2026-09-10,94.1,75.9,Sunny
2026-09-10,37201,Nashville,Tennessee,2026-09-11,87.9,71.7,Overcast
2026-09-10,37201,Nashville,Tennessee,2026-09-12,92.0,72.0,Overcast
2026-09-10,97201,Portland,Oregon,2026-09-10,77.3,56.8,Overcast
2026-09-10,97201,Portland,Oregon,2026-09-11,69.1,52.2,Overcast
2026-09-10,97201,Portland,Oregon,2026-09-12,66.6,55.4,Patchy rain nearby
2026-09-10,89101,Las Vegas,Nevada,2026-09-10,99.3,77.5,Sunny
2026-09-10,89101,Las Vegas,Nevada,2026-09-11,96.7,82.1,Sunny
2026-09-10,89101,Las Vegas,Nevada,2026-09-12,92.4,78.9,Sunny
2026-09-10,02101,Boston,Massachusetts,2026-09-10,87.2,69.3,Light drizzle
2026-09-10,02101,Boston,Massachusetts,2026-09-11,74.7,62.3,Overcast
2026-09-10,02101,Boston,Massachusetts,2026-09-12,76.5,56.7,Sunny
2026-09-11,90045,Los Angeles,California,2026-09-11,80.4,68.5,Sunny
2026-09-11,90045,Los Angeles,California,2026-09-12,79.7,71.2,Sunny
2026-09-11,90045,Los Angeles,California,2026-09-13,76.0,68.8,Sunny
2026-09-11,10001,New York,New York,2026-09-11,83.2,66.0,Overcast
2026-09-11,10001,New York,New York,2026-09-12,79.1,67.8,Overcast
2026-09-11,10001,New York,New York,2026-09-13,82.9,71.1,Patchy rain nearby
2026-09-11,60601,Chicago,Illinois,2026-09-11,74.1,64.2,Sunny
2026-09-11,60601,Chicago,Illinois,2026-09-12,83.2,66.8,Sunny
2026-09-11,60601,Chicago,Illinois,2026-09-13,77.0,65.9,Overcast
2026-09-11,98101,Seattle,Washington,2026-09-11,66.6,52.9,Overcast
2026-09-11,98101,Seattle,Washington,2026-09-12,66.7,54.4,Overcast
2026-09-11,98101,Seattle,Washington,2026-09-13,67.4,52.2,Overcast
2026-09-11,33101,Miami,Florida,2026-09-11,88.7,77.5,Patchy rain nearby
2026-09-11,33101,Miami,Florida,2026-09-12,89.1,85.1,Patchy rain nearby
2026-09-11,33101,Miami,Florida,2026-09-13,89.0,84.6,Sunny
2026-09-11,77001,Houston,Texas,2026-09-11,94.3,76.8,Sunny
2026-09-11,77001,Houston,Texas,2026-09-12,92.5,79.0,Overcast
2026-09-11,77001,Houston,Texas,2026-09-13,96.5,80.1,Sunny
2026-09-11,85001,Phoenix,Arizona,2026-09-11,100.5,84.6,Dust haze
2026-09-11,85001,Phoenix,Arizona,2026-09-12,98.5,85.7,Sunny
2026-09-11,85001,Phoenix,Arizona,2026-09-13,100.5,84.1,Sunny
2026-09-11,19101,Philadelphia,Pennsylvania,2026-09-11,81.5,70.3,Overcast
2026-09-11,19101,Philadelphia,Pennsylvania,2026-09-12,83.6,66.6,Overcast
2026-09-11,19101,Philadelphia,Pennsylvania,2026-09-13,83.4,70.7,Patchy rain nearby
2026-09-11,78201,San Antonio,Texas,2026-09-11,97.5,78.3,Overcast
2026-09-11,78201,San Antonio,Texas,2026-09-12,97.8,75.8,Sunny
2026-09-11,78201,San Antonio,Texas,2026-09-13,97.5,76.5,Sunny
2026-09-11,92101,San Diego,California,2026-09-11,74.6,68.9,Sunny
2026-09-11,92101,San Diego,California,2026-09-12,73.0,69.7,Sunny
2026-09-11,92101,San Diego,California,2026-09-13,72.2,68.9,Sunny
2026-09-11,75201,Dallas,Texas,2026-09-11,96.8,79.9,Patchy rain nearby
2026-09-11,75201,Dallas,Texas,2026-09-12,100.1,78.5,Sunny
2026-09-11,75201,Dallas,Texas,2026-09-13,99.3,80.2,Sunny
2026-09-11,95101,San Jose,California,2026-09-11,89.3,58.1,Sunny
2026-09-11,95101,San Jose,California,2026-09-12,81.6,54.5,Sunny
2026-09-11,95101,San Jose,California,2026-09-13,76.2,52.0,Sunny
2026-09-11,78701,Austin,Texas,2026-09-11,98.1,80.1,Overcast
2026-09-11,78701,Austin,Texas,2026-09-12,99.7,76.8,Sunny
2026-09-11,78701,Austin,Texas,2026-09-13,99.3,76.8,Sunny
2026-09-11,30301,Atlanta,Georgia,2026-09-11,90.9,73.2,Sunny
2026-09-11,30301,Atlanta,Georgia,2026-09-12,84.9,69.8,Light rain shower
2026-09-11,30301,Atlanta,Georgia,2026-09-13,90.3,73.7,Sunny
2026-09-11,28201,Charlotte,North Carolina,2026-09-11,95.3,73.0,Overcast
2026-09-11,28201,Charlotte,North Carolina,2026-09-12,90.9,74.3,Patchy rain nearby
2026-09-11,28201,Charlotte,North Carolina,2026-09-13,92.0,72.3,Overcast
2026-09-11,80201,Denver,Colorado,2026-09-11,89.2,61.7,Sunny
2026-09-11,80201,Denver,Colorado,2026-09-12,76.4,57.0,Sunny
2026-09-11,80201,Denver,Colorado,2026-09-13,91.6,62.1,Sunny
2026-09-11,37201,Nashville,Tennessee,2026-09-11,92.9,74.1,Heavy rain
2026-09-11,37201,Nashville,Tennessee,2026-09-12,90.0,71.8,Overcast
2026-09-11,37201,Nashville,Tennessee,2026-09-13,97.0,75.7,Sunny
2026-09-11,97201,Portland,Oregon,2026-09-11,71.3,51.1,Overcast
2026-09-11,97201,Portland,Oregon,2026-09-12,63.9,54.4,Patchy rain nearby
2026-09-11,97201,Portland,Oregon,2026-09-13,67.5,52.3,Sunny
2026-09-11,89101,Las Vegas,Nevada,2026-09-11,95.6,82.8,Sunny
2026-09-11,89101,Las Vegas,Nevada,2026-09-12,92.9,78.8,Sunny
2026-09-11,89101,Las Vegas,Nevada,2026-09-13,90.3,74.9,Sunny
2026-09-11,02101,Boston,Massachusetts,2026-09-11,76.6,59.9,Sunny
2026-09-11,02101,Boston,Massachusetts,2026-09-12,78.1,58.2,Sunny
2026-09-11,02101,Boston,Massachusetts,2026-09-13,71.7,61.9,Mist
2026-09-12,90045,Los Angeles,California,2026-09-12,78.9,67.6,Sunny
2026-09-12,90045,Los Angeles,California,2026-09-13,75.8,69.6,Sunny
2026-09-12,90045,Los Angeles,California,2026-09-14,76.9,69.8,Sunny
2026-09-12,10001,New York,New York,2026-09-12,79.1,61.9,Overcast
2026-09-12,10001,New York,New York,2026-09-13,85.9,71.6,Moderate or heavy rain shower
2026-09-12,10001,New York,New York,2026-09-14,76.4,66.6,Sunny
2026-09-12,60601,Chicago,Illinois,2026-09-12,83.8,67.3,Sunny
2026-09-12,60601,Chicago,Illinois,2026-09-13,72.4,63.7,Overcast
2026-09-12,60601,Chicago,Illinois,2026-09-14,70.2,59.5,Sunny
2026-09-12,98101,Seattle,Washington,2026-09-12,71.4,52.0,Overcast
2026-09-12,98101,Seattle,Washington,2026-09-13,60.0,52.0,Patchy rain nearby
2026-09-12,98101,Seattle,Washington,2026-09-14,67.9,53.7,Overcast
2026-09-12,33101,Miami,Florida,2026-09-12,88.7,79.2,Sunny
2026-09-12,33101,Miami,Florida,2026-09-13,88.9,82.8,Overcast
2026-09-12,33101,Miami,Florida,2026-09-14,88.7,83.9,Patchy rain nearby
2026-09-12,77001,Houston,Texas,2026-09-12,94.5,77.9,Sunny
2026-09-12,77001,Houston,Texas,2026-09-13,92.1,79.6,Sunny
2026-09-12,77001,Houston,Texas,2026-09-14,95.3,79.5,Sunny
2026-09-12,85001,Phoenix,Arizona,2026-09-12,97.8,77.2,Sunny
2026-09-12,85001,Phoenix,Arizona,2026-09-13,98.7,85.3,Sunny
2026-09-12,85001,Phoenix,Arizona,2026-09-14,99.4,79.8,Sunny
2026-09-12,19101,Philadelphia,Pennsylvania,2026-09-12,85.3,63.0,Overcast
2026-09-12,19101,Philadelphia,Pennsylvania,2026-09-13,83.9,70.7,Sunny
2026-09-12,19101,Philadelphia,Pennsylvania,2026-09-14,74.4,62.8,Sunny
2026-09-12,78201,San Antonio,Texas,2026-09-12,98.5,77.2,Patchy rain nearby
2026-09-12,78201,San Antonio,Texas,2026-09-13,98.6,76.6,Sunny
2026-09-12,78201,San Antonio,Texas,2026-09-14,98.2,76.5,Sunny
2026-09-12,92101,San Diego,California,2026-09-12,75.1,67.6,Fog
2026-09-12,92101,San Diego,California,2026-09-13,73.7,70.0,Sunny
2026-09-12,92101,San Diego,California,2026-09-14,72.7,69.2,Sunny
2026-09-12,75201,Dallas,Texas,2026-09-12,101.4,77.5,Sunny
2026-09-12,75201,Dallas,Texas,2026-09-13,100.9,82.0,Sunny
2026-09-12,75201,Dallas,Texas,2026-09-14,100.1,81.5,Sunny
2026-09-12,95101,San Jose,California,2026-09-12,84.1,55.8,Sunny
2026-09-12,95101,San Jose,California,2026-09-13,76.2,52.7,Sunny
2026-09-12,95101,San Jose,California,2026-09-14,82.9,53.7,Sunny
2026-09-12,78701,Austin,Texas,2026-09-12,101.0,79.2,Patchy rain nearby
2026-09-12,78701,Austin,Texas,2026-09-13,100.3,78.1,Sunny
2026-09-12,78701,Austin,Texas,2026-09-14,101.3,76.2,Sunny
2026-09-12,30301,Atlanta,Georgia,2026-09-12,82.4,73.0,Patchy rain nearby
2026-09-12,30301,Atlanta,Georgia,2026-09-13,93.5,74.7,Sunny
2026-09-12,30301,Atlanta,Georgia,2026-09-14,95.5,77.8,Sunny
2026-09-12,28201,Charlotte,North Carolina,2026-09-12,83.3,73.0,Patchy rain nearby
2026-09-12,28201,Charlotte,North Carolina,2026-09-13,94.3,71.3,Overcast
2026-09-12,28201,Charlotte,North Carolina,2026-09-14,96.4,76.3,Overcast
2026-09-12,80201,Denver,Colorado,2026-09-12,83.1,55.2,Sunny
2026-09-12,80201,Denver,Colorado,2026-09-13,93.4,61.9,Sunny
2026-09-12,80201,Denver,Colorado,2026-09-14,87.3,63.9,Overcast
2026-09-12,37201,Nashville,Tennessee,2026-09-12,91.0,74.7,Sunny
2026-09-12,37201,Nashville,Tennessee,2026-09-13,94.6,75.4,Sunny
2026-09-12,37201,Nashville,Tennessee,2026-09-14,95.3,76.7,Sunny
2026-09-12,97201,Portland,Oregon,2026-09-12,68.9,52.0,Overcast
2026-09-12,97201,Portland,Oregon,2026-09-13,64.7,52.6,Patchy rain nearby
2026-09-12,97201,Portland,Oregon,2026-09-14,70.7,51.6,Sunny
2026-09-12,89101,Las Vegas,Nevada,2026-09-12,93.5,80.4,Sunny
2026-09-12,89101,Las Vegas,Nevada,2026-09-13,91.8,77.6,Sunny
2026-09-12,89101,Las Vegas,Nevada,2026-09-14,91.6,75.5,Sunny
2026-09-12,02101,Boston,Massachusetts,2026-09-12,76.0,52.7,Sunny
2026-09-12,02101,Boston,Massachusetts,2026-09-13,67.3,63.7,Patchy rain nearby
2026-09-12,02101,Boston,Massachusetts,2026-09-14,70.4,59.6,Sunny
2026-09-13,90045,Los Angeles,California,2026-09-13,76.1,69.5,Sunny
2026-09-13,90045,Los Angeles,California,2026-09-14,78.7,70.0,Sunny
2026-09-13,90045,Los Angeles,California,2026-09-15,76.1,67.8,Sunny
2026-09-13,10001,New York,New York,2026-09-13,82.5,70.4,Light rain shower
2026-09-13,10001,New York,New York,2026-09-14,77.1,65.3,Sunny
2026-09-13,10001,New York,New York,2026-09-15,73.3,59.3,Sunny
2026-09-13,60601,Chicago,Illinois,2026-09-13,72.9,63.3,Overcast
2026-09-13,60601,Chicago,Illinois,2026-09-14,68.5,58.5,Sunny
2026-09-13,60601,Chicago,Illinois,2026-09-15,81.9,63.1,Light rain shower
2026-09-13,98101,Seattle,Washington,2026-09-13,62.8,53.0,Light rain
2026-09-13,98101,Seattle,Washington,2026-09-14,66.4,52.8,Patchy rain nearby
2026-09-13,98101,Seattle,Washington,2026-09-15,68.8,50.2,Sunny
2026-09-13,33101,Miami,Florida,2026-09-13,89.6,81.0,Overcast
2026-09-13,33101,Miami,Florida,2026-09-14,89.3,83.9,Overcast
2026-09-13,33101,Miami,Florida,2026-09-15,88.7,84.4,Overcast
2026-09-13,77001,Houston,Texas,2026-09-13,96.9,80.1,Sunny
2026-09-13,77001,Houston,Texas,2026-09-14,96.2,79.9,Sunny
2026-09-13,77001,Houston,Texas,2026-09-15,97.3,80.7,Sunny
2026-09-13,85001,Phoenix,Arizona,2026-09-13,96.7,85.5,Light rain shower
2026-09-13,85001,Phoenix,Arizona,2026-09-14,96.7,81.6,Sunny
2026-09-13,85001,Phoenix,Arizona,2026-09-15,94.7,81.2,Patchy rain nearby
2026-09-13,19101,Philadelphia,Pennsylvania,2026-09-13,80.4,69.1,Light rain shower
2026-09-13,19101,Philadelphia,Pennsylvania,2026-09-14,75.5,63.3,Sunny
2026-09-13,19101,Philadelphia,Pennsylvania,2026-09-15,78.0,57.7,Sunny
2026-09-13,78201,San Antonio,Texas,2026-09-13,99.2,76.1,Sunny
2026-09-13,78201,San Antonio,Texas,2026-09-14,98.9,75.9,Sunny
2026-09-13,78201,San Antonio,Texas,2026-09-15,99.0,76.8,Sunny
2026-09-13,92101,San Diego,California,2026-09-13,73.5,70.6,Sunny
2026-09-13,92101,San Diego,California,2026-09-14,72.6,69.6,Sunny
2026-09-13,92101,San Diego,California,2026-09-15,72.1,68.2,Sunny
2026-09-13,75201,Dallas,Texas,2026-09-13,101.1,83.4,Sunny
2026-09-13,75201,Dallas,Texas,2026-09-14,100.8,83.1,Sunny
2026-09-13,75201,Dallas,Texas,2026-09-15,101.6,82.3,Sunny
2026-09-13,95101,San Jose,California,2026-09-13,75.8,53.2,Sunny
2026-09-13,95101,San Jose,California,2026-09-14,83.0,53.7,Sunny
2026-09-13,95101,San Jose,California,2026-09-15,86.6,52.9,Sunny
2026-09-13,78701,Austin,Texas,2026-09-13,100.5,77.1,Sunny
2026-09-13,78701,Austin,Texas,2026-09-14,101.1,77.0,Sunny
2026-09-13,78701,Austin,Texas,2026-09-15,101.2,77.6,Sunny
2026-09-13,30301,Atlanta,Georgia,2026-09-13,92.6,72.7,Sunny
2026-09-13,30301,Atlanta,Georgia,2026-09-14,95.6,75.4,Sunny
2026-09-13,30301,Atlanta,Georgia,2026-09-15,87.1,73.3,Sunny
2026-09-13,28201,Charlotte,North Carolina,2026-09-13,93.1,70.8,Sunny
2026-09-13,28201,Charlotte,North Carolina,2026-09-14,92.7,74.3,Overcast
2026-09-13,28201,Charlotte,North Carolina,2026-09-15,83.2,64.5,Partly Cloudy
2026-09-13,80201,Denver,Colorado,2026-09-13,91.9,62.5,Sunny
2026-09-13,80201,Denver,Colorado,2026-09-14,83.1,65.0,Overcast
2026-09-13,80201,Denver,Colorado,2026-09-15,80.1,53.3,Sunny
2026-09-13,37201,Nashville,Tennessee,2026-09-13,92.3,74.3,Sunny
2026-09-13,37201,Nashville,Tennessee,2026-09-14,90.0,73.2,Smoky haze
2026-09-13,37201,Nashville,Tennessee,2026-09-15,96.4,77.5,Sunny
2026-09-13,97201,Portland,Oregon,2026-09-13,65.4,50.8,Patchy rain nearby
2026-09-13,97201,Portland,Oregon,2026-09-14,72.3,51.4,Sunny
2026-09-13,97201,Portland,Oregon,2026-09-15,73.5,51.3,Sunny
2026-09-13,89101,Las Vegas,Nevada,2026-09-13,91.9,78.5,Sunny
2026-09-13,89101,Las Vegas,Nevada,2026-09-14,93.1,76.0,Sunny
2026-09-13,89101,Las Vegas,Nevada,2026-09-15,90.8,73.1,Sunny
2026-09-13,02101,Boston,Massachusetts,2026-09-13,66.3,62.3,Fog
2026-09-13,02101,Boston,Massachusetts,2026-09-14,71.0,60.2,Sunny
2026-09-13,02101,Boston,Massachusetts,2026-09-15,64.5,56.0,Sunny
2026-09-14,90045,Los Angeles,California,2026-09-14,79.2,70.0,Sunny
2026-09-14,90045,Los Angeles,California,2026-09-15,75.7,67.6,Sunny
2026-09-14,90045,Los Angeles,California,2026-09-16,74.3,67.2,Sunny
2026-09-14,10001,New York,New York,2026-09-14,76.9,65.5,Sunny
2026-09-14,10001,New York,New York,2026-09-15,72.5,59.6,Overcast
2026-09-14,10001,New York,New York,2026-09-16,79.1,64.8,Partly Cloudy
2026-09-14,60601,Chicago,Illinois,2026-09-14,71.2,61.2,Sunny
2026-09-14,60601,Chicago,Illinois,2026-09-15,78.5,62.8,Patchy rain nearby
2026-09-14,60601,Chicago,Illinois,2026-09-16,68.6,62.2,Light rain shower
2026-09-14,98101,Seattle,Washington,2026-09-14,66.9,51.3,Patchy rain nearby
2026-09-14,98101,Seattle,Washington,2026-09-15,69.6,51.6,Sunny
2026-09-14,98101,Seattle,Washington,2026-09-16,75.3,52.4,Sunny
2026-09-14,33101,Miami,Florida,2026-09-14,88.9,83.9,Sunny
2026-09-14,33101,Miami,Florida,2026-09-15,88.9,84.1,Sunny
2026-09-14,33101,Miami,Florida,2026-09-16,88.4,82.6,Patchy rain nearby
2026-09-14,77001,Houston,Texas,2026-09-14,95.1,80.2,Sunny
2026-09-14,77001,Houston,Texas,2026-09-15,96.0,80.5,Sunny
2026-09-14,77001,Houston,Texas,2026-09-16,93.0,80.5,Overcast
2026-09-14,85001,Phoenix,Arizona,2026-09-14,99.7,85.7,Patchy rain nearby
2026-09-14,85001,Phoenix,Arizona,2026-09-15,97.2,80.5,Sunny
2026-09-14,85001,Phoenix,Arizona,2026-09-16,93.3,86.2,Overcast
2026-09-14,19101,Philadelphia,Pennsylvania,2026-09-14,74.8,62.1,Sunny
2026-09-14,19101,Philadelphia,Pennsylvania,2026-09-15,77.7,57.1,Sunny
2026-09-14,19101,Philadelphia,Pennsylvania,2026-09-16,81.3,62.3,Sunny
2026-09-14,78201,San Antonio,Texas,2026-09-14,99.5,76.2,Sunny
2026-09-14,78201,San Antonio,Texas,2026-09-15,98.9,75.8,Sunny
2026-09-14,78201,San Antonio,Texas,2026-09-16,97.9,75.2,Sunny
2026-09-14,92101,San Diego,California,2026-09-14,72.2,69.4,Sunny
2026-09-14,92101,San Diego,California,2026-09-15,72.3,68.2,Sunny
2026-09-14,92101,San Diego,California,2026-09-16,72.0,68.1,Sunny
2026-09-14,75201,Dallas,Texas,2026-09-14,100.5,82.0,Sunny
2026-09-14,75201,Dallas,Texas,2026-09-15,100.9,81.3,Sunny
2026-09-14,75201,Dallas,Texas,2026-09-16,99.4,81.7,Sunny
2026-09-14,95101,San Jose,California,2026-09-14,82.4,53.6,Sunny
2026-09-14,95101,San Jose,California,2026-09-15,88.9,52.4,Sunny
2026-09-14,95101,San Jose,California,2026-09-16,82.7,52.3,Sunny
2026-09-14,78701,Austin,Texas,2026-09-14,100.1,77.9,Sunny
2026-09-14,78701,Austin,Texas,2026-09-15,101.4,77.1,Sunny
2026-09-14,78701,Austin,Texas,2026-09-16,98.1,77.6,Overcast
2026-09-14,30301,Atlanta,Georgia,2026-09-14,95.1,75.5,Sunny
2026-09-14,30301,Atlanta,Georgia,2026-09-15,88.8,74.4,Sunny
2026-09-14,30301,Atlanta,Georgia,2026-09-16,91.7,72.2,Sunny
2026-09-14,28201,Charlotte,North Carolina,2026-09-14,92.2,75.8,Sunny
2026-09-14,28201,Charlotte,North Carolina,2026-09-15,83.7,66.0,Overcast
2026-09-14,28201,Charlotte,North Carolina,2026-09-16,87.1,66.7,Sunny
2026-09-14,80201,Denver,Colorado,2026-09-14,83.9,68.0,Patchy rain nearby
2026-09-14,80201,Denver,Colorado,2026-09-15,72.2,55.3,Overcast
2026-09-14,80201,Denver,Colorado,2026-09-16,84.0,53.7,Sunny
2026-09-14,37201,Nashville,Tennessee,2026-09-14,87.3,71.2,Sunny
2026-09-14,37201,Nashville,Tennessee,2026-09-15,95.5,75.8,Sunny
2026-09-14,37201,Nashville,Tennessee,2026-09-16,95.7,76.8,Sunny
2026-09-14,97201,Portland,Oregon,2026-09-14,70.1,51.1,Sunny
2026-09-14,97201,Portland,Oregon,2026-09-15,71.9,51.2,Sunny
2026-09-14,97201,Portland,Oregon,2026-09-16,83.5,53.4,Sunny
2026-09-14,89101,Las Vegas,Nevada,2026-09-14,91.9,75.5,Sunny
2026-09-14,89101,Las Vegas,Nevada,2026-09-15,90.4,72.1,Sunny
2026-09-14,89101,Las Vegas,Nevada,2026-09-16,91.5,71.8,Sunny
2026-09-14,02101,Boston,Massachusetts,2026-09-14,71.3,60.0,Sunny
2026-09-14,02101,Boston,Massachusetts,2026-09-15,65.2,55.2,Sunny
2026-09-14,02101,Boston,Massachusetts,2026-09-16,77.0,55.3,Sunny
2026-09-15,90045,Los Angeles,California,2026-09-15,75.6,67.2,Sunny
2026-09-15,90045,Los Angeles,California,2026-09-16,73.7,66.7,Sunny
2026-09-15,90045,Los Angeles,California,2026-09-17,71.9,65.1,Sunny
2026-09-15,10001,New York,New York,2026-09-15,73.5,60.3,Sunny
2026-09-15,10001,New York,New York,2026-09-16,79.4,64.1,Overcast
2026-09-15,10001,New York,New York,2026-09-17,82.4,68.4,Sunny
2026-09-15,60601,Chicago,Illinois,2026-09-15,80.7,63.5,Light rain shower
2026-09-15,60601,Chicago,Illinois,2026-09-16,70.5,65.1,Light rain shower
2026-09-15,60601,Chicago,Illinois,2026-09-17,72.4,67.1,Light rain shower
2026-09-15,98101,Seattle,Washington,2026-09-15,65.4,52.8,Overcast
2026-09-15,98101,Seattle,Washington,2026-09-16,74.0,51.3,Sunny
2026-09-15,98101,Seattle,Washington,2026-09-17,76.8,53.9,Sunny
2026-09-15,33101,Miami,Florida,2026-09-15,88.7,83.9,Sunny
2026-09-15,33101,Miami,Florida,2026-09-16,87.3,81.8,Patchy rain nearby
2026-09-15,33101,Miami,Florida,2026-09-17,87.7,82.5,Patchy rain nearby
2026-09-15,77001,Houston,Texas,2026-09-15,97.2,80.9,Sunny
2026-09-15,77001,Houston,Texas,2026-09-16,93.7,80.7,Overcast
2026-09-15,77001,Houston,Texas,2026-09-17,91.9,79.5,Overcast
2026-09-15,85001,Phoenix,Arizona,2026-09-15,96.2,82.4,Patchy rain nearby
2026-09-15,85001,Phoenix,Arizona,2026-09-16,90.4,73.6,Overcast
2026-09-15,85001,Phoenix,Arizona,2026-09-17,94.1,78.7,Patchy rain nearby
2026-09-15,19101,Philadelphia,Pennsylvania,2026-09-15,78.3,57.5,Sunny
2026-09-15,19101,Philadelphia,Pennsylvania,2026-09-16,80.3,61.6,Sunny
2026-09-15,19101,Philadelphia,Pennsylvania,2026-09-17,84.6,65.9,Sunny
2026-09-15,78201,San Antonio,Texas,2026-09-15,97.9,75.3,Sunny
2026-09-15,78201,San Antonio,Texas,2026-09-16,98.3,75.2,Sunny
2026-09-15,78201,San Antonio,Texas,2026-09-17,93.3,75.4,Sunny
2026-09-15,92101,San Diego,California,2026-09-15,72.1,68.8,Sunny
2026-09-15,92101,San Diego,California,2026-09-16,71.9,68.2,Sunny
2026-09-15,92101,San Diego,California,2026-09-17,71.9,68.0,Sunny
2026-09-15,75201,Dallas,Texas,2026-09-15,101.1,81.6,Sunny
2026-09-15,75201,Dallas,Texas,2026-09-16,98.5,82.4,Sunny
2026-09-15,75201,Dallas,Texas,2026-09-17,98.3,82.1,Sunny
2026-09-15,95101,San Jose,California,2026-09-15,85.9,52.1,Sunny
2026-09-15,95101,San Jose,California,2026-09-16,82.2,51.8,Sunny
2026-09-15,95101,San Jose,California,2026-09-17,77.9,51.0,Sunny
2026-09-15,78701,Austin,Texas,2026-09-15,99.8,76.7,Sunny
2026-09-15,78701,Austin,Texas,2026-09-16,99.5,77.1,Sunny
2026-09-15,78701,Austin,Texas,2026-09-17,95.0,78.3,Overcast
2026-09-15,30301,Atlanta,Georgia,2026-09-15,92.4,75.0,Sunny
2026-09-15,30301,Atlanta,Georgia,2026-09-16,91.3,73.1,Sunny
2026-09-15,30301,Atlanta,Georgia,2026-09-17,90.3,72.4,Sunny
2026-09-15,28201,Charlotte,North Carolina,2026-09-15,84.8,66.8,Sunny
2026-09-15,28201,Charlotte,North Carolina,2026-09-16,86.6,66.3,Sunny
2026-09-15,28201,Charlotte,North Carolina,2026-09-17,87.8,66.5,Sunny
2026-09-15,80201,Denver,Colorado,2026-09-15,76.3,53.4,Sunny
2026-09-15,80201,Denver,Colorado,2026-09-16,82.1,57.0,Overcast
2026-09-15,80201,Denver,Colorado,2026-09-17,84.8,62.6,Overcast
2026-09-15,37201,Nashville,Tennessee,2026-09-15,96.3,75.9,Sunny
2026-09-15,37201,Nashville,Tennessee,2026-09-16,97.7,77.7,Sunny
2026-09-15,37201,Nashville,Tennessee,2026-09-17,97.7,79.6,Sunny
2026-09-15,97201,Portland,Oregon,2026-09-15,64.6,52.4,Overcast
2026-09-15,97201,Portland,Oregon,2026-09-16,81.1,53.2,Sunny
2026-09-15,97201,Portland,Oregon,2026-09-17,81.0,56.4,Sunny
2026-09-15,89101,Las Vegas,Nevada,2026-09-15,91.0,73.0,Sunny
2026-09-15,89101,Las Vegas,Nevada,2026-09-16,89.6,71.7,Sunny
2026-09-15,89101,Las Vegas,Nevada,2026-09-17,89.3,71.0,Sunny
2026-09-15,02101,Boston,Massachusetts,2026-09-15,64.5,55.4,Sunny
2026-09-15,02101,Boston,Massachusetts,2026-09-16,77.7,53.8,Overcast
2026-09-15,02101,Boston,Massachusetts,2026-09-17,80.2,63.6,Overcast
2026-09-16,90045,Los Angeles,California,2026-09-16,72.9,66.1,Sunny
2026-09-16,90045,Los Angeles,California,2026-09-17,71.9,65.2,Sunny
2026-09-16,90045,Los Angeles,California,2026-09-18,73.6,66.3,Sunny
2026-09-16,10001,New York,New York,2026-09-16,79.0,64.4,Overcast
2026-09-16,10001,New York,New York,2026-09-17,83.4,70.0,Overcast
2026-09-16,10001,New York,New York,2026-09-18,84.7,72.7,Overcast
2026-09-16,60601,Chicago,Illinois,2026-09-16,69.6,62.9,Patchy rain nearby
2026-09-16,60601,Chicago,Illinois,2026-09-17,73.2,66.1,Patchy rain nearby
2026-09-16,60601,Chicago,Illinois,2026-09-18,76.5,65.7,Patchy rain nearby
2026-09-16,98101,Seattle,Washington,2026-09-16,74.5,50.8,Sunny
2026-09-16,98101,Seattle,Washington,2026-09-17,76.0,53.2,Sunny
2026-09-16,98101,Seattle,Washington,2026-09-18,72.1,52.6,Sunny
2026-09-16,33101,Miami,Florida,2026-09-16,88.8,83.6,Patchy rain nearby
2026-09-16,33101,Miami,Florida,2026-09-17,87.6,83.2,Patchy rain nearby
2026-09-16,33101,Miami,Florida,2026-09-18,84.8,79.8,Light rain shower
2026-09-16,77001,Houston,Texas,2026-09-16,93.9,80.2,Overcast
2026-09-16,77001,Houston,Texas,2026-09-17,89.6,79.5,Overcast
2026-09-16,77001,Houston,Texas,2026-09-18,92.5,78.7,Sunny
2026-09-16,85001,Phoenix,Arizona,2026-09-16,88.2,72.5,Light rain shower
2026-09-16,85001,Phoenix,Arizona,2026-09-17,89.5,73.3,Patchy rain nearby
2026-09-16,85001,Phoenix,Arizona,2026-09-18,96.1,83.9,Sunny
2026-09-16,19101,Philadelphia,Pennsylvania,2026-09-16,82.1,62.0,Sunny
2026-09-16,19101,Philadelphia,Pennsylvania,2026-09-17,86.4,66.6,Sunny
2026-09-16,19101,Philadelphia,Pennsylvania,2026-09-18,83.4,69.9,Sunny
2026-09-16,78201,San Antonio,Texas,2026-09-16,97.9,75.0,Sunny
2026-09-16,78201,San Antonio,Texas,2026-09-17,93.6,76.1,Overcast
2026-09-16,78201,San Antonio,Texas,2026-09-18,95.7,75.0,Sunny
2026-09-16,92101,San Diego,California,2026-09-16,71.2,67.7,Sunny
2026-09-16,92101,San Diego,California,2026-09-17,71.5,67.3,Sunny
2026-09-16,92101,San Diego,California,2026-09-18,72.3,67.5,Sunny
2026-09-16,75201,Dallas,Texas,2026-09-16,97.2,83.8,Sunny
2026-09-16,75201,Dallas,Texas,2026-09-17,99.0,81.8,Overcast
2026-09-16,75201,Dallas,Texas,2026-09-18,98.8,82.1,Sunny
2026-09-16,95101,San Jose,California,2026-09-16,79.4,51.4,Sunny
2026-09-16,95101,San Jose,California,2026-09-17,77.8,52.2,Sunny
2026-09-16,95101,San Jose,California,2026-09-18,83.1,55.7,Sunny
2026-09-16,78701,Austin,Texas,2026-09-16,98.9,76.9,Sunny
2026-09-16,78701,Austin,Texas,2026-09-17,93.6,78.2,Overcast
2026-09-16,78701,Austin,Texas,2026-09-18,96.9,75.8,Sunny
2026-09-16,30301,Atlanta,Georgia,2026-09-16,91.7,71.6,Sunny
2026-09-16,30301,Atlanta,Georgia,2026-09-17,92.4,71.6,Sunny
2026-09-16,30301,Atlanta,Georgia,2026-09-18,92.9,70.4,Patchy rain nearby
2026-09-16,28201,Charlotte,North Carolina,2026-09-16,86.6,66.2,Sunny
2026-09-16,28201,Charlotte,North Carolina,2026-09-17,90.9,69.5,Sunny
2026-09-16,28201,Charlotte,North Carolina,2026-09-18,93.7,71.5,Sunny
2026-09-16,80201,Denver,Colorado,2026-09-16,85.6,58.3,Overcast
2026-09-16,80201,Denver,Colorado,2026-09-17,81.7,61.9,Overcast
2026-09-16,80201,Denver,Colorado,2026-09-18,82.6,61.1,Overcast
2026-09-16,37201,Nashville,Tennessee,2026-09-16,96.2,76.8,Sunny
2026-09-16,37201,Nashville,Tennessee,2026-09-17,97.1,79.6,Sunny
2026-09-16,37201,Nashville,Tennessee,2026-09-18,98.6,79.4,Sunny
2026-09-16,97201,Portland,Oregon,2026-09-16,80.5,52.9,Sunny
2026-09-16,97201,Portland,Oregon,2026-09-17,81.0,56.5,Sunny
2026-09-16,97201,Portland,Oregon,2026-09-18,74.2,54.8,Sunny
2026-09-16,89101,Las Vegas,Nevada,2026-09-16,88.4,71.7,Sunny
2026-09-16,89101,Las Vegas,Nevada,2026-09-17,87.2,68.3,Sunny
2026-09-16,89101,Las Vegas,Nevada,2026-09-18,88.4,71.4,Sunny
2026-09-16,02101,Boston,Massachusetts,2026-09-16,77.8,55.3,Overcast
2026-09-16,02101,Boston,Massachusetts,2026-09-17,71.9,63.8,Overcast
2026-09-16,02101,Boston,Massachusetts,2026-09-18,74.7,61.4,Overcast
2026-09-17,90045,Los Angeles,California,2026-09-17,72.3,66.0,Sunny
2026-09-17,90045,Los Angeles,California,2026-09-18,73.7,66.0,Sunny
2026-09-17,90045,Los Angeles,California,2026-09-19,75.9,67.2,Sunny
2026-09-17,10001,New York,New York,2026-09-17,82.4,70.3,Sunny
2026-09-17,10001,New York,New York,2026-09-18,84.8,69.3,Overcast
2026-09-17,10001,New York,New York,2026-09-19,68.1,59.5,Overcast
2026-09-17,60601,Chicago,Illinois,2026-09-17,70.4,66.7,Light rain shower
2026-09-17,60601,Chicago,Illinois,2026-09-18,72.4,65.2,Sunny
2026-09-17,60601,Chicago,Illinois,2026-09-19,81.7,64.8,Patchy rain nearby
2026-09-17,98101,Seattle,Washington,2026-09-17,76.3,53.8,Sunny
2026-09-17,98101,Seattle,Washington,2026-09-18,73.8,53.0,Sunny
2026-09-17,98101,Seattle,Washington,2026-09-19,74.1,52.5,Overcast
2026-09-17,33101,Miami,Florida,2026-09-17,86.8,81.8,Patchy rain nearby
2026-09-17,33101,Miami,Florida,2026-09-18,88.2,82.8,Patchy rain nearby
2026-09-17,33101,Miami,Florida,2026-09-19,88.0,83.0,Overcast
2026-09-17,77001,Houston,Texas,2026-09-17,90.5,79.8,Overcast
2026-09-17,77001,Houston,Texas,2026-09-18,93.1,80.1,Sunny
2026-09-17,77001,Houston,Texas,2026-09-19,94.1,79.0,Sunny
2026-09-17,85001,Phoenix,Arizona,2026-09-17,91.0,75.3,Overcast
2026-09-17,85001,Phoenix,Arizona,2026-09-18,96.5,84.4,Sunny
2026-09-17,85001,Phoenix,Arizona,2026-09-19,97.2,85.5,Sunny
2026-09-17,19101,Philadelphia,Pennsylvania,2026-09-17,86.6,67.6,Sunny
2026-09-17,19101,Philadelphia,Pennsylvania,2026-09-18,83.3,68.9,Overcast
2026-09-17,19101,Philadelphia,Pennsylvania,2026-09-19,71.2,61.3,Overcast
2026-09-17,78201,San Antonio,Texas,2026-09-17,91.5,76.0,Overcast
2026-09-17,78201,San Antonio,Texas,2026-09-18,92.1,75.5,Overcast
2026-09-17,78201,San Antonio,Texas,2026-09-19,95.8,72.0,Sunny
2026-09-17,92101,San Diego,California,2026-09-17,71.3,67.5,Sunny
2026-09-17,92101,San Diego,California,2026-09-18,72.1,67.6,Sunny
2026-09-17,92101,San Diego,California,2026-09-19,72.2,68.1,Sunny
2026-09-17,75201,Dallas,Texas,2026-09-17,95.8,83.0,Overcast
2026-09-17,75201,Dallas,Texas,2026-09-18,99.3,81.8,Sunny
2026-09-17,75201,Dallas,Texas,2026-09-19,98.5,80.6,Sunny
2026-09-17,95101,San Jose,California,2026-09-17,78.1,51.8,Sunny
2026-09-17,95101,San Jose,California,2026-09-18,82.9,55.0,Sunny
2026-09-17,95101,San Jose,California,2026-09-19,85.8,55.1,Sunny
2026-09-17,78701,Austin,Texas,2026-09-17,93.8,79.0,Overcast
2026-09-17,78701,Austin,Texas,2026-09-18,95.4,76.4,Sunny
2026-09-17,78701,Austin,Texas,2026-09-19,97.2,72.9,Sunny
2026-09-17,30301,Atlanta,Georgia,2026-09-17,91.6,70.9,Sunny
2026-09-17,30301,Atlanta,Georgia,2026-09-18,93.9,73.3,Partly Cloudy
2026-09-17,30301,Atlanta,Georgia,2026-09-19,89.2,71.7,Light rain shower
2026-09-17,28201,Charlotte,North Carolina,2026-09-17,91.6,70.3,Sunny
2026-09-17,28201,Charlotte,North Carolina,2026-09-18,88.6,73.4,Patchy rain nearby
2026-09-17,28201,Charlotte,North Carolina,2026-09-19,78.6,68.7,Light rain shower
2026-09-17,80201,Denver,Colorado,2026-09-17,85.2,65.0,Overcast
2026-09-17,80201,Denver,Colorado,2026-09-18,82.0,59.7,Overcast
2026-09-17,80201,Denver,Colorado,2026-09-19,81.6,57.6,Sunny
2026-09-17,37201,Nashville,Tennessee,2026-09-17,97.0,79.5,Sunny
2026-09-17,37201,Nashville,Tennessee,2026-09-18,97.5,77.9,Sunny
2026-09-17,37201,Nashville,Tennessee,2026-09-19,95.1,79.2,Sunny
2026-09-17,97201,Portland,Oregon,2026-09-17,81.8,56.5,Sunny
2026-09-17,97201,Portland,Oregon,2026-09-18,74.8,55.3,Sunny
2026-09-17,97201,Portland,Oregon,2026-09-19,78.7,53.0,Partly Cloudy
2026-09-17,89101,Las Vegas,Nevada,2026-09-17,85.3,67.6,Sunny
2026-09-17,89101,Las Vegas,Nevada,2026-09-18,88.9,71.3,Sunny
2026-09-17,89101,Las Vegas,Nevada,2026-09-19,87.2,71.7,Sunny
2026-09-17,02101,Boston,Massachusetts,2026-09-17,77.8,63.8,Sunny
2026-09-17,02101,Boston,Massachusetts,2026-09-18,77.4,60.5,Overcast
2026-09-17,02101,Boston,Massachusetts,2026-09-19,59.3,54.0,Overcast
2026-09-18,90045,Los Angeles,California,2026-09-18,72.9,65.8,Sunny
2026-09-18,90045,Los Angeles,California,2026-09-19,76.3,67.2,Sunny
2026-09-18,90045,Los Angeles,California,2026-09-20,75.1,67.1,Sunny
2026-09-18,10001,New York,New York,2026-09-18,83.1,70.6,Sunny
2026-09-18,10001,New York,New York,2026-09-19,71.7,61.9,Overcast
2026-09-18,10001,New York,New York,2026-09-20,68.1,63.8,Light rain shower
2026-09-18,60601,Chicago,Illinois,2026-09-18,67.5,64.1,Overcast
2026-09-18,60601,Chicago,Illinois,2026-09-19,70.4,59.6,Light rain shower
2026-09-18,60601,Chicago,Illinois,2026-09-20,70.4,59.7,Light rain shower
2026-09-18,98101,Seattle,Washington,2026-09-18,74.4,53.3,Sunny
2026-09-18,98101,Seattle,Washington,2026-09-19,75.7,52.6,Sunny
2026-09-18,98101,Seattle,Washington,2026-09-20,75.3,52.5,Sunny
2026-09-18,33101,Miami,Florida,2026-09-18,87.4,76.7,Patchy rain nearby
2026-09-18,33101,Miami,Florida,2026-09-19,85.5,80.3,Overcast
2026-09-18,33101,Miami,Florida,2026-09-20,88.8,81.6,Light rain shower
2026-09-18,77001,Houston,Texas,2026-09-18,92.4,78.7,Sunny
2026-09-18,77001,Houston,Texas,2026-09-19,92.9,78.8,Sunny
2026-09-18,77001,Houston,Texas,2026-09-20,95.3,79.0,Sunny
2026-09-18,85001,Phoenix,Arizona,2026-09-18,95.1,83.2,Sunny
2026-09-18,85001,Phoenix,Arizona,2026-09-19,96.8,85.2,Sunny
2026-09-18,85001,Phoenix,Arizona,2026-09-20,95.5,83.9,Sunny
2026-09-18,19101,Philadelphia,Pennsylvania,2026-09-18,82.6,67.9,Sunny
2026-09-18,19101,Philadelphia,Pennsylvania,2026-09-19,74.3,62.5,Overcast
2026-09-18,19101,Philadelphia,Pennsylvania,2026-09-20,73.3,61.7,Light rain shower
2026-09-18,78201,San Antonio,Texas,2026-09-18,96.5,75.5,Sunny
2026-09-18,78201,San Antonio,Texas,2026-09-19,96.4,73.2,Sunny
2026-09-18,78201,San Antonio,Texas,2026-09-20,96.2,72.4,Sunny
2026-09-18,92101,San Diego,California,2026-09-18,71.4,67.9,Sunny
2026-09-18,92101,San Diego,California,2026-09-19,72.2,67.6,Sunny
2026-09-18,92101,San Diego,California,2026-09-20,72.1,68.5,Sunny
2026-09-18,75201,Dallas,Texas,2026-09-18,99.4,82.6,Sunny
2026-09-18,75201,Dallas,Texas,2026-09-19,98.3,79.4,Sunny
2026-09-18,75201,Dallas,Texas,2026-09-20,98.0,79.0,Overcast
2026-09-18,95101,San Jose,California,2026-09-18,80.9,54.5,Sunny
2026-09-18,95101,San Jose,California,2026-09-19,86.4,54.2,Sunny
2026-09-18,95101,San Jose,California,2026-09-20,77.0,53.1,Sunny
2026-09-18,78701,Austin,Texas,2026-09-18,97.9,76.5,Sunny
2026-09-18,78701,Austin,Texas,2026-09-19,98.3,73.6,Sunny
2026-09-18,78701,Austin,Texas,2026-09-20,97.1,72.7,Overcast
2026-09-18,30301,Atlanta,Georgia,2026-09-18,97.1,75.9,Sunny
2026-09-18,30301,Atlanta,Georgia,2026-09-19,91.4,71.5,Patchy rain nearby
2026-09-18,30301,Atlanta,Georgia,2026-09-20,85.5,70.0,Overcast
2026-09-18,28201,Charlotte,North Carolina,2026-09-18,93.1,71.5,Patchy rain nearby
2026-09-18,28201,Charlotte,North Carolina,2026-09-19,85.7,69.9,Patchy rain nearby
2026-09-18,28201,Charlotte,North Carolina,2026-09-20,82.7,68.4,Patchy rain nearby
2026-09-18,80201,Denver,Colorado,2026-09-18,80.2,60.4,Overcast
2026-09-18,80201,Denver,Colorado,2026-09-19,78.5,57.4,Sunny
2026-09-18,80201,Denver,Colorado,2026-09-20,74.1,54.0,Sunny
2026-09-18,37201,Nashville,Tennessee,2026-09-18,98.1,79.0,Sunny
2026-09-18,37201,Nashville,Tennessee,2026-09-19,93.8,76.8,Sunny
2026-09-18,37201,Nashville,Tennessee,2026-09-20,95.6,73.2,Sunny
2026-09-18,97201,Portland,Oregon,2026-09-18,75.2,55.2,Sunny
2026-09-18,97201,Portland,Oregon,2026-09-19,77.6,53.6,Sunny
2026-09-18,97201,Portland,Oregon,2026-09-20,80.7,53.9,Sunny
2026-09-18,89101,Las Vegas,Nevada,2026-09-18,87.5,71.7,Sunny
2026-09-18,89101,Las Vegas,Nevada,2026-09-19,86.0,71.1,Sunny
2026-09-18,89101,Las Vegas,Nevada,2026-09-20,88.2,73.2,Sunny
2026-09-18,02101,Boston,Massachusetts,2026-09-18,75.7,62.5,Overcast
2026-09-18,02101,Boston,Massachusetts,2026-09-19,61.0,52.2,Sunny
2026-09-18,02101,Boston,Massachusetts,2026-09-20,59.0,50.1,Light rain shower
2026-09-19,90045,Los Angeles,California,2026-09-19,76.0,67.6,Sunny
2026-09-19,90045,Los Angeles,California,2026-09-20,73.7,67.6,Overcast
2026-09-19,90045,Los Angeles,California,2026-09-21,73.2,66.4,Sunny
2026-09-19,10001,New York,New York,2026-09-19,71.2,61.0,Sunny
2026-09-19,10001,New York,New York,2026-09-20,68.6,64.3,Light rain shower
2026-09-19,10001,New York,New York,2026-09-21,66.2,60.0,Patchy rain nearby
2026-09-19,60601,Chicago,Illinois,2026-09-19,67.1,59.4,Patchy rain nearby
2026-09-19,60601,Chicago,Illinois,2026-09-20,66.1,60.7,Light rain shower
2026-09-19,60601,Chicago,Illinois,2026-09-21,60.3,57.2,Light rain shower
2026-09-19,98101,Seattle,Washington,2026-09-19,75.3,53.0,Overcast
2026-09-19,98101,Seattle,Washington,2026-09-20,75.8,52.7,Sunny
2026-09-19,98101,Seattle,Washington,2026-09-21,72.9,51.2,Sunny
2026-09-19,33101,Miami,Florida,2026-09-19,87.6,79.9,Overcast
2026-09-19,33101,Miami,Florida,2026-09-20,88.7,80.9,Overcast
2026-09-19,33101,Miami,Florida,2026-09-21,89.2,82.7,Overcast
2026-09-19,77001,Houston,Texas,2026-09-19,92.6,78.4,Sunny
2026-09-19,77001,Houston,Texas,2026-09-20,95.9,79.4,Sunny
2026-09-19,77001,Houston,Texas,2026-09-21,96.1,80.4,Sunny
2026-09-19,85001,Phoenix,Arizona,2026-09-19,97.1,85.1,Sunny
2026-09-19,85001,Phoenix,Arizona,2026-09-20,95.9,83.8,Sunny
2026-09-19,85001,Phoenix,Arizona,2026-09-21,96.0,84.5,Sunny
2026-09-19,19101,Philadelphia,Pennsylvania,2026-09-19,75.9,60.7,Sunny
2026-09-19,19101,Philadelphia,Pennsylvania,2026-09-20,75.1,63.6,Overcast
2026-09-19,19101,Philadelphia,Pennsylvania,2026-09-21,73.0,61.0,Patchy rain nearby
2026-09-19,78201,San Antonio,Texas,2026-09-19,96.5,74.1,Sunny
2026-09-19,78201,San Antonio,Texas,2026-09-20,96.6,74.4,Overcast
2026-09-19,78201,San Antonio,Texas,2026-09-21,97.5,75.2,Sunny
2026-09-19,92101,San Diego,California,2026-09-19,72.7,68.2,Sunny
2026-09-19,92101,San Diego,California,2026-09-20,71.9,68.6,Overcast
2026-09-19,92101,San Diego,California,2026-09-21,70.4,67.6,Partly Cloudy
2026-09-19,75201,Dallas,Texas,2026-09-19,98.8,79.8,Sunny
2026-09-19,75201,Dallas,Texas,2026-09-20,98.1,79.1,Overcast
2026-09-19,75201,Dallas,Texas,2026-09-21,96.8,79.0,Overcast
2026-09-19,95101,San Jose,California,2026-09-19,85.3,54.6,Sunny
2026-09-19,95101,San Jose,California,2026-09-20,80.6,56.5,Overcast
2026-09-19,95101,San Jose,California,2026-09-21,86.3,52.5,Sunny
2026-09-19,78701,Austin,Texas,2026-09-19,98.3,74.2,Sunny
2026-09-19,78701,Austin,Texas,2026-09-20,98.7,74.5,Overcast
2026-09-19,78701,Austin,Texas,2026-09-21,98.8,76.4,Sunny
2026-09-19,30301,Atlanta,Georgia,2026-09-19,92.4,73.2,Sunny
2026-09-19,30301,Atlanta,Georgia,2026-09-20,91.0,72.0,Light rain shower
2026-09-19,30301,Atlanta,Georgia,2026-09-21,91.3,72.9,Overcast
2026-09-19,28201,Charlotte,North Carolina,2026-09-19,83.8,69.8,Patchy rain nearby
2026-09-19,28201,Charlotte,North Carolina,2026-09-20,86.7,69.7,Patchy rain nearby
2026-09-19,28201,Charlotte,North Carolina,2026-09-21,91.4,68.3,Sunny
2026-09-19,80201,Denver,Colorado,2026-09-19,81.5,59.4,Sunny
2026-09-19,80201,Denver,Colorado,2026-09-20,68.9,56.7,Sunny
2026-09-19,80201,Denver,Colorado,2026-09-21,76.5,52.9,Sunny
2026-09-19,37201,Nashville,Tennessee,2026-09-19,99.4,79.8,Sunny
2026-09-19,37201,Nashville,Tennessee,2026-09-20,95.1,78.0,Overcast
2026-09-19,37201,Nashville,Tennessee,2026-09-21,97.0,74.8,Overcast
2026-09-19,97201,Portland,Oregon,2026-09-19,78.3,54.3,Sunny
2026-09-19,97201,Portland,Oregon,2026-09-20,80.3,54.1,Sunny
2026-09-19,97201,Portland,Oregon,2026-09-21,77.0,52.5,Sunny
2026-09-19,89101,Las Vegas,Nevada,2026-09-19,86.0,71.4,Sunny
2026-09-19,89101,Las Vegas,Nevada,2026-09-20,89.7,74.0,Overcast
2026-09-19,89101,Las Vegas,Nevada,2026-09-21,86.6,74.4,Overcast
2026-09-19,02101,Boston,Massachusetts,2026-09-19,62.4,52.0,Sunny
2026-09-19,02101,Boston,Massachusetts,2026-09-20,63.2,50.0,Overcast
2026-09-19,02101,Boston,Massachusetts,2026-09-21,60.6,56.8,Light rain shower
2026-09-20,90045,Los Angeles,California,2026-09-20,74.5,67.7,Overcast
2026-09-20,90045,Los Angeles,California,2026-09-21,72.5,66.5,Overcast
2026-09-20,90045,Los Angeles,California,2026-09-22,72.8,65.8,Sunny
2026-09-20,10001,New York,New York,2026-09-20,69.5,65.4,Light drizzle
2026-09-20,10001,New York,New York,2026-09-21,72.8,60.2,Overcast
2026-09-20,10001,New York,New York,2026-09-22,65.2,55.5,Light rain shower
2026-09-20,60601,Chicago,Illinois,2026-09-20,69.1,62.7,Light rain shower
2026-09-20,60601,Chicago,Illinois,2026-09-21,62.2,59.1,Overcast
2026-09-20,60601,Chicago,Illinois,2026-09-22,62.3,57.2,Overcast
2026-09-20,98101,Seattle,Washington,2026-09-20,75.0,53.0,Sunny
2026-09-20,98101,Seattle,Washington,2026-09-21,73.7,52.5,Sunny
2026-09-20,98101,Seattle,Washington,2026-09-22,68.6,52.9,Overcast
2026-09-20,33101,Miami,Florida,2026-09-20,89.5,82.9,Light rain shower
2026-09-20,33101,Miami,Florida,2026-09-21,89.0,82.1,Overcast
2026-09-20,33101,Miami,Florida,2026-09-22,88.1,82.3,Sunny
2026-09-20,77001,Houston,Texas,2026-09-20,95.3,78.7,Sunny
2026-09-20,77001,Houston,Texas,2026-09-21,96.8,80.2,Sunny
2026-09-20,77001,Houston,Texas,2026-09-22,96.8,80.3,Sunny
2026-09-20,85001,Phoenix,Arizona,2026-09-20,95.6,83.9,Overcast
2026-09-20,85001,Phoenix,Arizona,2026-09-21,95.4,84.8,Overcast
2026-09-20,85001,Phoenix,Arizona,2026-09-22,94.7,82.4,Sunny
2026-09-20,19101,Philadelphia,Pennsylvania,2026-09-20,77.7,65.6,Overcast
2026-09-20,19101,Philadelphia,Pennsylvania,2026-09-21,69.4,62.9,Overcast
2026-09-20,19101,Philadelphia,Pennsylvania,2026-09-22,62.5,55.2,Light rain shower
2026-09-20,78201,San Antonio,Texas,2026-09-20,95.6,73.9,Overcast
2026-09-20,78201,San Antonio,Texas,2026-09-21,96.2,75.3,Sunny
2026-09-20,78201,San Antonio,Texas,2026-09-22,96.6,75.1,Sunny
2026-09-20,92101,San Diego,California,2026-09-20,72.1,68.5,Overcast
2026-09-20,92101,San Diego,California,2026-09-21,70.4,67.5,Sunny
2026-09-20,92101,San Diego,California,2026-09-22,71.9,67.7,Sunny
2026-09-20,75201,Dallas,Texas,2026-09-20,99.2,79.4,Overcast
2026-09-20,75201,Dallas,Texas,2026-09-21,96.7,73.7,Patchy rain nearby
2026-09-20,75201,Dallas,Texas,2026-09-22,95.7,76.9,Sunny
2026-09-20,95101,San Jose,California,2026-09-20,78.6,55.3,Overcast
2026-09-20,95101,San Jose,California,2026-09-21,86.2,53.1,Sunny
2026-09-20,95101,San Jose,California,2026-09-22,86.5,53.4,Sunny
2026-09-20,78701,Austin,Texas,2026-09-20,98.3,75.2,Overcast
2026-09-20,78701,Austin,Texas,2026-09-21,99.0,76.2,Sunny
2026-09-20,78701,Austin,Texas,2026-09-22,98.1,76.7,Sunny
2026-09-20,30301,Atlanta,Georgia,2026-09-20,91.5,72.3,Sunny
2026-09-20,30301,Atlanta,Georgia,2026-09-21,93.3,72.7,Patchy rain nearby
2026-09-20,30301,Atlanta,Georgia,2026-09-22,87.3,66.4,Light rain shower
2026-09-20,28201,Charlotte,North Carolina,2026-09-20,87.6,71.0,Partly Cloudy
2026-09-20,28201,Charlotte,North Carolina,2026-09-21,93.7,68.3,Sunny
2026-09-20,28201,Charlotte,North Carolina,2026-09-22,82.8,66.1,Light rain shower
2026-09-20,80201,Denver,Colorado,2026-09-20,72.8,55.4,Sunny
2026-09-20,80201,Denver,Colorado,2026-09-21,77.1,53.8,Sunny
2026-09-20,80201,Denver,Colorado,2026-09-22,81.8,56.2,Sunny
2026-09-20,37201,Nashville,Tennessee,2026-09-20,95.7,78.4,Overcast
2026-09-20,37201,Nashville,Tennessee,2026-09-21,91.5,72.0,Overcast
2026-09-20,37201,Nashville,Tennessee,2026-09-22,87.2,71.0,Overcast
2026-09-20,97201,Portland,Oregon,2026-09-20,80.3,53.7,Sunny
2026-09-20,97201,Portland,Oregon,2026-09-21,76.2,54.2,Sunny
2026-09-20,97201,Portland,Oregon,2026-09-22,70.7,53.0,Sunny
2026-09-20,89101,Las Vegas,Nevada,2026-09-20,87.1,73.8,Overcast
2026-09-20,89101,Las Vegas,Nevada,2026-09-21,86.8,74.5,Sunny
2026-09-20,89101,Las Vegas,Nevada,2026-09-22,85.0,72.1,Sunny
2026-09-20,02101,Boston,Massachusetts,2026-09-20,61.9,51.2,Overcast
2026-09-20,02101,Boston,Massachusetts,2026-09-21,62.2,56.0,Overcast
2026-09-20,02101,Boston,Massachusetts,2026-09-22,58.5,56.1,Overcast
2026-09-21,90045,Los Angeles,California,2026-09-21,73.2,65.8,Sunny
2026-09-21,90045,Los Angeles,California,2026-09-22,73.3,65.4,Sunny
2026-09-21,90045,Los Angeles,California,2026-09-23,75.7,67.4,Sunny
2026-09-21,10001,New York,New York,2026-09-21,69.8,60.8,Overcast
2026-09-21,10001,New York,New York,2026-09-22,65.3,54.1,Light rain shower
2026-09-21,10001,New York,New York,2026-09-23,62.0,52.5,Light rain shower
2026-09-21,60601,Chicago,Illinois,2026-09-21,63.7,58.5,Overcast
2026-09-21,60601,Chicago,Illinois,2026-09-22,63.0,57.1,Sunny
2026-09-21,60601,Chicago,Illinois,2026-09-23,64.0,56.4,Sunny
2026-09-21,98101,Seattle,Washington,2026-09-21,73.4,52.4,Sunny
2026-09-21,98101,Seattle,Washington,2026-09-22,68.2,54.9,Overcast
2026-09-21,98101,Seattle,Washington,2026-09-23,70.5,49.7,Partly Cloudy
2026-09-21,33101,Miami,Florida,2026-09-21,88.9,82.2,Overcast
2026-09-21,33101,Miami,Florida,2026-09-22,87.5,81.2,Overcast
2026-09-21,33101,Miami,Florida,2026-09-23,88.2,82.0,Overcast
2026-09-21,77001,Houston,Texas,2026-09-21,96.2,80.1,Sunny
2026-09-21,77001,Houston,Texas,2026-09-22,94.8,78.8,Patchy rain nearby
2026-09-21,77001,Houston,Texas,2026-09-23,96.0,80.4,Sunny
2026-09-21,85001,Phoenix,Arizona,2026-09-21,95.9,85.2,Overcast
2026-09-21,85001,Phoenix,Arizona,2026-09-22,92.2,81.8,Sunny
2026-09-21,85001,Phoenix,Arizona,2026-09-23,94.2,82.7,Overcast
2026-09-21,19101,Philadelphia,Pennsylvania,2026-09-21,69.3,57.8,Light rain shower
2026-09-21,19101,Philadelphia,Pennsylvania,2026-09-22,59.4,53.2,Light rain shower
2026-09-21,19101,Philadelphia,Pennsylvania,2026-09-23,60.3,50.2,Light rain shower
2026-09-21,78201,San Antonio,Texas,2026-09-21,96.4,75.5,Sunny
2026-09-21,78201,San Antonio,Texas,2026-09-22,96.5,74.8,Sunny
2026-09-21,78201,San Antonio,Texas,2026-09-23,95.8,75.5,Sunny
2026-09-21,92101,San Diego,California,2026-09-21,70.9,67.9,Overcast
2026-09-21,92101,San Diego,California,2026-09-22,71.9,68.0,Sunny
2026-09-21,92101,San Diego,California,2026-09-23,72.7,68.7,Sunny
2026-09-21,75201,Dallas,Texas,2026-09-21,94.5,77.0,Patchy rain nearby
2026-09-21,75201,Dallas,Texas,2026-09-22,94.8,78.1,Sunny
2026-09-21,75201,Dallas,Texas,2026-09-23,89.1,76.8,Overcast
2026-09-21,95101,San Jose,California,2026-09-21,84.5,52.5,Sunny
2026-09-21,95101,San Jose,California,2026-09-22,87.4,52.7,Sunny
2026-09-21,95101,San Jose,California,2026-09-23,90.8,57.4,Sunny
2026-09-21,78701,Austin,Texas,2026-09-21,99.0,76.5,Sunny
2026-09-21,78701,Austin,Texas,2026-09-22,98.3,76.2,Sunny
2026-09-21,78701,Austin,Texas,2026-09-23,93.3,77.5,Sunny
2026-09-21,30301,Atlanta,Georgia,2026-09-21,93.9,76.1,Partly Cloudy
2026-09-21,30301,Atlanta,Georgia,2026-09-22,88.5,70.3,Overcast
2026-09-21,30301,Atlanta,Georgia,2026-09-23,77.4,66.7,Light rain shower
2026-09-21,28201,Charlotte,North Carolina,2026-09-21,92.3,69.1,Patchy rain nearby
2026-09-21,28201,Charlotte,North Carolina,2026-09-22,75.4,65.9,Light rain shower
2026-09-21,28201,Charlotte,North Carolina,2026-09-23,65.3,59.2,Overcast
2026-09-21,80201,Denver,Colorado,2026-09-21,76.4,54.4,Sunny
2026-09-21,80201,Denver,Colorado,2026-09-22,80.6,55.6,Sunny
2026-09-21,80201,Denver,Colorado,2026-09-23,76.3,59.3,Overcast
2026-09-21,37201,Nashville,Tennessee,2026-09-21,94.0,69.9,Overcast
2026-09-21,37201,Nashville,Tennessee,2026-09-22,85.6,70.0,Overcast
2026-09-21,37201,Nashville,Tennessee,2026-09-23,80.0,66.1,Overcast
2026-09-21,97201,Portland,Oregon,2026-09-21,76.1,56.1,Overcast
2026-09-21,97201,Portland,Oregon,2026-09-22,74.6,55.7,Sunny
2026-09-21,97201,Portland,Oregon,2026-09-23,72.6,53.3,Overcast
2026-09-21,89101,Las Vegas,Nevada,2026-09-21,88.7,74.3,Sunny
2026-09-21,89101,Las Vegas,Nevada,2026-09-22,86.9,69.0,Sunny
2026-09-21,89101,Las Vegas,Nevada,2026-09-23,87.1,74.1,Sunny
2026-09-21,02101,Boston,Massachusetts,2026-09-21,62.9,55.1,Overcast
2026-09-21,02101,Boston,Massachusetts,2026-09-22,59.2,54.3,Overcast
2026-09-21,02101,Boston,Massachusetts,2026-09-23,58.7,56.0,Patchy rain nearby
2026-09-22,90045,Los Angeles,California,2026-09-22,73.2,65.1,Sunny
2026-09-22,90045,Los Angeles,California,2026-09-23,76.6,67.7,Sunny
2026-09-22,90045,Los Angeles,California,2026-09-24,77.4,68.7,Sunny
2026-09-22,10001,New York,New York,2026-09-22,66.4,60.0,Patchy rain nearby
2026-09-22,10001,New York,New York,2026-09-23,65.3,55.5,Overcast
2026-09-22,10001,New York,New York,2026-09-24,68.3,53.6,Overcast
2026-09-22,60601,Chicago,Illinois,2026-09-22,62.2,56.0,Sunny
2026-09-22,60601,Chicago,Illinois,2026-09-23,61.2,58.9,Patchy rain nearby
2026-09-22,60601,Chicago,Illinois,2026-09-24,63.6,58.8,Overcast
2026-09-22,98101,Seattle,Washington,2026-09-22,67.1,55.0,Overcast
2026-09-22,98101,Seattle,Washington,2026-09-23,68.3,49.4,Overcast
2026-09-22,98101,Seattle,Washington,2026-09-24,58.5,51.5,Overcast
2026-09-22,33101,Miami,Florida,2026-09-22,87.2,82.6,Light rain shower
2026-09-22,33101,Miami,Florida,2026-09-23,86.9,80.4,Overcast
2026-09-22,33101,Miami,Florida,2026-09-24,83.3,78.9,Patchy rain nearby
2026-09-22,77001,Houston,Texas,2026-09-22,96.4,79.8,Sunny
2026-09-22,77001,Houston,Texas,2026-09-23,96.7,80.4,Sunny
2026-09-22,77001,Houston,Texas,2026-09-24,96.8,80.7,Sunny
2026-09-22,85001,Phoenix,Arizona,2026-09-22,94.1,82.2,Overcast
2026-09-22,85001,Phoenix,Arizona,2026-09-23,91.7,80.4,Overcast
2026-09-22,85001,Phoenix,Arizona,2026-09-24,95.5,74.9,Sunny
2026-09-22,19101,Philadelphia,Pennsylvania,2026-09-22,64.2,55.4,Light rain shower
2026-09-22,19101,Philadelphia,Pennsylvania,2026-09-23,63.4,54.1,Patchy rain nearby
2026-09-22,19101,Philadelphia,Pennsylvania,2026-09-24,65.4,52.3,Overcast
2026-09-22,78201,San Antonio,Texas,2026-09-22,94.9,75.6,Sunny
2026-09-22,78201,San Antonio,Texas,2026-09-23,93.9,75.6,Patchy rain nearby
2026-09-22,78201,San Antonio,Texas,2026-09-24,92.3,76.1,Sunny
2026-09-22,92101,San Diego,California,2026-09-22,72.0,68.4,Sunny
2026-09-22,92101,San Diego,California,2026-09-23,72.9,68.9,Sunny
2026-09-22,92101,San Diego,California,2026-09-24,73.9,69.3,Sunny
2026-09-22,75201,Dallas,Texas,2026-09-22,98.6,78.8,Sunny
2026-09-22,75201,Dallas,Texas,2026-09-23,96.4,77.5,Overcast
2026-09-22,75201,Dallas,Texas,2026-09-24,95.3,74.2,Overcast
2026-09-22,95101,San Jose,California,2026-09-22,86.2,52.4,Sunny
2026-09-22,95101,San Jose,California,2026-09-23,90.8,55.9,Sunny
2026-09-22,95101,San Jose,California,2026-09-24,89.9,59.2,Sunny
2026-09-22,78701,Austin,Texas,2026-09-22,97.0,76.9,Overcast
2026-09-22,78701,Austin,Texas,2026-09-23,96.4,77.9,Overcast
2026-09-22,78701,Austin,Texas,2026-09-24,98.3,78.5,Overcast
2026-09-22,30301,Atlanta,Georgia,2026-09-22,88.7,72.2,Patchy rain nearby
2026-09-22,30301,Atlanta,Georgia,2026-09-23,75.1,66.4,Overcast
2026-09-22,30301,Atlanta,Georgia,2026-09-24,69.1,62.1,Overcast
2026-09-22,28201,Charlotte,North Carolina,2026-09-22,82.8,67.4,Light rain shower
2026-09-22,28201,Charlotte,North Carolina,2026-09-23,66.9,57.3,Patchy rain nearby
2026-09-22,28201,Charlotte,North Carolina,2026-09-24,67.7,55.8,Light rain shower
2026-09-22,80201,Denver,Colorado,2026-09-22,80.8,56.2,Sunny
2026-09-22,80201,Denver,Colorado,2026-09-23,72.7,60.0,Overcast
2026-09-22,80201,Denver,Colorado,2026-09-24,75.7,58.6,Overcast
2026-09-22,37201,Nashville,Tennessee,2026-09-22,77.8,68.7,Patchy rain nearby
2026-09-22,37201,Nashville,Tennessee,2026-09-23,79.8,65.0,Sunny
2026-09-22,37201,Nashville,Tennessee,2026-09-24,81.7,65.1,Patchy rain nearby
2026-09-22,97201,Portland,Oregon,2026-09-22,75.0,55.2,Overcast
2026-09-22,97201,Portland,Oregon,2026-09-23,73.5,52.8,Overcast
2026-09-22,97201,Portland,Oregon,2026-09-24,64.2,54.0,Overcast
2026-09-22,89101,Las Vegas,Nevada,2026-09-22,84.0,66.9,Sunny
2026-09-22,89101,Las Vegas,Nevada,2026-09-23,88.3,74.2,Sunny
2026-09-22,89101,Las Vegas,Nevada,2026-09-24,90.2,76.4,Sunny
2026-09-22,02101,Boston,Massachusetts,2026-09-22,59.1,55.3,Overcast
2026-09-22,02101,Boston,Massachusetts,2026-09-23,59.5,56.0,Overcast
2026-09-22,02101,Boston,Massachusetts,2026-09-24,59.9,56.2,Overcast
2026-09-23,90045,Los Angeles,California,2026-09-23,77.7,68.7,Sunny
2026-09-23,90045,Los Angeles,California,2026-09-24,78.0,69.4,Sunny
2026-09-23,90045,Los Angeles,California,2026-09-25,79.1,69.7,Overcast
2026-09-23,10001,New York,New York,2026-09-23,67.4,56.2,Overcast
2026-09-23,10001,New York,New York,2026-09-24,68.8,53.0,Overcast
2026-09-23,10001,New York,New York,2026-09-25,68.6,55.9,Overcast
2026-09-23,60601,Chicago,Illinois,2026-09-23,62.2,58.1,Overcast
2026-09-23,60601,Chicago,Illinois,2026-09-24,65.1,58.5,Overcast
2026-09-23,60601,Chicago,Illinois,2026-09-25,63.4,57.9,Overcast
2026-09-23,98101,Seattle,Washington,2026-09-23,68.8,50.2,Overcast
2026-09-23,98101,Seattle,Washington,2026-09-24,61.2,50.5,Overcast
2026-09-23,98101,Seattle,Washington,2026-09-25,61.7,50.4,Light rain shower
2026-09-23,33101,Miami,Florida,2026-09-23,84.7,78.1,Light rain shower
2026-09-23,33101,Miami,Florida,2026-09-24,90.4,80.0,Light rain shower
2026-09-23,33101,Miami,Florida,2026-09-25,88.5,78.4,Patchy rain nearby
2026-09-23,77001,Houston,Texas,2026-09-23,97.2,81.2,Sunny
2026-09-23,77001,Houston,Texas,2026-09-24,97.0,81.2,Sunny
2026-09-23,77001,Houston,Texas,2026-09-25,96.5,76.9,Sunny
2026-09-23,85001,Phoenix,Arizona,2026-09-23,90.2,78.9,Patchy rain nearby
2026-09-23,85001,Phoenix,Arizona,2026-09-24,94.3,77.4,Sunny
2026-09-23,85001,Phoenix,Arizona,2026-09-25,92.0,76.6,Sunny
2026-09-23,19101,Philadelphia,Pennsylvania,2026-09-23,64.5,55.7,Overcast
2026-09-23,19101,Philadelphia,Pennsylvania,2026-09-24,67.2,50.5,Overcast
2026-09-23,19101,Philadelphia,Pennsylvania,2026-09-25,73.2,52.4,Sunny
2026-09-23,78201,San Antonio,Texas,2026-09-23,94.9,75.4,Patchy rain nearby
2026-09-23,78201,San Antonio,Texas,2026-09-24,94.1,76.3,Sunny
2026-09-23,78201,San Antonio,Texas,2026-09-25,95.1,75.5,Sunny
2026-09-23,92101,San Diego,California,2026-09-23,73.3,69.3,Sunny
2026-09-23,92101,San Diego,California,2026-09-24,74.2,69.6,Sunny
2026-09-23,92101,San Diego,California,2026-09-25,76.2,70.9,Sunny
2026-09-23,75201,Dallas,Texas,2026-09-23,95.9,77.4,Overcast
2026-09-23,75201,Dallas,Texas,2026-09-24,95.9,76.4,Overcast
2026-09-23,75201,Dallas,Texas,2026-09-25,95.2,74.8,Overcast
2026-09-23,95101,San Jose,California,2026-09-23,88.8,55.1,Sunny
2026-09-23,95101,San Jose,California,2026-09-24,91.8,60.9,Overcast
2026-09-23,95101,San Jose,California,2026-09-25,80.3,56.4,Sunny
2026-09-23,78701,Austin,Texas,2026-09-23,96.9,77.8,Overcast
2026-09-23,78701,Austin,Texas,2026-09-24,98.7,78.4,Overcast
2026-09-23,78701,Austin,Texas,2026-09-25,97.9,77.3,Sunny
2026-09-23,30301,Atlanta,Georgia,2026-09-23,77.3,65.1,Patchy rain nearby
2026-09-23,30301,Atlanta,Georgia,2026-09-24,71.0,61.4,Overcast
2026-09-23,30301,Atlanta,Georgia,2026-09-25,78.3,60.3,Partly Cloudy
2026-09-23,28201,Charlotte,North Carolina,2026-09-23,66.0,58.9,Patchy rain nearby
2026-09-23,28201,Charlotte,North Carolina,2026-09-24,61.2,55.3,Patchy rain nearby
2026-09-23,28201,Charlotte,North Carolina,2026-09-25,71.9,51.1,Sunny
2026-09-23,80201,Denver,Colorado,2026-09-23,71.8,61.7,Overcast
2026-09-23,80201,Denver,Colorado,2026-09-24,74.5,59.0,Overcast
2026-09-23,80201,Denver,Colorado,2026-09-25,76.0,56.8,Sunny
2026-09-23,37201,Nashville,Tennessee,2026-09-23,81.5,62.5,Sunny
2026-09-23,37201,Nashville,Tennessee,2026-09-24,82.2,63.5,Sunny
2026-09-23,37201,Nashville,Tennessee,2026-09-25,80.5,61.9,Sunny
2026-09-23,97201,Portland,Oregon,2026-09-23,71.9,52.8,Overcast
2026-09-23,97201,Portland,Oregon,2026-09-24,70.0,51.2,Overcast
2026-09-23,97201,Portland,Oregon,2026-09-25,63.4,53.5,Patchy rain nearby
2026-09-23,89101,Las Vegas,Nevada,2026-09-23,87.0,73.1,Sunny
2026-09-23,89101,Las Vegas,Nevada,2026-09-24,86.9,76.0,Sunny
2026-09-23,89101,Las Vegas,Nevada,2026-09-25,87.5,70.6,Sunny
2026-09-23,02101,Boston,Massachusetts,2026-09-23,60.4,55.9,Overcast
2026-09-23,02101,Boston,Massachusetts,2026-09-24,60.3,55.7,Patchy rain nearby
2026-09-23,02101,Boston,Massachusetts,2026-09-25,57.9,51.6,Moderate rain
2026-09-24,90045,Los Angeles,California,2026-09-24,78.0,70.1,Sunny
2026-09-24,90045,Los Angeles,California,2026-09-25,79.5,70.6,Sunny
2026-09-24,90045,Los Angeles,California,2026-09-26,81.7,71.9,Overcast
2026-09-24,10001,New York,New York,2026-09-24,69.2,52.4,Overcast
2026-09-24,10001,New York,New York,2026-09-25,73.6,54.9,Overcast
2026-09-24,10001,New York,New York,2026-09-26,73.6,57.3,Partly Cloudy
2026-09-24,60601,Chicago,Illinois,2026-09-24,65.2,58.4,Overcast
2026-09-24,60601,Chicago,Illinois,2026-09-25,61.4,58.4,Overcast
2026-09-24,60601,Chicago,Illinois,2026-09-26,64.0,56.1,Overcast
2026-09-24,98101,Seattle,Washington,2026-09-24,60.9,50.1,Smoky haze
2026-09-24,98101,Seattle,Washington,2026-09-25,57.3,50.0,Light rain shower
2026-09-24,98101,Seattle,Washington,2026-09-26,63.8,46.8,Overcast
2026-09-24,33101,Miami,Florida,2026-09-24,85.0,80.6,Patchy rain nearby
2026-09-24,33101,Miami,Florida,2026-09-25,87.4,79.4,Patchy rain nearby
2026-09-24,33101,Miami,Florida,2026-09-26,86.4,79.7,Patchy rain nearby
2026-09-24,77001,Houston,Texas,2026-09-24,94.7,80.6,Overcast
2026-09-24,77001,Houston,Texas,2026-09-25,94.8,76.9,Sunny
2026-09-24,77001,Houston,Texas,2026-09-26,88.2,77.4,Patchy rain nearby
2026-09-24,85001,Phoenix,Arizona,2026-09-24,93.6,79.2,Light rain shower
2026-09-24,85001,Phoenix,Arizona,2026-09-25,92.2,79.1,Sunny
2026-09-24,85001,Phoenix,Arizona,2026-09-26,96.0,83.0,Sunny
2026-09-24,19101,Philadelphia,Pennsylvania,2026-09-24,67.4,52.0,Overcast
2026-09-24,19101,Philadelphia,Pennsylvania,2026-09-25,73.3,51.7,Sunny
2026-09-24,19101,Philadelphia,Pennsylvania,2026-09-26,74.4,54.5,Sunny
2026-09-24,78201,San Antonio,Texas,2026-09-24,94.4,75.7,Overcast
2026-09-24,78201,San Antonio,Texas,2026-09-25,94.8,76.1,Sunny
2026-09-24,78201,San Antonio,Texas,2026-09-26,93.6,74.5,Overcast
2026-09-24,92101,San Diego,California,2026-09-24,74.4,70.2,Sunny
2026-09-24,92101,San Diego,California,2026-09-25,76.3,71.7,Sunny
2026-09-24,92101,San Diego,California,2026-09-26,78.1,72.6,Overcast
2026-09-24,75201,Dallas,Texas,2026-09-24,96.1,76.9,Overcast
2026-09-24,75201,Dallas,Texas,2026-09-25,93.6,75.1,Overcast
2026-09-24,75201,Dallas,Texas,2026-09-26,93.5,77.3,Overcast
2026-09-24,95101,San Jose,California,2026-09-24,91.1,61.9,Overcast
2026-09-24,95101,San Jose,California,2026-09-25,81.3,57.2,Overcast
2026-09-24,95101,San Jose,California,2026-09-26,83.5,54.0,Overcast
2026-09-24,78701,Austin,Texas,2026-09-24,95.7,77.4,Overcast
2026-09-24,78701,Austin,Texas,2026-09-25,97.4,77.6,Sunny
2026-09-24,78701,Austin,Texas,2026-09-26,95.3,76.0,Overcast
2026-09-24,30301,Atlanta,Georgia,2026-09-24,70.1,60.8,Overcast
2026-09-24,30301,Atlanta,Georgia,2026-09-25,77.2,57.6,Sunny
2026-09-24,30301,Atlanta,Georgia,2026-09-26,79.9,61.8,Overcast
2026-09-24,28201,Charlotte,North Carolina,2026-09-24,58.0,54.6,Overcast
2026-09-24,28201,Charlotte,North Carolina,2026-09-25,71.8,50.9,Sunny
2026-09-24,28201,Charlotte,North Carolina,2026-09-26,76.4,55.9,Sunny
2026-09-24,80201,Denver,Colorado,2026-09-24,73.0,59.8,Patchy rain nearby
2026-09-24,80201,Denver,Colorado,2026-09-25,77.3,56.6,Sunny
2026-09-24,80201,Denver,Colorado,2026-09-26,82.0,59.8,Sunny
2026-09-24,37201,Nashville,Tennessee,2026-09-24,83.0,64.6,Sunny
2026-09-24,37201,Nashville,Tennessee,2026-09-25,82.0,63.3,Sunny
2026-09-24,37201,Nashville,Tennessee,2026-09-26,74.8,64.4,Overcast
2026-09-24,97201,Portland,Oregon,2026-09-24,69.0,50.7,Overcast
2026-09-24,97201,Portland,Oregon,2026-09-25,63.7,51.3,Patchy rain nearby
2026-09-24,97201,Portland,Oregon,2026-09-26,65.9,48.4,Overcast
2026-09-24,89101,Las Vegas,Nevada,2026-09-24,90.5,77.5,Sunny
2026-09-24,89101,Las Vegas,Nevada,2026-09-25,89.5,74.2,Sunny
2026-09-24,89101,Las Vegas,Nevada,2026-09-26,87.6,72.1,Overcast
2026-09-24,02101,Boston,Massachusetts,2026-09-24,60.4,55.7,Sunny
2026-09-24,02101,Boston,Massachusetts,2026-09-25,59.5,53.4,Overcast
2026-09-24,02101,Boston,Massachusetts,2026-09-26,56.0,53.0,Light rain shower
2026-09-25,90045,Los Angeles,California,2026-09-25,78.5,69.7,Sunny
2026-09-25,90045,Los Angeles,California,2026-09-26,80.0,71.2,Overcast
2026-09-25,90045,Los Angeles,California,2026-09-27,76.4,69.0,Sunny
2026-09-25,10001,New York,New York,2026-09-25,71.8,55.9,Overcast
2026-09-25,10001,New York,New York,2026-09-26,62.9,55.9,Light rain
2026-09-25,10001,New York,New York,2026-09-27,58.3,56.4,Moderate rain
2026-09-25,60601,Chicago,Illinois,2026-09-25,62.9,58.5,Overcast
2026-09-25,60601,Chicago,Illinois,2026-09-26,62.7,56.6,Overcast
2026-09-25,60601,Chicago,Illinois,2026-09-27,64.2,59.8,Overcast
2026-09-25,98101,Seattle,Washington,2026-09-25,57.4,49.4,Patchy rain nearby
2026-09-25,98101,Seattle,Washington,2026-09-26,63.4,46.1,Overcast
2026-09-25,98101,Seattle,Washington,2026-09-27,64.7,47.1,Overcast
2026-09-25,33101,Miami,Florida,2026-09-25,88.8,79.6,Sunny
2026-09-25,33101,Miami,Florida,2026-09-26,86.4,79.5,Patchy rain nearby
2026-09-25,33101,Miami,Florida,2026-09-27,83.7,79.0,Patchy rain nearby
2026-09-25,77001,Houston,Texas,2026-09-25,92.6,75.1,Sunny
2026-09-25,77001,Houston,Texas,2026-09-26,93.9,76.5,Overcast
2026-09-25,77001,Houston,Texas,2026-09-27,95.8,78.5,Sunny
2026-09-25,85001,Phoenix,Arizona,2026-09-25,92.7,80.0,Sunny
2026-09-25,85001,Phoenix,Arizona,2026-09-26,96.9,84.1,Sunny
2026-09-25,85001,Phoenix,Arizona,2026-09-27,90.2,81.0,Overcast
2026-09-25,19101,Philadelphia,Pennsylvania,2026-09-25,71.4,52.5,Overcast
2026-09-25,19101,Philadelphia,Pennsylvania,2026-09-26,67.3,56.6,Overcast
2026-09-25,19101,Philadelphia,Pennsylvania,2026-09-27,58.5,54.9,Light drizzle
2026-09-25,78201,San Antonio,Texas,2026-09-25,94.8,75.4,Sunny
2026-09-25,78201,San Antonio,Texas,2026-09-26,93.1,74.1,Overcast
2026-09-25,78201,San Antonio,Texas,2026-09-27,95.7,74.1,Sunny
2026-09-25,92101,San Diego,California,2026-09-25,76.4,71.2,Sunny
2026-09-25,92101,San Diego,California,2026-09-26,77.6,72.5,Overcast
2026-09-25,92101,San Diego,California,2026-09-27,76.2,70.8,Sunny
2026-09-25,75201,Dallas,Texas,2026-09-25,92.4,72.8,Overcast
2026-09-25,75201,Dallas,Texas,2026-09-26,89.1,76.9,Overcast
2026-09-25,75201,Dallas,Texas,2026-09-27,97.8,77.4,Sunny
2026-09-25,95101,San Jose,California,2026-09-25,80.6,55.9,Sunny
2026-09-25,95101,San Jose,California,2026-09-26,81.4,52.4,Overcast
2026-09-25,95101,San Jose,California,2026-09-27,75.6,49.4,Sunny
2026-09-25,78701,Austin,Texas,2026-09-25,95.6,76.5,Sunny
2026-09-25,78701,Austin,Texas,2026-09-26,93.5,75.1,Overcast
2026-09-25,78701,Austin,Texas,2026-09-27,97.4,75.1,Sunny
2026-09-25,30301,Atlanta,Georgia,2026-09-25,78.6,59.7,Sunny
2026-09-25,30301,Atlanta,Georgia,2026-09-26,81.1,62.1,Sunny
2026-09-25,30301,Atlanta,Georgia,2026-09-27,77.7,64.4,Overcast
2026-09-25,28201,Charlotte,North Carolina,2026-09-25,74.4,51.2,Sunny
2026-09-25,28201,Charlotte,North Carolina,2026-09-26,78.8,56.8,Sunny
2026-09-25,28201,Charlotte,North Carolina,2026-09-27,78.6,58.2,Overcast
2026-09-25,80201,Denver,Colorado,2026-09-25,75.6,57.8,Overcast
2026-09-25,80201,Denver,Colorado,2026-09-26,81.4,59.7,Sunny
2026-09-25,80201,Denver,Colorado,2026-09-27,81.7,60.9,Overcast
2026-09-25,37201,Nashville,Tennessee,2026-09-25,80.3,62.3,Sunny
2026-09-25,37201,Nashville,Tennessee,2026-09-26,71.7,62.0,Overcast
2026-09-25,37201,Nashville,Tennessee,2026-09-27,75.6,59.3,Overcast
2026-09-25,97201,Portland,Oregon,2026-09-25,59.1,52.0,Patchy rain nearby
2026-09-25,97201,Portland,Oregon,2026-09-26,65.9,49.1,Overcast
2026-09-25,97201,Portland,Oregon,2026-09-27,69.6,48.5,Overcast
2026-09-25,89101,Las Vegas,Nevada,2026-09-25,90.1,72.7,Sunny
2026-09-25,89101,Las Vegas,Nevada,2026-09-26,88.4,72.7,Overcast
2026-09-25,89101,Las Vegas,Nevada,2026-09-27,85.0,72.7,Sunny
2026-09-25,02101,Boston,Massachusetts,2026-09-25,59.3,52.7,Overcast
2026-09-25,02101,Boston,Massachusetts,2026-09-26,55.7,53.7,Light rain
2026-09-25,02101,Boston,Massachusetts,2026-09-27,60.3,55.4,Light rain shower
2026-09-26,90045,Los Angeles,California,2026-09-26,80.6,71.3,Overcast
2026-09-26,90045,Los Angeles,California,2026-09-27,76.8,69.8,Sunny
2026-09-26,90045,Los Angeles,California,2026-09-28,78.5,66.0,Sunny
2026-09-26,10001,New York,New York,2026-09-26,59.4,56.0,Light rain shower
2026-09-26,10001,New York,New York,2026-09-27,61.0,56.4,Light rain shower
2026-09-26,10001,New York,New York,2026-09-28,58.7,57.1,Patchy rain nearby
2026-09-26,60601,Chicago,Illinois,2026-09-26,63.0,56.3,Overcast
2026-09-26,60601,Chicago,Illinois,2026-09-27,63.6,58.9,Overcast
2026-09-26,60601,Chicago,Illinois,2026-09-28,64.6,59.3,Sunny
2026-09-26,98101,Seattle,Washington,2026-09-26,62.2,46.2,Overcast
2026-09-26,98101,Seattle,Washington,2026-09-27,63.8,46.8,Sunny
2026-09-26,98101,Seattle,Washington,2026-09-28,65.0,45.3,Overcast
2026-09-26,33101,Miami,Florida,2026-09-26,87.3,80.1,Patchy rain nearby
2026-09-26,33101,Miami,Florida,2026-09-27,84.9,79.7,Patchy rain nearby
2026-09-26,33101,Miami,Florida,2026-09-28,87.6,79.2,Overcast
2026-09-26,77001,Houston,Texas,2026-09-26,92.6,76.9,Overcast
2026-09-26,77001,Houston,Texas,2026-09-27,92.8,78.9,Overcast
2026-09-26,77001,Houston,Texas,2026-09-28,94.7,78.0,Overcast
2026-09-26,85001,Phoenix,Arizona,2026-09-26,94.1,82.2,Sunny
2026-09-26,85001,Phoenix,Arizona,2026-09-27,91.2,84.7,Overcast
2026-09-26,85001,Phoenix,Arizona,2026-09-28,85.7,72.7,Overcast
2026-09-26,19101,Philadelphia,Pennsylvania,2026-09-26,63.1,53.3,Overcast
2026-09-26,19101,Philadelphia,Pennsylvania,2026-09-27,58.3,55.8,Patchy rain nearby
2026-09-26,19101,Philadelphia,Pennsylvania,2026-09-28,59.6,56.0,Patchy rain nearby
2026-09-26,78201,San Antonio,Texas,2026-09-26,90.9,74.2,Overcast
2026-09-26,78201,San Antonio,Texas,2026-09-27,94.2,74.1,Overcast
2026-09-26,78201,San Antonio,Texas,2026-09-28,94.3,74.2,Overcast
2026-09-26,92101,San Diego,California,2026-09-26,79.2,72.9,Overcast
2026-09-26,92101,San Diego,California,2026-09-27,76.0,71.5,Overcast
2026-09-26,92101,San Diego,California,2026-09-28,72.1,68.9,Sunny
2026-09-26,75201,Dallas,Texas,2026-09-26,89.8,74.2,Overcast
2026-09-26,75201,Dallas,Texas,2026-09-27,94.5,77.9,Overcast
2026-09-26,75201,Dallas,Texas,2026-09-28,96.2,79.6,Overcast
2026-09-26,95101,San Jose,California,2026-09-26,82.7,51.6,Sunny
2026-09-26,95101,San Jose,California,2026-09-27,73.7,50.6,Sunny
2026-09-26,95101,San Jose,California,2026-09-28,77.1,47.8,Sunny
2026-09-26,78701,Austin,Texas,2026-09-26,93.5,74.8,Overcast
2026-09-26,78701,Austin,Texas,2026-09-27,96.2,74.0,Sunny
2026-09-26,78701,Austin,Texas,2026-09-28,97.0,74.7,Overcast
2026-09-26,30301,Atlanta,Georgia,2026-09-26,82.1,62.1,Sunny
2026-09-26,30301,Atlanta,Georgia,2026-09-27,80.5,62.5,Overcast
2026-09-26,30301,Atlanta,Georgia,2026-09-28,82.3,61.1,Sunny
2026-09-26,28201,Charlotte,North Carolina,2026-09-26,80.0,56.7,Sunny
2026-09-26,28201,Charlotte,North Carolina,2026-09-27,79.9,59.5,Sunny
2026-09-26,28201,Charlotte,North Carolina,2026-09-28,80.4,60.3,Sunny
2026-09-26,80201,Denver,Colorado,2026-09-26,80.3,57.3,Sunny
2026-09-26,80201,Denver,Colorado,2026-09-27,81.5,59.8,Overcast
2026-09-26,80201,Denver,Colorado,2026-09-28,74.8,60.5,Overcast
2026-09-26,37201,Nashville,Tennessee,2026-09-26,78.6,57.5,Sunny
2026-09-26,37201,Nashville,Tennessee,2026-09-27,77.2,62.2,Overcast
2026-09-26,37201,Nashville,Tennessee,2026-09-28,79.5,57.2,Sunny
2026-09-26,97201,Portland,Oregon,2026-09-26,65.2,49.4,Overcast
2026-09-26,97201,Portland,Oregon,2026-09-27,69.5,45.9,Sunny
2026-09-26,97201,Portland,Oregon,2026-09-28,68.3,47.4,Sunny
2026-09-26,89101,Las Vegas,Nevada,2026-09-26,87.9,71.4,Overcast
2026-09-26,89101,Las Vegas,Nevada,2026-09-27,84.4,73.6,Sunny
2026-09-26,89101,Las Vegas,Nevada,2026-09-28,78.1,65.3,Sunny
2026-09-26,02101,Boston,Massachusetts,2026-09-26,58.8,54.8,Overcast
2026-09-26,02101,Boston,Massachusetts,2026-09-27,59.6,56.8,Light rain shower
2026-09-26,02101,Boston,Massachusetts,2026-09-28,59.7,57.4,Light rain shower
2026-09-27,90045,Los Angeles,California,2026-09-27,78.5,70.2,Sunny
2026-09-27,90045,Los Angeles,California,2026-09-28,74.6,67.0,Sunny
2026-09-27,90045,Los Angeles,California,2026-09-29,79.4,68.1,Sunny
2026-09-27,10001,New York,New York,2026-09-27,64.9,57.3,Light rain shower
2026-09-27,10001,New York,New York,2026-09-28,62.0,58.3,Patchy rain nearby
2026-09-27,10001,New York,New York,2026-09-29,72.7,58.2,Overcast
2026-09-27,60601,Chicago,Illinois,2026-09-27,63.1,58.2,Overcast
2026-09-27,60601,Chicago,Illinois,2026-09-28,65.4,60.0,Sunny
2026-09-27,60601,Chicago,Illinois,2026-09-29,73.7,60.1,Sunny
2026-09-27,98101,Seattle,Washington,2026-09-27,64.4,46.0,Sunny
2026-09-27,98101,Seattle,Washington,2026-09-28,66.5,46.4,Overcast
2026-09-27,98101,Seattle,Washington,2026-09-29,61.6,53.8,Overcast
2026-09-27,33101,Miami,Florida,2026-09-27,85.0,80.0,Patchy rain nearby
2026-09-27,33101,Miami,Florida,2026-09-28,86.5,79.4,Patchy rain nearby
2026-09-27,33101,Miami,Florida,2026-09-29,85.6,80.7,Overcast
2026-09-27,77001,Houston,Texas,2026-09-27,90.8,77.7,Patchy rain nearby
2026-09-27,77001,Houston,Texas,2026-09-28,93.3,77.2,Sunny
2026-09-27,77001,Houston,Texas,2026-09-29,92.4,78.2,Overcast
2026-09-27,85001,Phoenix,Arizona,2026-09-27,90.0,81.1,Overcast
2026-09-27,85001,Phoenix,Arizona,2026-09-28,80.7,71.4,Patchy rain nearby
2026-09-27,85001,Phoenix,Arizona,2026-09-29,77.9,68.2,Light rain shower
2026-09-27,19101,Philadelphia,Pennsylvania,2026-09-27,59.5,56.2,Light rain
2026-09-27,19101,Philadelphia,Pennsylvania,2026-09-28,60.2,56.8,Patchy rain nearby
2026-09-27,19101,Philadelphia,Pennsylvania,2026-09-29,71.5,56.6,Sunny
2026-09-27,78201,San Antonio,Texas,2026-09-27,93.2,73.9,Overcast
2026-09-27,78201,San Antonio,Texas,2026-09-28,94.0,73.3,Overcast
2026-09-27,78201,San Antonio,Texas,2026-09-29,90.4,72.4,Overcast
2026-09-27,92101,San Diego,California,2026-09-27,77.8,72.9,Overcast
2026-09-27,92101,San Diego,California,2026-09-28,72.9,69.4,Sunny
2026-09-27,92101,San Diego,California,2026-09-29,73.6,67.8,Sunny
2026-09-27,75201,Dallas,Texas,2026-09-27,94.9,76.3,Overcast
2026-09-27,75201,Dallas,Texas,2026-09-28,97.1,79.4,Sunny
2026-09-27,75201,Dallas,Texas,2026-09-29,90.0,77.5,Overcast
2026-09-27,95101,San Jose,California,2026-09-27,75.4,51.7,Sunny
2026-09-27,95101,San Jose,California,2026-09-28,77.7,48.3,Sunny
2026-09-27,95101,San Jose,California,2026-09-29,86.0,56.0,Sunny
2026-09-27,78701,Austin,Texas,2026-09-27,94.7,73.4,Overcast
2026-09-27,78701,Austin,Texas,2026-09-28,96.5,73.8,Sunny
2026-09-27,78701,Austin,Texas,2026-09-29,95.4,72.4,Overcast
2026-09-27,30301,Atlanta,Georgia,2026-09-27,81.6,61.2,Overcast
2026-09-27,30301,Atlanta,Georgia,2026-09-28,83.5,60.6,Overcast
2026-09-27,30301,Atlanta,Georgia,2026-09-29,86.7,65.8,Sunny
2026-09-27,28201,Charlotte,North Carolina,2026-09-27,79.8,59.3,Sunny
2026-09-27,28201,Charlotte,North Carolina,2026-09-28,81.0,61.1,Sunny
2026-09-27,28201,Charlotte,North Carolina,2026-09-29,83.6,61.6,Sunny
2026-09-27,80201,Denver,Colorado,2026-09-27,81.5,60.6,Overcast
2026-09-27,80201,Denver,Colorado,2026-09-28,75.0,60.6,Overcast
2026-09-27,80201,Denver,Colorado,2026-09-29,70.8,61.5,Overcast
2026-09-27,37201,Nashville,Tennessee,2026-09-27,77.7,58.3,Overcast
2026-09-27,37201,Nashville,Tennessee,2026-09-28,80.8,58.8,Sunny
2026-09-27,37201,Nashville,Tennessee,2026-09-29,86.3,63.2,Sunny
2026-09-27,97201,Portland,Oregon,2026-09-27,70.1,46.9,Sunny
2026-09-27,97201,Portland,Oregon,2026-09-28,69.7,48.2,Sunny
2026-09-27,97201,Portland,Oregon,2026-09-29,72.4,53.6,Overcast
2026-09-27,89101,Las Vegas,Nevada,2026-09-27,84.5,71.6,Overcast
2026-09-27,89101,Las Vegas,Nevada,2026-09-28,79.1,58.2,Sunny
2026-09-27,89101,Las Vegas,Nevada,2026-09-29,73.7,60.4,Light rain shower
2026-09-27,02101,Boston,Massachusetts,2026-09-27,60.9,57.3,Light rain shower
2026-09-27,02101,Boston,Massachusetts,2026-09-28,60.2,58.5,Light rain shower
2026-09-27,02101,Boston,Massachusetts,2026-09-29,59.5,56.0,Patchy rain nearby
2026-09-28,90045,Los Angeles,California,2026-09-28,76.7,67.8,Sunny
2026-09-28,90045,Los Angeles,California,2026-09-29,77.4,69.9,Sunny
2026-09-28,90045,Los Angeles,California,2026-09-30,77.9,68.5,Sunny
2026-09-28,10001,New York,New York,2026-09-28,60.5,57.6,Light rain shower
2026-09-28,10001,New York,New York,2026-09-29,73.8,57.2,Patchy rain nearby
2026-09-28,10001,New York,New York,2026-09-30,77.4,63.6,Overcast
2026-09-28,60601,Chicago,Illinois,2026-09-28,65.4,59.9,Sunny
2026-09-28,60601,Chicago,Illinois,2026-09-29,73.8,59.7,Overcast
2026-09-28,60601,Chicago,Illinois,2026-09-30,79.8,66.0,Overcast
2026-09-28,98101,Seattle,Washington,2026-09-28,66.1,46.9,Overcast
2026-09-28,98101,Seattle,Washington,2026-09-29,58.7,54.6,Light drizzle
2026-09-28,98101,Seattle,Washington,2026-09-30,65.1,50.2,Overcast
2026-09-28,33101,Miami,Florida,2026-09-28,89.0,78.6,Overcast
2026-09-28,33101,Miami,Florida,2026-09-29,85.9,79.2,Overcast
2026-09-28,33101,Miami,Florida,2026-09-30,84.9,80.6,Overcast
2026-09-28,77001,Houston,Texas,2026-09-28,93.3,78.0,Sunny
2026-09-28,77001,Houston,Texas,2026-09-29,89.2,78.0,Patchy rain nearby
2026-09-28,77001,Houston,Texas,2026-09-30,89.8,80.0,Patchy rain nearby
2026-09-28,85001,Phoenix,Arizona,2026-09-28,81.5,72.1,Patchy rain nearby
2026-09-28,85001,Phoenix,Arizona,2026-09-29,83.5,68.9,Sunny
2026-09-28,85001,Phoenix,Arizona,2026-09-30,85.7,74.0,Sunny
2026-09-28,19101,Philadelphia,Pennsylvania,2026-09-28,59.8,57.2,Patchy rain nearby
2026-09-28,19101,Philadelphia,Pennsylvania,2026-09-29,73.7,58.3,Overcast
2026-09-28,19101,Philadelphia,Pennsylvania,2026-09-30,78.6,61.5,Overcast
2026-09-28,78201,San Antonio,Texas,2026-09-28,94.8,73.6,Overcast
2026-09-28,78201,San Antonio,Texas,2026-09-29,95.3,73.0,Overcast
2026-09-28,78201,San Antonio,Texas,2026-09-30,91.5,75.8,Patchy rain nearby
2026-09-28,92101,San Diego,California,2026-09-28,73.1,70.2,Sunny
2026-09-28,92101,San Diego,California,2026-09-29,74.3,68.4,Sunny
2026-09-28,92101,San Diego,California,2026-09-30,73.8,69.5,Sunny
2026-09-28,75201,Dallas,Texas,2026-09-28,96.5,76.9,Sunny
2026-09-28,75201,Dallas,Texas,2026-09-29,94.6,76.5,Overcast
2026-09-28,75201,Dallas,Texas,2026-09-30,84.5,70.3,Light rain shower
2026-09-28,95101,San Jose,California,2026-09-28,76.8,48.4,Sunny
2026-09-28,95101,San Jose,California,2026-09-29,85.2,56.2,Sunny
2026-09-28,95101,San Jose,California,2026-09-30,90.2,60.7,Sunny
2026-09-28,78701,Austin,Texas,2026-09-28,96.5,76.4,Overcast
2026-09-28,78701,Austin,Texas,2026-09-29,94.7,74.0,Overcast
2026-09-28,78701,Austin,Texas,2026-09-30,93.2,76.0,Patchy rain nearby
2026-09-28,30301,Atlanta,Georgia,2026-09-28,83.3,61.7,Sunny
2026-09-28,30301,Atlanta,Georgia,2026-09-29,85.3,63.8,Sunny
2026-09-28,30301,Atlanta,Georgia,2026-09-30,87.6,65.8,Sunny
2026-09-28,28201,Charlotte,North Carolina,2026-09-28,79.6,61.4,Sunny
2026-09-28,28201,Charlotte,North Carolina,2026-09-29,82.8,62.3,Sunny
2026-09-28,28201,Charlotte,North Carolina,2026-09-30,85.7,65.4,Sunny
2026-09-28,80201,Denver,Colorado,2026-09-28,75.5,61.1,Overcast
2026-09-28,80201,Denver,Colorado,2026-09-29,66.5,59.0,Overcast
2026-09-28,80201,Denver,Colorado,2026-09-30,69.0,53.8,Overcast
2026-09-28,37201,Nashville,Tennessee,2026-09-28,81.4,58.4,Overcast
2026-09-28,37201,Nashville,Tennessee,2026-09-29,85.4,62.0,Sunny
2026-09-28,37201,Nashville,Tennessee,2026-09-30,89.2,66.8,Sunny
2026-09-28,97201,Portland,Oregon,2026-09-28,69.0,48.3,Overcast
2026-09-28,97201,Portland,Oregon,2026-09-29,69.7,51.8,Overcast
2026-09-28,97201,Portland,Oregon,2026-09-30,69.8,52.2,Overcast
2026-09-28,89101,Las Vegas,Nevada,2026-09-28,79.0,62.4,Sunny
2026-09-28,89101,Las Vegas,Nevada,2026-09-29,75.3,59.9,Sunny
2026-09-28,89101,Las Vegas,Nevada,2026-09-30,84.7,71.8,Sunny
2026-09-28,02101,Boston,Massachusetts,2026-09-28,58.9,56.5,Light rain shower
2026-09-28,02101,Boston,Massachusetts,2026-09-29,57.8,54.8,Patchy rain nearby
2026-09-28,02101,Boston,Massachusetts,2026-09-30,69.7,57.1,Overcast
2026-09-29,90045,Los Angeles,California,2026-09-29,80.9,70.1,Sunny
2026-09-29,90045,Los Angeles,California,2026-09-30,77.8,69.2,Sunny
2026-09-29,90045,Los Angeles,California,2026-10-01,79.7,69.5,Sunny
2026-09-29,10001,New York,New York,2026-09-29,70.8,58.6,Overcast
2026-09-29,10001,New York,New York,2026-09-30,76.2,61.7,Overcast
2026-09-29,10001,New York,New York,2026-10-01,83.7,64.8,Overcast
2026-09-29,60601,Chicago,Illinois,2026-09-29,73.9,59.4,Sunny
2026-09-29,60601,Chicago,Illinois,2026-09-30,80.3,66.7,Overcast
2026-09-29,60601,Chicago,Illinois,2026-10-01,77.5,61.0,Light rain shower
2026-09-29,98101,Seattle,Washington,2026-09-29,57.9,54.5,Light drizzle
2026-09-29,98101,Seattle,Washington,2026-09-30,63.5,50.9,Overcast
2026-09-29,98101,Seattle,Washington,2026-10-01,66.1,51.5,Overcast
2026-09-29,33101,Miami,Florida,2026-09-29,86.2,80.3,Overcast
2026-09-29,33101,Miami,Florida,2026-09-30,84.9,81.2,Overcast
2026-09-29,33101,Miami,Florida,2026-10-01,86.2,80.3,Light rain shower
2026-09-29,77001,Houston,Texas,2026-09-29,91.1,78.3,Patchy rain nearby
2026-09-29,77001,Houston,Texas,2026-09-30,91.5,80.4,Patchy rain nearby
2026-09-29,77001,Houston,Texas,2026-10-01,87.9,78.6,Patchy rain nearby
2026-09-29,85001,Phoenix,Arizona,2026-09-29,81.3,68.3,Light rain shower
2026-09-29,85001,Phoenix,Arizona,2026-09-30,85.4,70.8,Sunny
2026-09-29,85001,Phoenix,Arizona,2026-10-01,90.6,77.4,Sunny
2026-09-29,19101,Philadelphia,Pennsylvania,2026-09-29,71.6,60.8,Overcast
2026-09-29,19101,Philadelphia,Pennsylvania,2026-09-30,77.9,59.5,Sunny
2026-09-29,19101,Philadelphia,Pennsylvania,2026-10-01,83.5,62.5,Overcast
2026-09-29,78201,San Antonio,Texas,2026-09-29,93.6,72.7,Patchy rain nearby
2026-09-29,78201,San Antonio,Texas,2026-09-30,85.2,74.8,Patchy rain nearby
2026-09-29,78201,San Antonio,Texas,2026-10-01,81.7,68.9,Moderate or heavy rain shower
2026-09-29,92101,San Diego,California,2026-09-29,74.7,68.7,Sunny
2026-09-29,92101,San Diego,California,2026-09-30,73.4,70.0,Sunny
2026-09-29,92101,San Diego,California,2026-10-01,77.0,70.5,Sunny
2026-09-29,75201,Dallas,Texas,2026-09-29,92.4,75.2,Overcast
2026-09-29,75201,Dallas,Texas,2026-09-30,90.1,76.3,Light rain shower
2026-09-29,75201,Dallas,Texas,2026-10-01,77.6,70.2,Light rain shower
2026-09-29,95101,San Jose,California,2026-09-29,85.0,55.9,Sunny
2026-09-29,95101,San Jose,California,2026-09-30,89.8,60.2,Sunny
2026-09-29,95101,San Jose,California,2026-10-01,93.6,60.8,Sunny
2026-09-29,78701,Austin,Texas,2026-09-29,93.7,73.8,Overcast
2026-09-29,78701,Austin,Texas,2026-09-30,86.5,74.8,Patchy rain nearby
2026-09-29,78701,Austin,Texas,2026-10-01,78.4,70.7,Light rain shower
2026-09-29,30301,Atlanta,Georgia,2026-09-29,84.5,65.0,Sunny
2026-09-29,30301,Atlanta,Georgia,2026-09-30,87.4,65.2,Sunny
2026-09-29,30301,Atlanta,Georgia,2026-10-01,86.3,68.4,Sunny
2026-09-29,28201,Charlotte,North Carolina,2026-09-29,83.1,61.9,Sunny
2026-09-29,28201,Charlotte,North Carolina,2026-09-30,84.9,65.7,Sunny
2026-09-29,28201,Charlotte,North Carolina,2026-10-01,86.3,66.7,Sunny
2026-09-29,80201,Denver,Colorado,2026-09-29,70.5,57.8,Overcast
2026-09-29,80201,Denver,Colorado,2026-09-30,69.9,56.0,Overcast
2026-09-29,80201,Denver,Colorado,2026-10-01,69.5,55.6,Overcast
2026-09-29,37201,Nashville,Tennessee,2026-09-29,86.3,63.0,Sunny
2026-09-29,37201,Nashville,Tennessee,2026-09-30,89.5,67.2,Sunny
2026-09-29,37201,Nashville,Tennessee,2026-10-01,91.6,72.0,Sunny
2026-09-29,97201,Portland,Oregon,2026-09-29,66.2,52.2,Overcast
2026-09-29,97201,Portland,Oregon,2026-09-30,69.7,53.3,Overcast
2026-09-29,97201,Portland,Oregon,2026-10-01,74.7,52.3,Overcast
2026-09-29,89101,Las Vegas,Nevada,2026-09-29,81.2,54.8,Sunny
2026-09-29,89101,Las Vegas,Nevada,2026-09-30,86.7,74.2,Sunny
2026-09-29,89101,Las Vegas,Nevada,2026-10-01,89.1,75.7,Sunny
2026-09-29,02101,Boston,Massachusetts,2026-09-29,65.6,53.4,Patchy rain nearby
2026-09-29,02101,Boston,Massachusetts,2026-09-30,71.0,59.4,Overcast
2026-09-29,02101,Boston,Massachusetts,2026-10-01,78.5,60.7,Overcast
2026-09-30,90045,Los Angeles,California,2026-09-30,78.1,69.4,Sunny
2026-09-30,90045,Los Angeles,California,2026-10-01,78.8,69.5,Sunny
2026-09-30,90045,Los Angeles,California,2026-10-02,83.0,72.5,Sunny
2026-09-30,10001,New York,New York,2026-09-30,77.4,61.9,Overcast
2026-09-30,10001,New York,New York,2026-10-01,78.8,66.5,Overcast
2026-09-30,10001,New York,New York,2026-10-02,86.9,67.0,Sunny
2026-09-30,60601,Chicago,Illinois,2026-09-30,68.5,63.0,Overcast
2026-09-30,60601,Chicago,Illinois,2026-10-01,73.1,65.5,Overcast
2026-09-30,60601,Chicago,Illinois,2026-10-02,63.3,56.2,Sunny
2026-09-30,98101,Seattle,Washington,2026-09-30,64.5,52.3,Overcast
2026-09-30,98101,Seattle,Washington,2026-10-01,64.4,48.6,Overcast
2026-09-30,98101,Seattle,Washington,2026-10-02,70.5,55.5,Overcast
2026-09-30,33101,Miami,Florida,2026-09-30,85.5,80.4,Light rain shower
2026-09-30,33101,Miami,Florida,2026-10-01,86.8,81.2,Overcast
2026-09-30,33101,Miami,Florida,2026-10-02,86.9,83.3,Patchy rain nearby
2026-09-30,77001,Houston,Texas,2026-09-30,91.7,79.2,Patchy rain nearby
2026-09-30,77001,Houston,Texas,2026-10-01,89.9,78.7,Patchy rain nearby
2026-09-30,77001,Houston,Texas,2026-10-02,87.7,76.8,Light rain shower
2026-09-30,85001,Phoenix,Arizona,2026-09-30,84.7,72.9,Sunny
2026-09-30,85001,Phoenix,Arizona,2026-10-01,89.6,77.1,Sunny
2026-09-30,85001,Phoenix,Arizona,2026-10-02,94.9,80.2,Sunny
2026-09-30,19101,Philadelphia,Pennsylvania,2026-09-30,77.7,61.1,Overcast
2026-09-30,19101,Philadelphia,Pennsylvania,2026-10-01,81.4,63.8,Overcast
2026-09-30,19101,Philadelphia,Pennsylvania,2026-10-02,85.6,64.9,Sunny
2026-09-30,78201,San Antonio,Texas,2026-09-30,89.2,74.6,Patchy rain nearby
2026-09-30,78201,San Antonio,Texas,2026-10-01,85.2,70.2,Patchy rain nearby
2026-09-30,78201,San Antonio,Texas,2026-10-02,80.3,70.2,Light rain shower
2026-09-30,92101,San Diego,California,2026-09-30,73.7,70.0,Sunny
2026-09-30,92101,San Diego,California,2026-10-01,76.1,69.9,Sunny
2026-09-30,92101,San Diego,California,2026-10-02,79.0,72.4,Sunny
2026-09-30,75201,Dallas,Texas,2026-09-30,92.7,75.9,Overcast
2026-09-30,75201,Dallas,Texas,2026-10-01,79.2,70.6,Light rain shower
2026-09-30,75201,Dallas,Texas,2026-10-02,75.1,71.0,Light rain shower
2026-09-30,95101,San Jose,California,2026-09-30,90.0,59.4,Sunny
2026-09-30,95101,San Jose,California,2026-10-01,92.5,59.2,Sunny
2026-09-30,95101,San Jose,California,2026-10-02,91.2,63.6,Overcast
2026-09-30,78701,Austin,Texas,2026-09-30,90.9,73.9,Overcast
2026-09-30,78701,Austin,Texas,2026-10-01,88.1,72.8,Patchy rain nearby
2026-09-30,78701,Austin,Texas,2026-10-02,79.6,72.1,Light rain shower
2026-09-30,30301,Atlanta,Georgia,2026-09-30,87.1,65.4,Sunny
2026-09-30,30301,Atlanta,Georgia,2026-10-01,87.5,68.9,Sunny
2026-09-30,30301,Atlanta,Georgia,2026-10-02,86.1,69.7,Sunny
2026-09-30,28201,Charlotte,North Carolina,2026-09-30,85.2,64.9,Sunny
2026-09-30,28201,Charlotte,North Carolina,2026-10-01,86.4,66.6,Sunny
2026-09-30,28201,Charlotte,North Carolina,2026-10-02,87.7,67.1,Sunny
2026-09-30,80201,Denver,Colorado,2026-09-30,62.7,54.2,Overcast
2026-09-30,80201,Denver,Colorado,2026-10-01,68.1,51.5,Sunny
2026-09-30,80201,Denver,Colorado,2026-10-02,75.7,49.7,Sunny
2026-09-30,37201,Nashville,Tennessee,2026-09-30,88.5,67.1,Sunny
2026-09-30,37201,Nashville,Tennessee,2026-10-01,91.2,71.3,Sunny
2026-09-30,37201,Nashville,Tennessee,2026-10-02,88.0,70.5,Sunny
2026-09-30,97201,Portland,Oregon,2026-09-30,71.3,58.0,Overcast
2026-09-30,97201,Portland,Oregon,2026-10-01,73.5,53.8,Overcast
2026-09-30,97201,Portland,Oregon,2026-10-02,76.7,56.2,Sunny
2026-09-30,89101,Las Vegas,Nevada,2026-09-30,87.4,73.3,Sunny
2026-09-30,89101,Las Vegas,Nevada,2026-10-01,88.3,74.2,Sunny
2026-09-30,89101,Las Vegas,Nevada,2026-10-02,90.5,76.8,Sunny
2026-09-30,02101,Boston,Massachusetts,2026-09-30,70.8,58.9,Overcast
2026-09-30,02101,Boston,Massachusetts,2026-10-01,78.3,60.8,Overcast
2026-09-30,02101,Boston,Massachusetts,2026-10-02,83.7,65.4,Sunny
2026-10-01,90045,Los Angeles,California,2026-10-01,79.3,69.8,Sunny
2026-10-01,90045,Los Angeles,California,2026-10-02,86.3,73.4,Sunny
2026-10-01,90045,Los Angeles,California,2026-10-03,89.4,79.4,Sunny
2026-10-01,10001,New York,New York,2026-10-01,69.8,66.1,Overcast
2026-10-01,10001,New York,New York,2026-10-02,84.6,65.6,Overcast
2026-10-01,10001,New York,New York,2026-10-03,70.8,59.6,Sunny
2026-10-01,60601,Chicago,Illinois,2026-10-01,66.0,63.6,Patchy rain nearby
2026-10-01,60601,Chicago,Illinois,2026-10-02,62.6,57.6,Sunny
2026-10-01,60601,Chicago,Illinois,2026-10-03,65.9,53.5,Sunny
2026-10-01,98101,Seattle,Washington,2026-10-01,62.4,52.5,Overcast
2026-10-01,98101,Seattle,Washington,2026-10-02,61.5,53.3,Overcast
2026-10-01,98101,Seattle,Washington,2026-10-03,69.2,51.8,Sunny
2026-10-01,33101,Miami,Florida,2026-10-01,86.4,80.2,Light rain shower
2026-10-01,33101,Miami,Florida,2026-10-02,87.4,83.1,Patchy rain nearby
2026-10-01,33101,Miami,Florida,2026-10-03,87.3,83.1,Patchy rain nearby
2026-10-01,77001,Houston,Texas,2026-10-01,90.0,78.9,Patchy rain nearby
2026-10-01,77001,Houston,Texas,2026-10-02,87.6,73.4,Light rain shower
2026-10-01,77001,Houston,Texas,2026-10-03,91.2,74.4,Overcast
2026-10-01,85001,Phoenix,Arizona,2026-10-01,89.1,74.8,Sunny
2026-10-01,85001,Phoenix,Arizona,2026-10-02,93.3,79.1,Sunny
2026-10-01,85001,Phoenix,Arizona,2026-10-03,93.4,79.9,Sunny
2026-10-01,19101,Philadelphia,Pennsylvania,2026-10-01,81.9,64.5,Overcast
2026-10-01,19101,Philadelphia,Pennsylvania,2026-10-02,85.9,64.7,Overcast
2026-10-01,19101,Philadelphia,Pennsylvania,2026-10-03,71.1,57.6,Sunny
2026-10-01,78201,San Antonio,Texas,2026-10-01,87.2,75.5,Patchy rain nearby
2026-10-01,78201,San Antonio,Texas,2026-10-02,79.5,69.8,Light rain shower
2026-10-01,78201,San Antonio,Texas,2026-10-03,82.5,71.1,Light rain shower
2026-10-01,92101,San Diego,California,2026-10-01,77.2,70.4,Sunny
2026-10-01,92101,San Diego,California,2026-10-02,79.7,72.8,Sunny
2026-10-01,92101,San Diego,California,2026-10-03,88.0,75.6,Sunny
2026-10-01,75201,Dallas,Texas,2026-10-01,80.4,69.7,Moderate or heavy rain shower
2026-10-01,75201,Dallas,Texas,2026-10-02,80.3,70.1,Light rain shower
2026-10-01,75201,Dallas,Texas,2026-10-03,80.4,71.3,Overcast
2026-10-01,95101,San Jose,California,2026-10-01,92.6,59.4,Sunny
2026-10-01,95101,San Jose,California,2026-10-02,91.0,63.8,Overcast
2026-10-01,95101,San Jose,California,2026-10-03,96.7,65.6,Sunny
2026-10-01,78701,Austin,Texas,2026-10-01,90.6,75.8,Patchy rain nearby
2026-10-01,78701,Austin,Texas,2026-10-02,80.1,71.5,Overcast
2026-10-01,78701,Austin,Texas,2026-10-03,82.4,73.0,Patchy rain nearby
2026-10-01,30301,Atlanta,Georgia,2026-10-01,87.3,67.5,Sunny
2026-10-01,30301,Atlanta,Georgia,2026-10-02,84.0,69.9,Light rain shower
2026-10-01,30301,Atlanta,Georgia,2026-10-03,84.9,68.0,Light rain shower
2026-10-01,28201,Charlotte,North Carolina,2026-10-01,86.7,65.4,Sunny
2026-10-01,28201,Charlotte,North Carolina,2026-10-02,89.6,68.6,Sunny
2026-10-01,28201,Charlotte,North Carolina,2026-10-03,79.0,57.3,Patchy rain nearby
2026-10-01,80201,Denver,Colorado,2026-10-01,68.1,53.0,Sunny
2026-10-01,80201,Denver,Colorado,2026-10-02,78.9,52.0,Sunny
2026-10-01,80201,Denver,Colorado,2026-10-03,79.9,58.1,Sunny
2026-10-01,37201,Nashville,Tennessee,2026-10-01,91.7,71.1,Overcast
2026-10-01,37201,Nashville,Tennessee,2026-10-02,83.4,67.0,Overcast
2026-10-01,37201,Nashville,Tennessee,2026-10-03,81.8,62.3,Overcast
2026-10-01,97201,Portland,Oregon,2026-10-01,75.8,55.6,Overcast
2026-10-01,97201,Portland,Oregon,2026-10-02,78.6,57.6,Sunny
2026-10-01,97201,Portland,Oregon,2026-10-03,78.4,54.6,Sunny
2026-10-01,89101,Las Vegas,Nevada,2026-10-01,87.4,74.2,Sunny
2026-10-01,89101,Las Vegas,Nevada,2026-10-02,89.3,77.2,Sunny
2026-10-01,89101,Las Vegas,Nevada,2026-10-03,90.1,78.6,Sunny
2026-10-01,02101,Boston,Massachusetts,2026-10-01,75.5,60.0,Overcast
2026-10-01,02101,Boston,Massachusetts,2026-10-02,80.0,64.2,Overcast
2026-10-01,02101,Boston,Massachusetts,2026-10-03,65.6,54.7,Sunny
2026-10-02,90045,Los Angeles,California,2026-10-02,94.3,61.5,Sunny
2026-10-02,90045,Los Angeles,California,2026-10-03,92.7,81.7,Sunny
2026-10-02,90045,Los Angeles,California,2026-10-04,94.0,83.2,Sunny
2026-10-02,10001,New York,New York,2026-10-02,86.0,64.4,Overcast
2026-10-02,10001,New York,New York,2026-10-03,73.4,62.1,Overcast
2026-10-02,10001,New York,New York,2026-10-04,66.4,59.7,Overcast
2026-10-02,60601,Chicago,Illinois,2026-10-02,66.6,56.6,Sunny
2026-10-02,60601,Chicago,Illinois,2026-10-03,63.5,53.1,Sunny
2026-10-02,60601,Chicago,Illinois,2026-10-04,67.6,55.5,Sunny
2026-10-02,98101,Seattle,Washington,2026-10-02,73.0,51.3,Overcast
2026-10-02,98101,Seattle,Washington,2026-10-03,70.7,52.2,Sunny
2026-10-02,98101,Seattle,Washington,2026-10-04,74.4,54.2,Sunny
2026-10-02,33101,Miami,Florida,2026-10-02,84.4,75.4,Overcast
2026-10-02,33101,Miami,Florida,2026-10-03,86.1,81.8,Patchy rain nearby
2026-10-02,33101,Miami,Florida,2026-10-04,86.2,82.2,Patchy rain nearby
2026-10-02,77001,Houston,Texas,2026-10-02,88.0,78.1,Light rain shower
2026-10-02,77001,Houston,Texas,2026-10-03,91.4,75.4,Overcast
2026-10-02,77001,Houston,Texas,2026-10-04,82.4,74.9,Overcast
2026-10-02,85001,Phoenix,Arizona,2026-10-02,100.0,73.2,Sunny
2026-10-02,85001,Phoenix,Arizona,2026-10-03,92.4,78.9,Sunny
2026-10-02,85001,Phoenix,Arizona,2026-10-04,93.3,81.0,Sunny
2026-10-02,19101,Philadelphia,Pennsylvania,2026-10-02,85.8,64.6,Overcast
2026-10-02,19101,Philadelphia,Pennsylvania,2026-10-03,69.2,59.6,Overcast
2026-10-02,19101,Philadelphia,Pennsylvania,2026-10-04,62.6,58.1,Overcast
2026-10-02,78201,San Antonio,Texas,2026-10-02,79.2,72.9,Light rain shower
2026-10-02,78201,San Antonio,Texas,2026-10-03,76.9,70.9,Light rain shower
2026-10-02,78201,San Antonio,Texas,2026-10-04,79.6,70.4,Cloudy
2026-10-02,92101,San Diego,California,2026-10-02,103.3,65.1,Sunny
2026-10-02,92101,San Diego,California,2026-10-03,88.9,78.7,Sunny
2026-10-02,92101,San Diego,California,2026-10-04,91.0,80.4,Sunny
2026-10-02,75201,Dallas,Texas,2026-10-02,78.7,72.3,Overcast
2026-10-02,75201,Dallas,Texas,2026-10-03,76.0,69.9,Patchy rain nearby
2026-10-02,75201,Dallas,Texas,2026-10-04,79.7,71.9,Overcast
2026-10-02,95101,San Jose,California,2026-10-02,92.1,56.7,Overcast
2026-10-02,95101,San Jose,California,2026-10-03,96.1,66.3,Sunny
2026-10-02,95101,San Jose,California,2026-10-04,96.5,69.8,Sunny
2026-10-02,78701,Austin,Texas,2026-10-02,77.5,73.0,Overcast
2026-10-02,78701,Austin,Texas,2026-10-03,74.9,70.7,Patchy rain nearby
2026-10-02,78701,Austin,Texas,2026-10-04,79.5,71.6,Overcast
2026-10-02,30301,Atlanta,Georgia,2026-10-02,91.8,64.9,Patchy rain nearby
2026-10-02,30301,Atlanta,Georgia,2026-10-03,78.3,69.8,Light rain shower
2026-10-02,30301,Atlanta,Georgia,2026-10-04,70.8,68.1,Light rain shower
2026-10-02,28201,Charlotte,North Carolina,2026-10-02,94.6,59.2,Sunny
2026-10-02,28201,Charlotte,North Carolina,2026-10-03,78.8,65.0,Light rain shower
2026-10-02,28201,Charlotte,North Carolina,2026-10-04,63.8,60.2,Mist
2026-10-02,80201,Denver,Colorado,2026-10-02,81.2,52.0,Sunny
2026-10-02,80201,Denver,Colorado,2026-10-03,83.4,58.9,Sunny
2026-10-02,80201,Denver,Colorado,2026-10-04,79.7,53.6,Sunny
2026-10-02,37201,Nashville,Tennessee,2026-10-02,88.0,69.6,Light rain shower
2026-10-02,37201,Nashville,Tennessee,2026-10-03,68.4,64.5,Light rain shower
2026-10-02,37201,Nashville,Tennessee,2026-10-04,75.7,64.6,Overcast
2026-10-02,97201,Portland,Oregon,2026-10-02,77.4,56.3,Sunny
2026-10-02,97201,Portland,Oregon,2026-10-03,80.7,56.2,Sunny
2026-10-02,97201,Portland,Oregon,2026-10-04,82.6,58.0,Sunny
2026-10-02,89101,Las Vegas,Nevada,2026-10-02,99.9,68.9,Sunny
2026-10-02,89101,Las Vegas,Nevada,2026-10-03,91.3,79.1,Sunny
2026-10-02,89101,Las Vegas,Nevada,2026-10-04,91.6,78.9,Sunny
2026-10-02,02101,Boston,Massachusetts,2026-10-02,81.7,64.4,Overcast
2026-10-02,02101,Boston,Massachusetts,2026-10-03,65.4,56.2,Sunny
2026-10-02,02101,Boston,Massachusetts,2026-10-04,63.3,55.2,Sunny
2026-10-03,90045,Los Angeles,California,2026-10-03,91.3,68.9,Sunny
2026-10-03,90045,Los Angeles,California,2026-10-04,92.7,80.7,Sunny
2026-10-03,90045,Los Angeles,California,2026-10-05,92.9,81.5,Sunny
2026-10-03,10001,New York,New York,2026-10-03,73.4,61.7,Sunny
2026-10-03,10001,New York,New York,2026-10-04,67.8,61.4,Overcast
2026-10-03,10001,New York,New York,2026-10-05,72.0,58.8,Overcast
2026-10-03,60601,Chicago,Illinois,2026-10-03,66.8,55.6,Sunny
2026-10-03,60601,Chicago,Illinois,2026-10-04,70.7,57.0,Sunny
2026-10-03,60601,Chicago,Illinois,2026-10-05,63.2,57.5,Sunny
2026-10-03,98101,Seattle,Washington,2026-10-03,72.1,54.5,Sunny
2026-10-03,98101,Seattle,Washington,2026-10-04,75.6,52.9,Sunny
2026-10-03,98101,Seattle,Washington,2026-10-05,73.7,53.8,Overcast
2026-10-03,33101,Miami,Florida,2026-10-03,86.0,79.3,Patchy rain nearby
2026-10-03,33101,Miami,Florida,2026-10-04,86.0,82.4,Patchy rain nearby
2026-10-03,33101,Miami,Florida,2026-10-05,86.0,81.2,Patchy rain nearby
2026-10-03,77001,Houston,Texas,2026-10-03,84.5,75.7,Light rain shower
2026-10-03,77001,Houston,Texas,2026-10-04,76.6,73.0,Overcast
2026-10-03,77001,Houston,Texas,2026-10-05,89.8,74.2,Overcast
2026-10-03,85001,Phoenix,Arizona,2026-10-03,95.2,77.7,Sunny
2026-10-03,85001,Phoenix,Arizona,2026-10-04,96.1,82.4,Sunny
2026-10-03,85001,Phoenix,Arizona,2026-10-05,95.7,83.3,Sunny
2026-10-03,19101,Philadelphia,Pennsylvania,2026-10-03,72.9,60.7,Overcast
2026-10-03,19101,Philadelphia,Pennsylvania,2026-10-04,64.6,61.0,Patchy rain nearby
2026-10-03,19101,Philadelphia,Pennsylvania,2026-10-05,71.7,57.5,Overcast
2026-10-03,78201,San Antonio,Texas,2026-10-03,84.2,72.5,Light rain shower
2026-10-03,78201,San Antonio,Texas,2026-10-04,83.7,71.8,Partly Cloudy
2026-10-03,78201,San Antonio,Texas,2026-10-05,86.8,73.7,Sunny
2026-10-03,92101,San Diego,California,2026-10-03,92.2,69.3,Sunny
2026-10-03,92101,San Diego,California,2026-10-04,90.9,81.4,Sunny
2026-10-03,92101,San Diego,California,2026-10-05,88.5,76.6,Sunny
2026-10-03,75201,Dallas,Texas,2026-10-03,74.4,71.1,Patchy rain nearby
2026-10-03,75201,Dallas,Texas,2026-10-04,81.9,70.6,Overcast
2026-10-03,75201,Dallas,Texas,2026-10-05,84.1,74.2,Sunny
2026-10-03,95101,San Jose,California,2026-10-03,99.2,60.8,Sunny
2026-10-03,95101,San Jose,California,2026-10-04,98.8,69.0,Overcast
2026-10-03,95101,San Jose,California,2026-10-05,100.1,68.8,Sunny
2026-10-03,78701,Austin,Texas,2026-10-03,80.6,73.4,Overcast
2026-10-03,78701,Austin,Texas,2026-10-04,84.2,71.3,Overcast
2026-10-03,78701,Austin,Texas,2026-10-05,86.8,74.8,Sunny
2026-10-03,30301,Atlanta,Georgia,2026-10-03,86.9,71.8,Patchy rain nearby
2026-10-03,30301,Atlanta,Georgia,2026-10-04,74.5,68.0,Moderate rain
2026-10-03,30301,Atlanta,Georgia,2026-10-05,81.9,67.3,Sunny
2026-10-03,28201,Charlotte,North Carolina,2026-10-03,81.2,64.4,Light rain shower
2026-10-03,28201,Charlotte,North Carolina,2026-10-04,63.4,60.3,Light rain
2026-10-03,28201,Charlotte,North Carolina,2026-10-05,75.8,63.1,Overcast
2026-10-03,80201,Denver,Colorado,2026-10-03,81.5,57.2,Sunny
2026-10-03,80201,Denver,Colorado,2026-10-04,80.4,54.0,Sunny
2026-10-03,80201,Denver,Colorado,2026-10-05,85.0,58.8,Sunny
2026-10-03,37201,Nashville,Tennessee,2026-10-03,81.5,62.7,Overcast
2026-10-03,37201,Nashville,Tennessee,2026-10-04,79.9,69.1,Overcast
2026-10-03,37201,Nashville,Tennessee,2026-10-05,80.0,59.7,Sunny
2026-10-03,97201,Portland,Oregon,2026-10-03,80.8,55.7,Sunny
2026-10-03,97201,Portland,Oregon,2026-10-04,83.3,57.3,Sunny
2026-10-03,97201,Portland,Oregon,2026-10-05,78.3,58.6,Overcast
2026-10-03,89101,Las Vegas,Nevada,2026-10-03,93.6,71.1,Sunny
2026-10-03,89101,Las Vegas,Nevada,2026-10-04,94.7,71.8,Sunny
2026-10-03,89101,Las Vegas,Nevada,2026-10-05,91.6,70.1,Sunny
2026-10-03,02101,Boston,Massachusetts,2026-10-03,65.1,56.1,Sunny
2026-10-03,02101,Boston,Massachusetts,2026-10-04,62.8,55.4,Overcast
2026-10-03,02101,Boston,Massachusetts,2026-10-05,70.4,53.8,Overcast
2026-10-04,90045,Los Angeles,California,2026-10-04,93.7,79.9,Sunny
2026-10-04,90045,Los Angeles,California,2026-10-05,91.0,79.7,Sunny
2026-10-04,90045,Los Angeles,California,2026-10-06,86.5,77.2,Sunny
2026-10-04,10001,New York,New York,2026-10-04,64.8,60.5,Overcast
2026-10-04,10001,New York,New York,2026-10-05,68.4,58.3,Overcast
2026-10-04,10001,New York,New York,2026-10-06,65.7,50.0,Sunny
2026-10-04,60601,Chicago,Illinois,2026-10-04,70.5,57.7,Sunny
2026-10-04,60601,Chicago,Illinois,2026-10-05,63.1,56.7,Sunny
2026-10-04,60601,Chicago,Illinois,2026-10-06,71.7,54.2,Sunny
2026-10-04,98101,Seattle,Washington,2026-10-04,75.8,53.1,Sunny
2026-10-04,98101,Seattle,Washington,2026-10-05,71.7,53.9,Sunny
2026-10-04,98101,Seattle,Washington,2026-10-06,68.9,51.8,Sunny
2026-10-04,33101,Miami,Florida,2026-10-04,87.1,83.0,Sunny
2026-10-04,33101,Miami,Florida,2026-10-05,86.4,82.4,Patchy rain nearby
2026-10-04,33101,Miami,Florida,2026-10-06,86.2,81.4,Patchy rain nearby
2026-10-04,77001,Houston,Texas,2026-10-04,80.2,73.9,Patchy rain nearby
2026-10-04,77001,Houston,Texas,2026-10-05,87.4,72.8,Cloudy
2026-10-04,77001,Houston,Texas,2026-10-06,89.4,73.4,Cloudy
2026-10-04,85001,Phoenix,Arizona,2026-10-04,96.3,81.7,Sunny
2026-10-04,85001,Phoenix,Arizona,2026-10-05,95.4,82.7,Sunny
2026-10-04,85001,Phoenix,Arizona,2026-10-06,95.1,84.0,Sunny
2026-10-04,19101,Philadelphia,Pennsylvania,2026-10-04,63.2,59.2,Overcast
2026-10-04,19101,Philadelphia,Pennsylvania,2026-10-05,67.7,56.3,Sunny
2026-10-04,19101,Philadelphia,Pennsylvania,2026-10-06,64.3,49.5,Sunny
2026-10-04,78201,San Antonio,Texas,2026-10-04,76.5,72.1,Cloudy
2026-10-04,78201,San Antonio,Texas,2026-10-05,85.4,71.7,Sunny
2026-10-04,78201,San Antonio,Texas,2026-10-06,87.3,69.2,Sunny
2026-10-04,92101,San Diego,California,2026-10-04,85.5,80.4,Sunny
2026-10-04,92101,San Diego,California,2026-10-05,85.6,78.2,Sunny
2026-10-04,92101,San Diego,California,2026-10-06,82.1,76.8,Sunny
2026-10-04,75201,Dallas,Texas,2026-10-04,82.8,71.0,Patchy rain nearby
2026-10-04,75201,Dallas,Texas,2026-10-05,83.6,72.7,Sunny
2026-10-04,75201,Dallas,Texas,2026-10-06,85.0,68.8,Sunny
2026-10-04,95101,San Jose,California,2026-10-04,98.8,69.1,Overcast
2026-10-04,95101,San Jose,California,2026-10-05,98.0,67.4,Sunny
2026-10-04,95101,San Jose,California,2026-10-06,98.3,68.3,Sunny
2026-10-04,78701,Austin,Texas,2026-10-04,76.7,72.1,Patchy rain nearby
2026-10-04,78701,Austin,Texas,2026-10-05,85.5,71.5,Sunny
2026-10-04,78701,Austin,Texas,2026-10-06,87.7,70.3,Sunny
2026-10-04,30301,Atlanta,Georgia,2026-10-04,77.0,68.6,Light rain shower
2026-10-04,30301,Atlanta,Georgia,2026-10-05,83.5,68.0,Mist
2026-10-04,30301,Atlanta,Georgia,2026-10-06,81.2,66.0,Sunny
2026-10-04,28201,Charlotte,North Carolina,2026-10-04,75.5,61.8,Overcast
2026-10-04,28201,Charlotte,North Carolina,2026-10-05,80.0,65.4,Sunny
2026-10-04,28201,Charlotte,North Carolina,2026-10-06,76.6,58.5,Sunny
2026-10-04,80201,Denver,Colorado,2026-10-04,80.5,54.2,Sunny
2026-10-04,80201,Denver,Colorado,2026-10-05,85.4,59.9,Sunny
2026-10-04,80201,Denver,Colorado,2026-10-06,83.3,61.5,Overcast
2026-10-04,37201,Nashville,Tennessee,2026-10-04,79.1,66.4,Overcast
2026-10-04,37201,Nashville,Tennessee,2026-10-05,79.8,59.2,Sunny
2026-10-04,37201,Nashville,Tennessee,2026-10-06,82.6,56.9,Sunny
2026-10-04,97201,Portland,Oregon,2026-10-04,82.4,56.8,Sunny
2026-10-04,97201,Portland,Oregon,2026-10-05,78.8,57.4,Sunny
2026-10-04,97201,Portland,Oregon,2026-10-06,75.1,54.8,Sunny
2026-10-04,89101,Las Vegas,Nevada,2026-10-04,94.3,71.7,Sunny
2026-10-04,89101,Las Vegas,Nevada,2026-10-05,92.0,70.3,Sunny
2026-10-04,89101,Las Vegas,Nevada,2026-10-06,93.0,71.7,Sunny
2026-10-04,02101,Boston,Massachusetts,2026-10-04,63.2,55.3,Overcast
2026-10-04,02101,Boston,Massachusetts,2026-10-05,66.8,52.4,Sunny
2026-10-04,02101,Boston,Massachusetts,2026-10-06,60.1,44.6,Sunny
2026-10-05,90045,Los Angeles,California,2026-10-05,91.9,80.4,Sunny
2026-10-05,90045,Los Angeles,California,2026-10-06,88.2,78.8,Sunny
2026-10-05,90045,Los Angeles,California,2026-10-07,85.6,75.0,Sunny
2026-10-05,10001,New York,New York,2026-10-05,70.2,57.6,Sunny
2026-10-05,10001,New York,New York,2026-10-06,63.9,49.2,Sunny
2026-10-05,10001,New York,New York,2026-10-07,70.9,53.3,Sunny
2026-10-05,60601,Chicago,Illinois,2026-10-05,63.3,57.8,Sunny
2026-10-05,60601,Chicago,Illinois,2026-10-06,71.0,54.3,Sunny
2026-10-05,60601,Chicago,Illinois,2026-10-07,74.1,61.6,Overcast
2026-10-05,98101,Seattle,Washington,2026-10-05,72.6,53.6,Sunny
2026-10-05,98101,Seattle,Washington,2026-10-06,69.4,53.0,Overcast
2026-10-05,98101,Seattle,Washington,2026-10-07,71.0,50.5,Sunny
2026-10-05,33101,Miami,Florida,2026-10-05,86.4,82.7,Overcast
2026-10-05,33101,Miami,Florida,2026-10-06,86.3,81.5,Sunny
2026-10-05,33101,Miami,Florida,2026-10-07,87.1,80.6,Overcast
2026-10-05,77001,Houston,Texas,2026-10-05,85.3,72.1,Patchy rain nearby
2026-10-05,77001,Houston,Texas,2026-10-06,88.3,74.2,Sunny
2026-10-05,77001,Houston,Texas,2026-10-07,89.9,74.6,Sunny
2026-10-05,85001,Phoenix,Arizona,2026-10-05,95.2,82.7,Sunny
2026-10-05,85001,Phoenix,Arizona,2026-10-06,95.9,83.7,Sunny
2026-10-05,85001,Phoenix,Arizona,2026-10-07,98.6,85.8,Sunny
2026-10-05,19101,Philadelphia,Pennsylvania,2026-10-05,69.1,55.2,Sunny
2026-10-05,19101,Philadelphia,Pennsylvania,2026-10-06,62.9,48.5,Sunny
2026-10-05,19101,Philadelphia,Pennsylvania,2026-10-07,71.6,50.3,Sunny
2026-10-05,78201,San Antonio,Texas,2026-10-05,86.4,70.7,Sunny
2026-10-05,78201,San Antonio,Texas,2026-10-06,87.7,70.0,Sunny
2026-10-05,78201,San Antonio,Texas,2026-10-07,87.6,70.9,Patchy rain nearby
2026-10-05,92101,San Diego,California,2026-10-05,87.4,79.2,Sunny
2026-10-05,92101,San Diego,California,2026-10-06,82.7,77.0,Sunny
2026-10-05,92101,San Diego,California,2026-10-07,80.4,75.8,Sunny
2026-10-05,75201,Dallas,Texas,2026-10-05,83.2,70.6,Sunny
2026-10-05,75201,Dallas,Texas,2026-10-06,85.1,68.4,Sunny
2026-10-05,75201,Dallas,Texas,2026-10-07,88.0,71.1,Sunny
2026-10-05,95101,San Jose,California,2026-10-05,97.2,67.8,Sunny
2026-10-05,95101,San Jose,California,2026-10-06,97.2,68.9,Sunny
2026-10-05,95101,San Jose,California,2026-10-07,96.3,67.2,Sunny
2026-10-05,78701,Austin,Texas,2026-10-05,85.5,71.3,Sunny
2026-10-05,78701,Austin,Texas,2026-10-06,88.3,72.6,Sunny
2026-10-05,78701,Austin,Texas,2026-10-07,90.2,73.8,Sunny
2026-10-05,30301,Atlanta,Georgia,2026-10-05,80.5,69.7,Patchy rain nearby
2026-10-05,30301,Atlanta,Georgia,2026-10-06,81.7,65.7,Sunny
2026-10-05,30301,Atlanta,Georgia,2026-10-07,82.8,63.3,Sunny
2026-10-05,28201,Charlotte,North Carolina,2026-10-05,77.4,64.7,Overcast
2026-10-05,28201,Charlotte,North Carolina,2026-10-06,77.1,57.3,Sunny
2026-10-05,28201,Charlotte,North Carolina,2026-10-07,80.7,58.8,Sunny
2026-10-05,80201,Denver,Colorado,2026-10-05,85.4,58.9,Sunny
2026-10-05,80201,Denver,Colorado,2026-10-06,84.1,62.5,Overcast
2026-10-05,80201,Denver,Colorado,2026-10-07,81.6,55.2,Sunny
2026-10-05,37201,Nashville,Tennessee,2026-10-05,80.8,59.6,Sunny
2026-10-05,37201,Nashville,Tennessee,2026-10-06,82.8,56.7,Sunny
2026-10-05,37201,Nashville,Tennessee,2026-10-07,86.9,65.5,Sunny
2026-10-05,97201,Portland,Oregon,2026-10-05,79.6,57.8,Sunny
2026-10-05,97201,Portland,Oregon,2026-10-06,75.2,55.0,Sunny
2026-10-05,97201,Portland,Oregon,2026-10-07,76.9,52.3,Sunny
2026-10-05,89101,Las Vegas,Nevada,2026-10-05,92.2,71.1,Sunny
2026-10-05,89101,Las Vegas,Nevada,2026-10-06,93.6,73.1,Sunny
2026-10-05,89101,Las Vegas,Nevada,2026-10-07,95.5,74.8,Sunny
2026-10-05,02101,Boston,Massachusetts,2026-10-05,68.1,53.6,Sunny
2026-10-05,02101,Boston,Massachusetts,2026-10-06,60.0,44.1,Sunny
2026-10-05,02101,Boston,Massachusetts,2026-10-07,66.6,44.5,Sunny
